evidence_candidate_id,evidence_unit_id,rule_id,rule_type,referenced_rule_status,severity,candidate_id,item_sequence,product_id,product_name,ingredient_ids,ingredient_names,ingredient_scope,document_type,source_id,source_url,source_version,source_pdf_sha256,source_page_text_sha256,retrieved_at,retrieved_at_utc,raw_candidate_source_locator,raw_candidate_evidence_text,evidence_text_override,evidence_text_override_reason,shortlist_source_locator,shortlist_evidence_text,shortlist_changed_from_candidate,reviewed_source_locator,reviewed_evidence_text,operational_source_locator,operational_evidence_text,rule_scope,referenced_runtime_condition,rule_message_ko,next_action_ko,referenced_code_link,shortlist_rank,recommendation,evidence_status,candidate_operational_status,status_reason,analysis_status,analysis_exclusion_reason,duplicate_flag,duplicate_group,duplicate_location,duplicate_location_group_id,duplicate_text,duplicate_text_group_id,reviewer_id,reviewer_role,reviewed_at
EXP-OTC-01-NB-P1-B10-decongestant_hypertension,OTC-V51-EU-eb12fb18254cc242,OTC-RULE-014,decongestant_hypertension,released,high,EXP-OTC-01,201110646,MFDS-201110646,덱스피드연질캡슐(덱시부프로펜),ING-dexibuprofen,덱시부프로펜,product_authorized_ingredient_set_not_excerpt_attribution,NB,MFDS-NEDRUG-DETAIL,https://nedrug.mfds.go.kr/dsie/pdf/drb/201110646/NB,sha256:1fb48f840d563a2ee2e20c1cf8d9b5d4f5461704db10a8c0970512869889b394,1fb48f840d563a2ee2e20c1cf8d9b5d4f5461704db10a8c0970512869889b394,4442260523b9a3fef271fd850cfcd5889cf5a98cf7356f635e1047243badc889,2026-07-14,2026-07-14T02:56:31.878369+00:00,"사용상의주의사항 PDF p.1, 문단 10",질환의 병력이 없는 경우에도 마찬가지로 적용된다. 환자는 중대한 심혈관계 독성의 징후 및/또는 증상 및 이,false,,,,false,,,,,pancol_a_phenylephrine_hypertension,item_sequence=196800036|flags=decongestant_hypertension,고혈압 또는 심혈관질환에서 비충혈제거제 주의가 필요할 수 있습니다.,복용 전 의사 또는 약사와 상담하세요.,src/lib/otc/engine.ts:1051,,,provisional,inactive_candidate,machine_candidate_not_shortlisted,included,,true,text:OTC-V51-TEXT-505a7d643b33b60b,false,,true,OTC-V51-TEXT-505a7d643b33b60b,,,
EXP-OTC-01-NB-P1-B12-decongestant_hypertension,OTC-V51-EU-6e2d43c93d1ce298,OTC-RULE-014,decongestant_hypertension,released,high,EXP-OTC-01,201110646,MFDS-201110646,덱스피드연질캡슐(덱시부프로펜),ING-dexibuprofen,덱시부프로펜,product_authorized_ingredient_set_not_excerpt_attribution,NB,MFDS-NEDRUG-DETAIL,https://nedrug.mfds.go.kr/dsie/pdf/drb/201110646/NB,sha256:1fb48f840d563a2ee2e20c1cf8d9b5d4f5461704db10a8c0970512869889b394,1fb48f840d563a2ee2e20c1cf8d9b5d4f5461704db10a8c0970512869889b394,4442260523b9a3fef271fd850cfcd5889cf5a98cf7356f635e1047243badc889,2026-07-14,2026-07-14T02:56:31.878369+00:00,"사용상의주의사항 PDF p.1, 문단 12","조절되지 않는 고혈압, 울혈심부전증(NYHA II-III), 확립된 허혈성 심장질환, 말초동맥질환, 뇌혈관질환을 가",false,,,,false,,,,,pancol_a_phenylephrine_hypertension,item_sequence=196800036|flags=decongestant_hypertension,고혈압 또는 심혈관질환에서 비충혈제거제 주의가 필요할 수 있습니다.,복용 전 의사 또는 약사와 상담하세요.,src/lib/otc/engine.ts:1051,,,provisional,inactive_candidate,machine_candidate_not_shortlisted,included,,true,text:OTC-V51-TEXT-edc7dea5461e60fb,false,,true,OTC-V51-TEXT-edc7dea5461e60fb,,,
EXP-OTC-01-NB-P1-B14-decongestant_hypertension,OTC-V51-EU-dafb12039af1df61,OTC-RULE-014,decongestant_hypertension,released,high,EXP-OTC-01,201110646,MFDS-201110646,덱스피드연질캡슐(덱시부프로펜),ING-dexibuprofen,덱시부프로펜,product_authorized_ingredient_set_not_excerpt_attribution,NB,MFDS-NEDRUG-DETAIL,https://nedrug.mfds.go.kr/dsie/pdf/drb/201110646/NB,sha256:1fb48f840d563a2ee2e20c1cf8d9b5d4f5461704db10a8c0970512869889b394,1fb48f840d563a2ee2e20c1cf8d9b5d4f5461704db10a8c0970512869889b394,4442260523b9a3fef271fd850cfcd5889cf5a98cf7356f635e1047243badc889,2026-07-14,2026-07-14T02:56:31.878369+00:00,"사용상의주의사항 PDF p.1, 문단 14","피해야 한다. 또한 심혈관계 위험 요소(예. 고혈압, 고지혈증, 당뇨병, 흡연)를 가지고 있는 환자가 고용량 덱",false,,,,false,,,,,pancol_a_phenylephrine_hypertension,item_sequence=196800036|flags=decongestant_hypertension,고혈압 또는 심혈관질환에서 비충혈제거제 주의가 필요할 수 있습니다.,복용 전 의사 또는 약사와 상담하세요.,src/lib/otc/engine.ts:1051,,,provisional,inactive_candidate,machine_candidate_not_shortlisted,included,,false,,false,,false,,,,
EXP-OTC-01-NB-P1-B23-age_restriction,OTC-V51-EU-680eb75592bf2271,OTC-RULE-005,age_restriction,released,high,EXP-OTC-01,201110646,MFDS-201110646,덱스피드연질캡슐(덱시부프로펜),ING-dexibuprofen,덱시부프로펜,product_authorized_ingredient_set_not_excerpt_attribution,NB,MFDS-NEDRUG-DETAIL,https://nedrug.mfds.go.kr/dsie/pdf/drb/201110646/NB,sha256:1fb48f840d563a2ee2e20c1cf8d9b5d4f5461704db10a8c0970512869889b394,1fb48f840d563a2ee2e20c1cf8d9b5d4f5461704db10a8c0970512869889b394,4442260523b9a3fef271fd850cfcd5889cf5a98cf7356f635e1047243badc889,2026-07-14,2026-07-14T02:56:31.878369+00:00,"사용상의주의사항 PDF p.1, 문단 23",응은 투여 기간 동안에 경고 증상 없이 발생할 수 있다. 고령자(노인)는 중대한 위장관계 이상반응의 위험이,false,,"사용상의주의사항 PDF p.1, 문단 23",응은 투여 기간 동안에 경고 증상 없이 발생할 수 있다. 고령자(노인)는 중대한 위장관계 이상반응의 위험이,false,,,,,tylenol500_minimum_age_12,item_sequence=202106092|minimum_age_years=12,입력한 연령에 적용되는 제한 또는 별도 용량 기준이 있습니다.,소아·고령자 용법을 제품 허가사항과 전문가에게 확인하세요.,src/lib/otc/engine.ts:971,2,alternative_context,needs_expert_review,inactive_candidate,shortlisted_context_not_expert_verified,included,,false,,false,,false,,,,
EXP-OTC-01-NB-P1-B27-gi_bleeding_ulcer,OTC-V51-EU-969f512912bd9558,OTC-RULE-009,gi_bleeding_ulcer,released,high,EXP-OTC-01,201110646,MFDS-201110646,덱스피드연질캡슐(덱시부프로펜),ING-dexibuprofen,덱시부프로펜,product_authorized_ingredient_set_not_excerpt_attribution,NB,MFDS-NEDRUG-DETAIL,https://nedrug.mfds.go.kr/dsie/pdf/drb/201110646/NB,sha256:1fb48f840d563a2ee2e20c1cf8d9b5d4f5461704db10a8c0970512869889b394,1fb48f840d563a2ee2e20c1cf8d9b5d4f5461704db10a8c0970512869889b394,4442260523b9a3fef271fd850cfcd5889cf5a98cf7356f635e1047243badc889,2026-07-14,2026-07-14T02:56:31.878369+00:00,"사용상의주의사항 PDF p.1, 문단 27","이 약을 투여하는 동안 위장관계 궤양 또는 출혈의 증상 및 징후에 대하여 신중히 모니터링 하여야 하며, 중증",false,,,,false,,,,,ibuprofen_gi_bleeding_or_ulcer,item_sequence=198601920|flags=gi_bleeding_ulcer,위장관 출혈 또는 궤양 위험과 관련된 제품이 포함되어 있습니다.,복용 전 의사 또는 약사와 상담하세요.,src/lib/otc/engine.ts:1030,,,provisional,inactive_candidate,machine_candidate_not_shortlisted,included,,false,,false,,false,,,,
EXP-OTC-01-NB-P1-B3-alcohol,OTC-V51-EU-fcde2ec872919e21,OTC-RULE-011,alcohol,released,high,EXP-OTC-01,201110646,MFDS-201110646,덱스피드연질캡슐(덱시부프로펜),ING-dexibuprofen,덱시부프로펜,product_authorized_ingredient_set_not_excerpt_attribution,NB,MFDS-NEDRUG-DETAIL,https://nedrug.mfds.go.kr/dsie/pdf/drb/201110646/NB,sha256:1fb48f840d563a2ee2e20c1cf8d9b5d4f5461704db10a8c0970512869889b394,1fb48f840d563a2ee2e20c1cf8d9b5d4f5461704db10a8c0970512869889b394,4442260523b9a3fef271fd850cfcd5889cf5a98cf7356f635e1047243badc889,2026-07-14,2026-07-14T02:56:31.878369+00:00,"사용상의주의사항 PDF p.1, 문단 3",1) 매일 3잔 이상 정기적으로 술을 마시는 사람이 이 약이나 다른 해열진통제를 복용해야 할 경우 반드시 의,false,,"사용상의주의사항 PDF p.1, 문단 3",1) 매일 3잔 이상 정기적으로 술을 마시는 사람이 이 약이나 다른 해열진통제를 복용해야 할 경우 반드시 의,false,,,,,acetaminophen_regular_alcohol_use,item_sequence=202106092|ingredient_id=ING-acetaminophen|flags=alcohol,음주와 함께 복용할 때 주의가 필요한 제품이 포함되어 있습니다.,음주 중 복용 전 약사 또는 의사와 상담하세요.,src/lib/otc/engine.ts:1044,2,alternative_context,needs_expert_review,inactive_candidate,shortlisted_context_not_expert_verified,included,,true,location:OTC-V51-EU-fcde2ec872919e21,true,OTC-V51-EU-fcde2ec872919e21,false,,,,
EXP-OTC-01-NB-P1-B3-duplicate_pharmacologic_class,OTC-V51-EU-fcde2ec872919e21,OTC-RULE-002,duplicate_pharmacologic_class,released,high,EXP-OTC-01,201110646,MFDS-201110646,덱스피드연질캡슐(덱시부프로펜),ING-dexibuprofen,덱시부프로펜,product_authorized_ingredient_set_not_excerpt_attribution,NB,MFDS-NEDRUG-DETAIL,https://nedrug.mfds.go.kr/dsie/pdf/drb/201110646/NB,sha256:1fb48f840d563a2ee2e20c1cf8d9b5d4f5461704db10a8c0970512869889b394,1fb48f840d563a2ee2e20c1cf8d9b5d4f5461704db10a8c0970512869889b394,4442260523b9a3fef271fd850cfcd5889cf5a98cf7356f635e1047243badc889,2026-07-14,2026-07-14T02:56:31.878369+00:00,"사용상의주의사항 PDF p.1, 문단 3",1) 매일 3잔 이상 정기적으로 술을 마시는 사람이 이 약이나 다른 해열진통제를 복용해야 할 경우 반드시 의,false,,"사용상의주의사항 PDF p.1, 문단 3",1) 매일 3잔 이상 정기적으로 술을 마시는 사람이 이 약이나 다른 해열진통제를 복용해야 할 경우 반드시 의,false,,,,,ibuprofen_and_other_NSAIDs,scope_only_no_structured_binding,같은 NSAID 계열 성분을 함께 복용할 수 있습니다.,함께 복용하지 말고 복용 전 약사 또는 의사와 상담하세요.,src/lib/otc/engine.ts:759,2,alternative_context,needs_expert_review,inactive_candidate,shortlisted_context_not_expert_verified,included,,true,location:OTC-V51-EU-fcde2ec872919e21,true,OTC-V51-EU-fcde2ec872919e21,false,,,,
EXP-OTC-01-NB-P1-B4-gi_bleeding_ulcer,OTC-V51-EU-50bc95b055413bff,OTC-RULE-009,gi_bleeding_ulcer,released,high,EXP-OTC-01,201110646,MFDS-201110646,덱스피드연질캡슐(덱시부프로펜),ING-dexibuprofen,덱시부프로펜,product_authorized_ingredient_set_not_excerpt_attribution,NB,MFDS-NEDRUG-DETAIL,https://nedrug.mfds.go.kr/dsie/pdf/drb/201110646/NB,sha256:1fb48f840d563a2ee2e20c1cf8d9b5d4f5461704db10a8c0970512869889b394,1fb48f840d563a2ee2e20c1cf8d9b5d4f5461704db10a8c0970512869889b394,4442260523b9a3fef271fd850cfcd5889cf5a98cf7356f635e1047243badc889,2026-07-14,2026-07-14T02:56:31.878369+00:00,"사용상의주의사항 PDF p.1, 문단 4",사 또는 약사와 상의해야 한다. 이러한 사람이 이 약을 복용하면 위장출혈이 유발될 수 있다.,false,,"사용상의주의사항 PDF p.1, 문단 4",사 또는 약사와 상의해야 한다. 이러한 사람이 이 약을 복용하면 위장출혈이 유발될 수 있다.,false,,,,,ibuprofen_gi_bleeding_or_ulcer,item_sequence=198601920|flags=gi_bleeding_ulcer,위장관 출혈 또는 궤양 위험과 관련된 제품이 포함되어 있습니다.,복용 전 의사 또는 약사와 상담하세요.,src/lib/otc/engine.ts:1030,2,alternative_context,needs_expert_review,inactive_candidate,shortlisted_context_not_expert_verified,included,,true,text:OTC-V51-TEXT-c339e9a702b3d921,false,,true,OTC-V51-TEXT-c339e9a702b3d921,,,
EXP-OTC-01-NB-P1-B5-decongestant_hypertension,OTC-V51-EU-caa8ac59debb9382,OTC-RULE-014,decongestant_hypertension,released,high,EXP-OTC-01,201110646,MFDS-201110646,덱스피드연질캡슐(덱시부프로펜),ING-dexibuprofen,덱시부프로펜,product_authorized_ingredient_set_not_excerpt_attribution,NB,MFDS-NEDRUG-DETAIL,https://nedrug.mfds.go.kr/dsie/pdf/drb/201110646/NB,sha256:1fb48f840d563a2ee2e20c1cf8d9b5d4f5461704db10a8c0970512869889b394,1fb48f840d563a2ee2e20c1cf8d9b5d4f5461704db10a8c0970512869889b394,4442260523b9a3fef271fd850cfcd5889cf5a98cf7356f635e1047243badc889,2026-07-14,2026-07-14T02:56:31.878369+00:00,"사용상의주의사항 PDF p.1, 문단 5",2) 심혈관계 위험: 이 약을 포함한 비스테로이드성 소염(항염)진통제는 중대한 심혈관계 혈전(혈관막힘) 반,false,,"사용상의주의사항 PDF p.1, 문단 5",2) 심혈관계 위험: 이 약을 포함한 비스테로이드성 소염(항염)진통제는 중대한 심혈관계 혈전(혈관막힘) 반,false,,,,,pancol_a_phenylephrine_hypertension,item_sequence=196800036|flags=decongestant_hypertension,고혈압 또는 심혈관질환에서 비충혈제거제 주의가 필요할 수 있습니다.,복용 전 의사 또는 약사와 상담하세요.,src/lib/otc/engine.ts:1051,2,alternative_context,needs_expert_review,inactive_candidate,shortlisted_context_not_expert_verified,included,,true,text:OTC-V51-TEXT-984fca6d824445a7,false,,true,OTC-V51-TEXT-984fca6d824445a7,,,
EXP-OTC-01-NB-P1-B7-decongestant_hypertension,OTC-V51-EU-e46f36cfcc8abff9,OTC-RULE-014,decongestant_hypertension,released,high,EXP-OTC-01,201110646,MFDS-201110646,덱스피드연질캡슐(덱시부프로펜),ING-dexibuprofen,덱시부프로펜,product_authorized_ingredient_set_not_excerpt_attribution,NB,MFDS-NEDRUG-DETAIL,https://nedrug.mfds.go.kr/dsie/pdf/drb/201110646/NB,sha256:1fb48f840d563a2ee2e20c1cf8d9b5d4f5461704db10a8c0970512869889b394,1fb48f840d563a2ee2e20c1cf8d9b5d4f5461704db10a8c0970512869889b394,4442260523b9a3fef271fd850cfcd5889cf5a98cf7356f635e1047243badc889,2026-07-14,2026-07-14T02:56:31.878369+00:00,"사용상의주의사항 PDF p.1, 문단 7",험이 증가될 수 있다. 심혈관계 질환 또는 심혈관계 질환의 위험 인자가 있는 환자에서는 더 위험할 수도 있,false,,,,false,,,,,pancol_a_phenylephrine_hypertension,item_sequence=196800036|flags=decongestant_hypertension,고혈압 또는 심혈관질환에서 비충혈제거제 주의가 필요할 수 있습니다.,복용 전 의사 또는 약사와 상담하세요.,src/lib/otc/engine.ts:1051,,,provisional,inactive_candidate,machine_candidate_not_shortlisted,included,,true,text:OTC-V51-TEXT-64408fa82c7f19f6,false,,true,OTC-V51-TEXT-64408fa82c7f19f6,,,
EXP-OTC-01-NB-P1-B9-decongestant_hypertension,OTC-V51-EU-64db5c31208ba685,OTC-RULE-014,decongestant_hypertension,released,high,EXP-OTC-01,201110646,MFDS-201110646,덱스피드연질캡슐(덱시부프로펜),ING-dexibuprofen,덱시부프로펜,product_authorized_ingredient_set_not_excerpt_attribution,NB,MFDS-NEDRUG-DETAIL,https://nedrug.mfds.go.kr/dsie/pdf/drb/201110646/NB,sha256:1fb48f840d563a2ee2e20c1cf8d9b5d4f5461704db10a8c0970512869889b394,1fb48f840d563a2ee2e20c1cf8d9b5d4f5461704db10a8c0970512869889b394,4442260523b9a3fef271fd850cfcd5889cf5a98cf7356f635e1047243badc889,2026-07-14,2026-07-14T02:56:31.878369+00:00,"사용상의주의사항 PDF p.1, 문단 9","의사와 환자는 이러한 심혈관계 증상의 발현(드러냄)에 대하여 신중히 모니터링하여야 하며, 이는 심혈관계",false,,,,false,,,,,pancol_a_phenylephrine_hypertension,item_sequence=196800036|flags=decongestant_hypertension,고혈압 또는 심혈관질환에서 비충혈제거제 주의가 필요할 수 있습니다.,복용 전 의사 또는 약사와 상담하세요.,src/lib/otc/engine.ts:1051,,,provisional,inactive_candidate,machine_candidate_not_shortlisted,included,,true,text:OTC-V51-TEXT-d013dc68f5473030,false,,true,OTC-V51-TEXT-d013dc68f5473030,,,
EXP-OTC-01-NB-P10-B12-maximum_duration,OTC-V51-EU-5e0024872c4cd37b,OTC-RULE-015,maximum_duration,draft,caution,EXP-OTC-01,201110646,MFDS-201110646,덱스피드연질캡슐(덱시부프로펜),ING-dexibuprofen,덱시부프로펜,product_authorized_ingredient_set_not_excerpt_attribution,NB,MFDS-NEDRUG-DETAIL,https://nedrug.mfds.go.kr/dsie/pdf/drb/201110646/NB,sha256:1fb48f840d563a2ee2e20c1cf8d9b5d4f5461704db10a8c0970512869889b394,1fb48f840d563a2ee2e20c1cf8d9b5d4f5461704db10a8c0970512869889b394,f13fa39f7256fb4b5bd3d52085e3da28bde9f8ad4df9dbb98420a15d4d4dccf5,2026-07-14,2026-07-14T02:56:31.878369+00:00,"사용상의주의사항 PDF p.10, 문단 12",장기간 코르티코스테로이드를 복용해 온 환자에게 이 약을 투여하고자 할 경우에는 서서히 용량을 감소시켜,false,,,,false,,,,,pancol_a_continuous_use,scope_only_no_structured_binding,허가된 연속 복용 기간을 넘었을 수 있습니다.,증상이 지속되면 추가 복용 대신 약사 또는 의사와 상담하세요.,src/lib/otc/engine.ts:991,,,provisional,inactive_candidate,machine_candidate_not_shortlisted,included,,false,,false,,false,,,,
EXP-OTC-01-NB-P10-B15-decongestant_hypertension,OTC-V51-EU-63bdc79881fec296,OTC-RULE-014,decongestant_hypertension,released,high,EXP-OTC-01,201110646,MFDS-201110646,덱스피드연질캡슐(덱시부프로펜),ING-dexibuprofen,덱시부프로펜,product_authorized_ingredient_set_not_excerpt_attribution,NB,MFDS-NEDRUG-DETAIL,https://nedrug.mfds.go.kr/dsie/pdf/drb/201110646/NB,sha256:1fb48f840d563a2ee2e20c1cf8d9b5d4f5461704db10a8c0970512869889b394,1fb48f840d563a2ee2e20c1cf8d9b5d4f5461704db10a8c0970512869889b394,f13fa39f7256fb4b5bd3d52085e3da28bde9f8ad4df9dbb98420a15d4d4dccf5,2026-07-14,2026-07-14T02:56:31.878369+00:00,"사용상의주의사항 PDF p.10, 문단 15",축과 관련이 있는 알레르기 또는 과민반응 후 발생하는 심혈관계 증상으로 심근경색을 초래할 수 있다.,false,,,,false,,,,,pancol_a_phenylephrine_hypertension,item_sequence=196800036|flags=decongestant_hypertension,고혈압 또는 심혈관질환에서 비충혈제거제 주의가 필요할 수 있습니다.,복용 전 의사 또는 약사와 상담하세요.,src/lib/otc/engine.ts:1051,,,provisional,inactive_candidate,machine_candidate_not_shortlisted,included,,false,,false,,false,,,,
EXP-OTC-01-NB-P10-B16-maximum_duration,OTC-V51-EU-c8024976aa8ff52a,OTC-RULE-015,maximum_duration,draft,caution,EXP-OTC-01,201110646,MFDS-201110646,덱스피드연질캡슐(덱시부프로펜),ING-dexibuprofen,덱시부프로펜,product_authorized_ingredient_set_not_excerpt_attribution,NB,MFDS-NEDRUG-DETAIL,https://nedrug.mfds.go.kr/dsie/pdf/drb/201110646/NB,sha256:1fb48f840d563a2ee2e20c1cf8d9b5d4f5461704db10a8c0970512869889b394,1fb48f840d563a2ee2e20c1cf8d9b5d4f5461704db10a8c0970512869889b394,f13fa39f7256fb4b5bd3d52085e3da28bde9f8ad4df9dbb98420a15d4d4dccf5,2026-07-14,2026-07-14T02:56:31.878369+00:00,"사용상의주의사항 PDF p.10, 문단 16",19) 비스테로이드성 소염(항염)진통제를 장기간 복용하는 여성에서 일시적인 불임이 보고되었다.,false,,,,false,,,,,pancol_a_continuous_use,scope_only_no_structured_binding,허가된 연속 복용 기간을 넘었을 수 있습니다.,증상이 지속되면 추가 복용 대신 약사 또는 의사와 상담하세요.,src/lib/otc/engine.ts:991,,,provisional,inactive_candidate,machine_candidate_not_shortlisted,included,,false,,false,,false,,,,
EXP-OTC-01-NB-P11-B14-pregnancy_lactation,OTC-V51-EU-a407be4ec65c921b,OTC-RULE-006,pregnancy_lactation,released,high,EXP-OTC-01,201110646,MFDS-201110646,덱스피드연질캡슐(덱시부프로펜),ING-dexibuprofen,덱시부프로펜,product_authorized_ingredient_set_not_excerpt_attribution,NB,MFDS-NEDRUG-DETAIL,https://nedrug.mfds.go.kr/dsie/pdf/drb/201110646/NB,sha256:1fb48f840d563a2ee2e20c1cf8d9b5d4f5461704db10a8c0970512869889b394,1fb48f840d563a2ee2e20c1cf8d9b5d4f5461704db10a8c0970512869889b394,33bfeed8cd7f740766b65737aacd760e30d9897fa6b13bfbe89e664e88b84b66,2026-07-14,2026-07-14T02:56:31.878369+00:00,"사용상의주의사항 PDF p.11, 문단 14",된 일부 시판 후 사례에서는 교환 수혈이나 투석 같은 침습적 시술이 필요했다. 임신 20~30주 동안 이 약의,false,,,,false,,,,,ibuprofen_pregnancy_lactation,item_sequence=198601920|flags=pregnancy_lactation,임신 또는 수유 중 주의가 필요한 제품이 포함되어 있습니다.,복용 전 의사 또는 약사와 상담하세요.,src/lib/otc/engine.ts:1094,,,provisional,inactive_candidate,machine_candidate_not_shortlisted,included,,true,text:OTC-V51-TEXT-b16eba3e7217a380,false,,true,OTC-V51-TEXT-b16eba3e7217a380,,,
EXP-OTC-01-NB-P11-B8-pregnancy_lactation,OTC-V51-EU-eeb7dfb7980329ea,OTC-RULE-006,pregnancy_lactation,released,high,EXP-OTC-01,201110646,MFDS-201110646,덱스피드연질캡슐(덱시부프로펜),ING-dexibuprofen,덱시부프로펜,product_authorized_ingredient_set_not_excerpt_attribution,NB,MFDS-NEDRUG-DETAIL,https://nedrug.mfds.go.kr/dsie/pdf/drb/201110646/NB,sha256:1fb48f840d563a2ee2e20c1cf8d9b5d4f5461704db10a8c0970512869889b394,1fb48f840d563a2ee2e20c1cf8d9b5d4f5461704db10a8c0970512869889b394,33bfeed8cd7f740766b65737aacd760e30d9897fa6b13bfbe89e664e88b84b66,2026-07-14,2026-07-14T02:56:31.878369+00:00,"사용상의주의사항 PDF p.11, 문단 8",8. 임부에 대한 투여,false,,,,false,,,,,ibuprofen_pregnancy_lactation,item_sequence=198601920|flags=pregnancy_lactation,임신 또는 수유 중 주의가 필요한 제품이 포함되어 있습니다.,복용 전 의사 또는 약사와 상담하세요.,src/lib/otc/engine.ts:1094,,,provisional,inactive_candidate,machine_candidate_not_shortlisted,included,,false,,false,,false,,,,
EXP-OTC-01-NB-P11-B9-pregnancy_lactation,OTC-V51-EU-151f6660ef09cfef,OTC-RULE-006,pregnancy_lactation,released,high,EXP-OTC-01,201110646,MFDS-201110646,덱스피드연질캡슐(덱시부프로펜),ING-dexibuprofen,덱시부프로펜,product_authorized_ingredient_set_not_excerpt_attribution,NB,MFDS-NEDRUG-DETAIL,https://nedrug.mfds.go.kr/dsie/pdf/drb/201110646/NB,sha256:1fb48f840d563a2ee2e20c1cf8d9b5d4f5461704db10a8c0970512869889b394,1fb48f840d563a2ee2e20c1cf8d9b5d4f5461704db10a8c0970512869889b394,33bfeed8cd7f740766b65737aacd760e30d9897fa6b13bfbe89e664e88b84b66,2026-07-14,2026-07-14T02:56:31.878369+00:00,"사용상의주의사항 PDF p.11, 문단 9",1) 임신 약 20주 이후 이 약을 포함한 비스테로이드성 소염제(NSAIDs)의 사용은 태아 신기능 이상을 일으켜,false,,,,false,,,,,ibuprofen_pregnancy_lactation,item_sequence=198601920|flags=pregnancy_lactation,임신 또는 수유 중 주의가 필요한 제품이 포함되어 있습니다.,복용 전 의사 또는 약사와 상담하세요.,src/lib/otc/engine.ts:1094,,,provisional,inactive_candidate,machine_candidate_not_shortlisted,included,,false,,false,,false,,,,
EXP-OTC-01-NB-P2-B10-decongestant_hypertension,OTC-V51-EU-84dca94d1bef82bd,OTC-RULE-014,decongestant_hypertension,released,high,EXP-OTC-01,201110646,MFDS-201110646,덱스피드연질캡슐(덱시부프로펜),ING-dexibuprofen,덱시부프로펜,product_authorized_ingredient_set_not_excerpt_attribution,NB,MFDS-NEDRUG-DETAIL,https://nedrug.mfds.go.kr/dsie/pdf/drb/201110646/NB,sha256:1fb48f840d563a2ee2e20c1cf8d9b5d4f5461704db10a8c0970512869889b394,1fb48f840d563a2ee2e20c1cf8d9b5d4f5461704db10a8c0970512869889b394,985f6bfb8efabc4ee8f0fb25fbf81b60504a9d5a096aea233f7cc823bdfe286d,2026-07-14,2026-07-14T02:56:31.878369+00:00,"사용상의주의사항 PDF p.2, 문단 10",7) 심한 고혈압 환자,false,,,,false,,,,,pancol_a_phenylephrine_hypertension,item_sequence=196800036|flags=decongestant_hypertension,고혈압 또는 심혈관질환에서 비충혈제거제 주의가 필요할 수 있습니다.,복용 전 의사 또는 약사와 상담하세요.,src/lib/otc/engine.ts:1051,,,provisional,inactive_candidate,machine_candidate_not_shortlisted,included,,false,,false,,false,,,,
EXP-OTC-01-NB-P2-B17-pregnancy_lactation,OTC-V51-EU-e99342695c4fcc05,OTC-RULE-006,pregnancy_lactation,released,high,EXP-OTC-01,201110646,MFDS-201110646,덱스피드연질캡슐(덱시부프로펜),ING-dexibuprofen,덱시부프로펜,product_authorized_ingredient_set_not_excerpt_attribution,NB,MFDS-NEDRUG-DETAIL,https://nedrug.mfds.go.kr/dsie/pdf/drb/201110646/NB,sha256:1fb48f840d563a2ee2e20c1cf8d9b5d4f5461704db10a8c0970512869889b394,1fb48f840d563a2ee2e20c1cf8d9b5d4f5461704db10a8c0970512869889b394,985f6bfb8efabc4ee8f0fb25fbf81b60504a9d5a096aea233f7cc823bdfe286d,2026-07-14,2026-07-14T02:56:31.878369+00:00,"사용상의주의사항 PDF p.2, 문단 17",12) 임신 6개월 이상의 임부(비스테로이드성 소염(항염)진통제와 마찬가지로 임신 말기에 이 약을 투여 시,false,,"사용상의주의사항 PDF p.2, 문단 17",12) 임신 6개월 이상의 임부(비스테로이드성 소염(항염)진통제와 마찬가지로 임신 말기에 이 약을 투여 시,false,,,,,ibuprofen_pregnancy_lactation,item_sequence=198601920|flags=pregnancy_lactation,임신 또는 수유 중 주의가 필요한 제품이 포함되어 있습니다.,복용 전 의사 또는 약사와 상담하세요.,src/lib/otc/engine.ts:1094,2,alternative_context,needs_expert_review,inactive_candidate,shortlisted_context_not_expert_verified,included,,false,,false,,false,,,,
EXP-OTC-01-NB-P2-B20-gi_bleeding_ulcer,OTC-V51-EU-858b8f3b0575b50a,OTC-RULE-009,gi_bleeding_ulcer,released,high,EXP-OTC-01,201110646,MFDS-201110646,덱스피드연질캡슐(덱시부프로펜),ING-dexibuprofen,덱시부프로펜,product_authorized_ingredient_set_not_excerpt_attribution,NB,MFDS-NEDRUG-DETAIL,https://nedrug.mfds.go.kr/dsie/pdf/drb/201110646/NB,sha256:1fb48f840d563a2ee2e20c1cf8d9b5d4f5461704db10a8c0970512869889b394,1fb48f840d563a2ee2e20c1cf8d9b5d4f5461704db10a8c0970512869889b394,985f6bfb8efabc4ee8f0fb25fbf81b60504a9d5a096aea233f7cc823bdfe286d,2026-07-14,2026-07-14T02:56:31.878369+00:00,"사용상의주의사항 PDF p.2, 문단 20","14) 이전의 비스테로이드성 소염(항염)진통제 치료로 인해, 위장관 출혈 또는 천공(뚫림)이 발생한 병력이 있",false,,,,false,,,,,ibuprofen_gi_bleeding_or_ulcer,item_sequence=198601920|flags=gi_bleeding_ulcer,위장관 출혈 또는 궤양 위험과 관련된 제품이 포함되어 있습니다.,복용 전 의사 또는 약사와 상담하세요.,src/lib/otc/engine.ts:1030,,,provisional,inactive_candidate,machine_candidate_not_shortlisted,included,,false,,false,,false,,,,
EXP-OTC-01-NB-P2-B4-gi_bleeding_ulcer,OTC-V51-EU-73063c73f537fc50,OTC-RULE-009,gi_bleeding_ulcer,released,high,EXP-OTC-01,201110646,MFDS-201110646,덱스피드연질캡슐(덱시부프로펜),ING-dexibuprofen,덱시부프로펜,product_authorized_ingredient_set_not_excerpt_attribution,NB,MFDS-NEDRUG-DETAIL,https://nedrug.mfds.go.kr/dsie/pdf/drb/201110646/NB,sha256:1fb48f840d563a2ee2e20c1cf8d9b5d4f5461704db10a8c0970512869889b394,1fb48f840d563a2ee2e20c1cf8d9b5d4f5461704db10a8c0970512869889b394,985f6bfb8efabc4ee8f0fb25fbf81b60504a9d5a096aea233f7cc823bdfe286d,2026-07-14,2026-07-14T02:56:31.878369+00:00,"사용상의주의사항 PDF p.2, 문단 4","1) 위장관궤양이 있거나 징후가 있는 환자, 또는 그 재발병력이 있는 환자",false,,,,false,,,,,ibuprofen_gi_bleeding_or_ulcer,item_sequence=198601920|flags=gi_bleeding_ulcer,위장관 출혈 또는 궤양 위험과 관련된 제품이 포함되어 있습니다.,복용 전 의사 또는 약사와 상담하세요.,src/lib/otc/engine.ts:1030,,,provisional,inactive_candidate,machine_candidate_not_shortlisted,included,,false,,false,,false,,,,
EXP-OTC-01-NB-P2-B7-hepatic_disease,OTC-V51-EU-ab6864f3cd1cc752,OTC-RULE-007,hepatic_disease,released,high,EXP-OTC-01,201110646,MFDS-201110646,덱스피드연질캡슐(덱시부프로펜),ING-dexibuprofen,덱시부프로펜,product_authorized_ingredient_set_not_excerpt_attribution,NB,MFDS-NEDRUG-DETAIL,https://nedrug.mfds.go.kr/dsie/pdf/drb/201110646/NB,sha256:1fb48f840d563a2ee2e20c1cf8d9b5d4f5461704db10a8c0970512869889b394,1fb48f840d563a2ee2e20c1cf8d9b5d4f5461704db10a8c0970512869889b394,985f6bfb8efabc4ee8f0fb25fbf81b60504a9d5a096aea233f7cc823bdfe286d,2026-07-14,2026-07-14T02:56:31.878369+00:00,"사용상의주의사항 PDF p.2, 문단 7",4) 심한 간장애 환자,false,,"사용상의주의사항 PDF p.2, 문단 7",4) 심한 간장애 환자,false,,,,,acetaminophen_liver_disease,item_sequence=202106092|ingredient_id=ING-acetaminophen|flags=hepatic_disease,간질환과 관련해 주의가 필요한 제품이 포함되어 있습니다.,복용 전 의사 또는 약사와 상담하세요.,src/lib/otc/engine.ts:1016,2,alternative_context,needs_expert_review,inactive_candidate,shortlisted_context_not_expert_verified,included,,true,text:OTC-V51-TEXT-1d70c5049f597492,false,,true,OTC-V51-TEXT-1d70c5049f597492,,,
EXP-OTC-01-NB-P2-B8-renal_disease,OTC-V51-EU-831b8462268582e2,OTC-RULE-008,renal_disease,released,high,EXP-OTC-01,201110646,MFDS-201110646,덱스피드연질캡슐(덱시부프로펜),ING-dexibuprofen,덱시부프로펜,product_authorized_ingredient_set_not_excerpt_attribution,NB,MFDS-NEDRUG-DETAIL,https://nedrug.mfds.go.kr/dsie/pdf/drb/201110646/NB,sha256:1fb48f840d563a2ee2e20c1cf8d9b5d4f5461704db10a8c0970512869889b394,1fb48f840d563a2ee2e20c1cf8d9b5d4f5461704db10a8c0970512869889b394,985f6bfb8efabc4ee8f0fb25fbf81b60504a9d5a096aea233f7cc823bdfe286d,2026-07-14,2026-07-14T02:56:31.878369+00:00,"사용상의주의사항 PDF p.2, 문단 8",5) 심한 신장애(신장장애) 환자,false,,"사용상의주의사항 PDF p.2, 문단 8",5) 심한 신장애(신장장애) 환자,false,,,,,ibuprofen_kidney_disease,item_sequence=198601920|flags=renal_disease,신장질환과 관련해 주의가 필요한 제품이 포함되어 있습니다.,복용 전 의사 또는 약사와 상담하세요.,src/lib/otc/engine.ts:1023,2,alternative_context,needs_expert_review,inactive_candidate,shortlisted_context_not_expert_verified,included,,true,text:OTC-V51-TEXT-07c380921f445515,false,,true,OTC-V51-TEXT-07c380921f445515,,,
EXP-OTC-01-NB-P3-B1-decongestant_hypertension,OTC-V51-EU-b2cea3ebdbb307c4,OTC-RULE-014,decongestant_hypertension,released,high,EXP-OTC-01,201110646,MFDS-201110646,덱스피드연질캡슐(덱시부프로펜),ING-dexibuprofen,덱시부프로펜,product_authorized_ingredient_set_not_excerpt_attribution,NB,MFDS-NEDRUG-DETAIL,https://nedrug.mfds.go.kr/dsie/pdf/drb/201110646/NB,sha256:1fb48f840d563a2ee2e20c1cf8d9b5d4f5461704db10a8c0970512869889b394,1fb48f840d563a2ee2e20c1cf8d9b5d4f5461704db10a8c0970512869889b394,c513b07831fc5fcec984735a3b4f40cce41f39e754e65b94488ffd1d061dc341,2026-07-14,2026-07-14T02:56:31.878369+00:00,"사용상의주의사항 PDF p.3, 문단 1",(1) 아스피린과의 병용(함께 복용)이 비스테로이드성 소염(항염)진통제의 사용과 관련된 중대한 심혈관계 혈,false,,,,false,,,,,pancol_a_phenylephrine_hypertension,item_sequence=196800036|flags=decongestant_hypertension,고혈압 또는 심혈관질환에서 비충혈제거제 주의가 필요할 수 있습니다.,복용 전 의사 또는 약사와 상담하세요.,src/lib/otc/engine.ts:1051,,,provisional,inactive_candidate,machine_candidate_not_shortlisted,included,,false,,false,,false,,,,
EXP-OTC-01-NB-P3-B17-sedation_driving,OTC-V51-EU-e8ab47919ecaf56c,OTC-RULE-010,sedation_driving,released,high,EXP-OTC-01,201110646,MFDS-201110646,덱스피드연질캡슐(덱시부프로펜),ING-dexibuprofen,덱시부프로펜,product_authorized_ingredient_set_not_excerpt_attribution,NB,MFDS-NEDRUG-DETAIL,https://nedrug.mfds.go.kr/dsie/pdf/drb/201110646/NB,sha256:1fb48f840d563a2ee2e20c1cf8d9b5d4f5461704db10a8c0970512869889b394,1fb48f840d563a2ee2e20c1cf8d9b5d4f5461704db10a8c0970512869889b394,c513b07831fc5fcec984735a3b4f40cce41f39e754e65b94488ffd1d061dc341,2026-07-14,2026-07-14T02:56:31.878369+00:00,"사용상의주의사항 PDF p.3, 문단 17",이 있다. 그러므로 운전이나 기계를 작동하는 경우에는 주의해서 복용해야 한다. 1회 또는 단기간 복용하는,false,,"사용상의주의사항 PDF p.3, 문단 17",이 있다. 그러므로 운전이나 기계를 작동하는 경우에는 주의해서 복용해야 한다. 1회 또는 단기간 복용하는,false,,,,,pancol_a_driving,item_sequence=196800036|flags=sedation_driving,졸림을 유발해 운전이나 기계 조작에 영향을 줄 수 있습니다.,운전·기계 조작을 피하고 허가사항을 확인하세요.,src/lib/otc/engine.ts:1037,2,alternative_context,needs_expert_review,inactive_candidate,shortlisted_context_not_expert_verified,included,,false,,false,,false,,,,
EXP-OTC-01-NB-P3-B19-maximum_duration,OTC-V51-EU-57139ac9ca0c97b4,OTC-RULE-015,maximum_duration,draft,caution,EXP-OTC-01,201110646,MFDS-201110646,덱스피드연질캡슐(덱시부프로펜),ING-dexibuprofen,덱시부프로펜,product_authorized_ingredient_set_not_excerpt_attribution,NB,MFDS-NEDRUG-DETAIL,https://nedrug.mfds.go.kr/dsie/pdf/drb/201110646/NB,sha256:1fb48f840d563a2ee2e20c1cf8d9b5d4f5461704db10a8c0970512869889b394,1fb48f840d563a2ee2e20c1cf8d9b5d4f5461704db10a8c0970512869889b394,c513b07831fc5fcec984735a3b4f40cce41f39e754e65b94488ffd1d061dc341,2026-07-14,2026-07-14T02:56:31.878369+00:00,"사용상의주의사항 PDF p.3, 문단 19",3) 장기간 동안 고용량으로 복용하면 두통이 유발될 수 있다.,false,,"사용상의주의사항 PDF p.3, 문단 19",3) 장기간 동안 고용량으로 복용하면 두통이 유발될 수 있다.,false,,,,,pancol_a_continuous_use,scope_only_no_structured_binding,허가된 연속 복용 기간을 넘었을 수 있습니다.,증상이 지속되면 추가 복용 대신 약사 또는 의사와 상담하세요.,src/lib/otc/engine.ts:991,2,alternative_context,needs_expert_review,inactive_candidate,shortlisted_context_not_expert_verified,included,,false,,false,,false,,,,
EXP-OTC-01-NB-P3-B23-hepatic_disease,OTC-V51-EU-8b49085aab13ce21,OTC-RULE-007,hepatic_disease,released,high,EXP-OTC-01,201110646,MFDS-201110646,덱스피드연질캡슐(덱시부프로펜),ING-dexibuprofen,덱시부프로펜,product_authorized_ingredient_set_not_excerpt_attribution,NB,MFDS-NEDRUG-DETAIL,https://nedrug.mfds.go.kr/dsie/pdf/drb/201110646/NB,sha256:1fb48f840d563a2ee2e20c1cf8d9b5d4f5461704db10a8c0970512869889b394,1fb48f840d563a2ee2e20c1cf8d9b5d4f5461704db10a8c0970512869889b394,c513b07831fc5fcec984735a3b4f40cce41f39e754e65b94488ffd1d061dc341,2026-07-14,2026-07-14T02:56:31.878369+00:00,"사용상의주의사항 PDF p.3, 문단 23",3) 간장애 또는 그 병력이 있는 환자,false,,,,false,,,,,acetaminophen_liver_disease,item_sequence=202106092|ingredient_id=ING-acetaminophen|flags=hepatic_disease,간질환과 관련해 주의가 필요한 제품이 포함되어 있습니다.,복용 전 의사 또는 약사와 상담하세요.,src/lib/otc/engine.ts:1016,,,provisional,inactive_candidate,machine_candidate_not_shortlisted,included,,false,,false,,false,,,,
EXP-OTC-01-NB-P3-B24-renal_disease,OTC-V51-EU-12b60a6f671f7fb7,OTC-RULE-008,renal_disease,released,high,EXP-OTC-01,201110646,MFDS-201110646,덱스피드연질캡슐(덱시부프로펜),ING-dexibuprofen,덱시부프로펜,product_authorized_ingredient_set_not_excerpt_attribution,NB,MFDS-NEDRUG-DETAIL,https://nedrug.mfds.go.kr/dsie/pdf/drb/201110646/NB,sha256:1fb48f840d563a2ee2e20c1cf8d9b5d4f5461704db10a8c0970512869889b394,1fb48f840d563a2ee2e20c1cf8d9b5d4f5461704db10a8c0970512869889b394,c513b07831fc5fcec984735a3b4f40cce41f39e754e65b94488ffd1d061dc341,2026-07-14,2026-07-14T02:56:31.878369+00:00,"사용상의주의사항 PDF p.3, 문단 24",4) 신장애(신장장애) 또는 그 병력이 있는 환자,false,,,,false,,,,,ibuprofen_kidney_disease,item_sequence=198601920|flags=renal_disease,신장질환과 관련해 주의가 필요한 제품이 포함되어 있습니다.,복용 전 의사 또는 약사와 상담하세요.,src/lib/otc/engine.ts:1023,,,provisional,inactive_candidate,machine_candidate_not_shortlisted,included,,false,,false,,false,,,,
EXP-OTC-01-NB-P3-B26-decongestant_hypertension,OTC-V51-EU-4236647b52dbe01b,OTC-RULE-014,decongestant_hypertension,released,high,EXP-OTC-01,201110646,MFDS-201110646,덱스피드연질캡슐(덱시부프로펜),ING-dexibuprofen,덱시부프로펜,product_authorized_ingredient_set_not_excerpt_attribution,NB,MFDS-NEDRUG-DETAIL,https://nedrug.mfds.go.kr/dsie/pdf/drb/201110646/NB,sha256:1fb48f840d563a2ee2e20c1cf8d9b5d4f5461704db10a8c0970512869889b394,1fb48f840d563a2ee2e20c1cf8d9b5d4f5461704db10a8c0970512869889b394,c513b07831fc5fcec984735a3b4f40cce41f39e754e65b94488ffd1d061dc341,2026-07-14,2026-07-14T02:56:31.878369+00:00,"사용상의주의사항 PDF p.3, 문단 26",6) 고혈압 환자,false,,,,false,,,,,pancol_a_phenylephrine_hypertension,item_sequence=196800036|flags=decongestant_hypertension,고혈압 또는 심혈관질환에서 비충혈제거제 주의가 필요할 수 있습니다.,복용 전 의사 또는 약사와 상담하세요.,src/lib/otc/engine.ts:1051,,,provisional,inactive_candidate,machine_candidate_not_shortlisted,included,,true,text:OTC-V51-TEXT-f1ce6a443fc14131,false,,true,OTC-V51-TEXT-f1ce6a443fc14131,,,
EXP-OTC-01-NB-P3-B7-duplicate_pharmacologic_class,OTC-V51-EU-81094402510de0fd,OTC-RULE-002,duplicate_pharmacologic_class,released,high,EXP-OTC-01,201110646,MFDS-201110646,덱스피드연질캡슐(덱시부프로펜),ING-dexibuprofen,덱시부프로펜,product_authorized_ingredient_set_not_excerpt_attribution,NB,MFDS-NEDRUG-DETAIL,https://nedrug.mfds.go.kr/dsie/pdf/drb/201110646/NB,sha256:1fb48f840d563a2ee2e20c1cf8d9b5d4f5461704db10a8c0970512869889b394,1fb48f840d563a2ee2e20c1cf8d9b5d4f5461704db10a8c0970512869889b394,c513b07831fc5fcec984735a3b4f40cce41f39e754e65b94488ffd1d061dc341,2026-07-14,2026-07-14T02:56:31.878369+00:00,"사용상의주의사항 PDF p.3, 문단 7","2) 다른 비스테로이드성 소염(항염)진통제와 병용투여(함께 복용) 시 위장관계 이상반응, 위장관 출혈 등 이",false,,,,false,,,,,ibuprofen_and_other_NSAIDs,scope_only_no_structured_binding,같은 NSAID 계열 성분을 함께 복용할 수 있습니다.,함께 복용하지 말고 복용 전 약사 또는 의사와 상담하세요.,src/lib/otc/engine.ts:759,,,provisional,inactive_candidate,machine_candidate_not_shortlisted,included,,true,location:OTC-V51-EU-81094402510de0fd,true,OTC-V51-EU-81094402510de0fd,false,,,,
EXP-OTC-01-NB-P3-B7-gi_bleeding_ulcer,OTC-V51-EU-81094402510de0fd,OTC-RULE-009,gi_bleeding_ulcer,released,high,EXP-OTC-01,201110646,MFDS-201110646,덱스피드연질캡슐(덱시부프로펜),ING-dexibuprofen,덱시부프로펜,product_authorized_ingredient_set_not_excerpt_attribution,NB,MFDS-NEDRUG-DETAIL,https://nedrug.mfds.go.kr/dsie/pdf/drb/201110646/NB,sha256:1fb48f840d563a2ee2e20c1cf8d9b5d4f5461704db10a8c0970512869889b394,1fb48f840d563a2ee2e20c1cf8d9b5d4f5461704db10a8c0970512869889b394,c513b07831fc5fcec984735a3b4f40cce41f39e754e65b94488ffd1d061dc341,2026-07-14,2026-07-14T02:56:31.878369+00:00,"사용상의주의사항 PDF p.3, 문단 7","2) 다른 비스테로이드성 소염(항염)진통제와 병용투여(함께 복용) 시 위장관계 이상반응, 위장관 출혈 등 이",false,,,,false,,,,,ibuprofen_gi_bleeding_or_ulcer,item_sequence=198601920|flags=gi_bleeding_ulcer,위장관 출혈 또는 궤양 위험과 관련된 제품이 포함되어 있습니다.,복용 전 의사 또는 약사와 상담하세요.,src/lib/otc/engine.ts:1030,,,provisional,inactive_candidate,machine_candidate_not_shortlisted,included,,true,location:OTC-V51-EU-81094402510de0fd,true,OTC-V51-EU-81094402510de0fd,false,,,,
EXP-OTC-01-NB-P4-B1-decongestant_hypertension,OTC-V51-EU-8a3626429c6a71cb,OTC-RULE-014,decongestant_hypertension,released,high,EXP-OTC-01,201110646,MFDS-201110646,덱스피드연질캡슐(덱시부프로펜),ING-dexibuprofen,덱시부프로펜,product_authorized_ingredient_set_not_excerpt_attribution,NB,MFDS-NEDRUG-DETAIL,https://nedrug.mfds.go.kr/dsie/pdf/drb/201110646/NB,sha256:1fb48f840d563a2ee2e20c1cf8d9b5d4f5461704db10a8c0970512869889b394,1fb48f840d563a2ee2e20c1cf8d9b5d4f5461704db10a8c0970512869889b394,0d2f7579415b91552d25a0ba136b6f1decd0ce3dc77ad2d26f6f0b5bdf53e39a,2026-07-14,2026-07-14T02:56:31.878369+00:00,"사용상의주의사항 PDF p.4, 문단 1",6) 고혈압 환자,false,,,,false,,,,,pancol_a_phenylephrine_hypertension,item_sequence=196800036|flags=decongestant_hypertension,고혈압 또는 심혈관질환에서 비충혈제거제 주의가 필요할 수 있습니다.,복용 전 의사 또는 약사와 상담하세요.,src/lib/otc/engine.ts:1051,,,provisional,inactive_candidate,machine_candidate_not_shortlisted,included,,true,text:OTC-V51-TEXT-f1ce6a443fc14131,false,,true,OTC-V51-TEXT-f1ce6a443fc14131,,,
EXP-OTC-01-NB-P4-B10-pregnancy_lactation,OTC-V51-EU-2c80f9a965920f4c,OTC-RULE-006,pregnancy_lactation,released,high,EXP-OTC-01,201110646,MFDS-201110646,덱스피드연질캡슐(덱시부프로펜),ING-dexibuprofen,덱시부프로펜,product_authorized_ingredient_set_not_excerpt_attribution,NB,MFDS-NEDRUG-DETAIL,https://nedrug.mfds.go.kr/dsie/pdf/drb/201110646/NB,sha256:1fb48f840d563a2ee2e20c1cf8d9b5d4f5461704db10a8c0970512869889b394,1fb48f840d563a2ee2e20c1cf8d9b5d4f5461704db10a8c0970512869889b394,0d2f7579415b91552d25a0ba136b6f1decd0ce3dc77ad2d26f6f0b5bdf53e39a,2026-07-14,2026-07-14T02:56:31.878369+00:00,"사용상의주의사항 PDF p.4, 문단 10","13) 임신 초기, 중기의 임부[동물실험에서 대사독성(고투여량에서 착상수 및 생존수의 억제가 보였음)이 보",false,,,,false,,,,,ibuprofen_pregnancy_lactation,item_sequence=198601920|flags=pregnancy_lactation,임신 또는 수유 중 주의가 필요한 제품이 포함되어 있습니다.,복용 전 의사 또는 약사와 상담하세요.,src/lib/otc/engine.ts:1094,,,provisional,inactive_candidate,machine_candidate_not_shortlisted,included,,false,,false,,false,,,,
EXP-OTC-01-NB-P4-B11-pregnancy_lactation,OTC-V51-EU-5b6bd2a1b2271a74,OTC-RULE-006,pregnancy_lactation,released,high,EXP-OTC-01,201110646,MFDS-201110646,덱스피드연질캡슐(덱시부프로펜),ING-dexibuprofen,덱시부프로펜,product_authorized_ingredient_set_not_excerpt_attribution,NB,MFDS-NEDRUG-DETAIL,https://nedrug.mfds.go.kr/dsie/pdf/drb/201110646/NB,sha256:1fb48f840d563a2ee2e20c1cf8d9b5d4f5461704db10a8c0970512869889b394,1fb48f840d563a2ee2e20c1cf8d9b5d4f5461704db10a8c0970512869889b394,0d2f7579415b91552d25a0ba136b6f1decd0ce3dc77ad2d26f6f0b5bdf53e39a,2026-07-14,2026-07-14T02:56:31.878369+00:00,"사용상의주의사항 PDF p.4, 문단 11","고되어 있으며, 다른 해열진통소염(항염)제에서 태아순환지속증(PEO) 일어났다는 보고가 있다.], 임신을 계",false,,,,false,,,,,ibuprofen_pregnancy_lactation,item_sequence=198601920|flags=pregnancy_lactation,임신 또는 수유 중 주의가 필요한 제품이 포함되어 있습니다.,복용 전 의사 또는 약사와 상담하세요.,src/lib/otc/engine.ts:1094,,,provisional,inactive_candidate,machine_candidate_not_shortlisted,included,,false,,false,,false,,,,
EXP-OTC-01-NB-P4-B12-pregnancy_lactation,OTC-V51-EU-cead75edefb2d76a,OTC-RULE-006,pregnancy_lactation,released,high,EXP-OTC-01,201110646,MFDS-201110646,덱스피드연질캡슐(덱시부프로펜),ING-dexibuprofen,덱시부프로펜,product_authorized_ingredient_set_not_excerpt_attribution,NB,MFDS-NEDRUG-DETAIL,https://nedrug.mfds.go.kr/dsie/pdf/drb/201110646/NB,sha256:1fb48f840d563a2ee2e20c1cf8d9b5d4f5461704db10a8c0970512869889b394,1fb48f840d563a2ee2e20c1cf8d9b5d4f5461704db10a8c0970512869889b394,0d2f7579415b91552d25a0ba136b6f1decd0ce3dc77ad2d26f6f0b5bdf53e39a,2026-07-14,2026-07-14T02:56:31.878369+00:00,"사용상의주의사항 PDF p.4, 문단 12",획하는 여성(다른 프로스타글란딘 합성 억제제와 같이 이 약은 생식력을 감소시킨다. 임신이 어려운 여성이,false,,,,false,,,,,ibuprofen_pregnancy_lactation,item_sequence=198601920|flags=pregnancy_lactation,임신 또는 수유 중 주의가 필요한 제품이 포함되어 있습니다.,복용 전 의사 또는 약사와 상담하세요.,src/lib/otc/engine.ts:1094,,,provisional,inactive_candidate,machine_candidate_not_shortlisted,included,,false,,false,,false,,,,
EXP-OTC-01-NB-P4-B13-pregnancy_lactation,OTC-V51-EU-384f01a10c60c4e0,OTC-RULE-006,pregnancy_lactation,released,high,EXP-OTC-01,201110646,MFDS-201110646,덱스피드연질캡슐(덱시부프로펜),ING-dexibuprofen,덱시부프로펜,product_authorized_ingredient_set_not_excerpt_attribution,NB,MFDS-NEDRUG-DETAIL,https://nedrug.mfds.go.kr/dsie/pdf/drb/201110646/NB,sha256:1fb48f840d563a2ee2e20c1cf8d9b5d4f5461704db10a8c0970512869889b394,1fb48f840d563a2ee2e20c1cf8d9b5d4f5461704db10a8c0970512869889b394,0d2f7579415b91552d25a0ba136b6f1decd0ce3dc77ad2d26f6f0b5bdf53e39a,2026-07-14,2026-07-14T02:56:31.878369+00:00,"사용상의주의사항 PDF p.4, 문단 13","나 불임검사를 받고 있는 여성은 이 약의 투여중단을 고려해야 한다.), 임신하고 있을 가능성이 있는 여성",false,,,,false,,,,,ibuprofen_pregnancy_lactation,item_sequence=198601920|flags=pregnancy_lactation,임신 또는 수유 중 주의가 필요한 제품이 포함되어 있습니다.,복용 전 의사 또는 약사와 상담하세요.,src/lib/otc/engine.ts:1094,,,provisional,inactive_candidate,machine_candidate_not_shortlisted,included,,false,,false,,false,,,,
EXP-OTC-01-NB-P4-B14-decongestant_hypertension,OTC-V51-EU-68c51759ed4bdc4a,OTC-RULE-014,decongestant_hypertension,released,high,EXP-OTC-01,201110646,MFDS-201110646,덱스피드연질캡슐(덱시부프로펜),ING-dexibuprofen,덱시부프로펜,product_authorized_ingredient_set_not_excerpt_attribution,NB,MFDS-NEDRUG-DETAIL,https://nedrug.mfds.go.kr/dsie/pdf/drb/201110646/NB,sha256:1fb48f840d563a2ee2e20c1cf8d9b5d4f5461704db10a8c0970512869889b394,1fb48f840d563a2ee2e20c1cf8d9b5d4f5461704db10a8c0970512869889b394,0d2f7579415b91552d25a0ba136b6f1decd0ce3dc77ad2d26f6f0b5bdf53e39a,2026-07-14,2026-07-14T02:56:31.878369+00:00,"사용상의주의사항 PDF p.4, 문단 14","14) 허혈심장병, 말초동맥질환, 뇌혈관 질환 환자",false,,,,false,,,,,pancol_a_phenylephrine_hypertension,item_sequence=196800036|flags=decongestant_hypertension,고혈압 또는 심혈관질환에서 비충혈제거제 주의가 필요할 수 있습니다.,복용 전 의사 또는 약사와 상담하세요.,src/lib/otc/engine.ts:1051,,,provisional,inactive_candidate,machine_candidate_not_shortlisted,included,,false,,false,,false,,,,
EXP-OTC-01-NB-P4-B15-decongestant_hypertension,OTC-V51-EU-8382600a0094a93f,OTC-RULE-014,decongestant_hypertension,released,high,EXP-OTC-01,201110646,MFDS-201110646,덱스피드연질캡슐(덱시부프로펜),ING-dexibuprofen,덱시부프로펜,product_authorized_ingredient_set_not_excerpt_attribution,NB,MFDS-NEDRUG-DETAIL,https://nedrug.mfds.go.kr/dsie/pdf/drb/201110646/NB,sha256:1fb48f840d563a2ee2e20c1cf8d9b5d4f5461704db10a8c0970512869889b394,1fb48f840d563a2ee2e20c1cf8d9b5d4f5461704db10a8c0970512869889b394,0d2f7579415b91552d25a0ba136b6f1decd0ce3dc77ad2d26f6f0b5bdf53e39a,2026-07-14,2026-07-14T02:56:31.878369+00:00,"사용상의주의사항 PDF p.4, 문단 15","15) 심혈관 질환의 위험인자가 있는 환자(예, 고혈압, 고지혈증, 당뇨병, 흡연)",false,,,,false,,,,,pancol_a_phenylephrine_hypertension,item_sequence=196800036|flags=decongestant_hypertension,고혈압 또는 심혈관질환에서 비충혈제거제 주의가 필요할 수 있습니다.,복용 전 의사 또는 약사와 상담하세요.,src/lib/otc/engine.ts:1051,,,provisional,inactive_candidate,machine_candidate_not_shortlisted,included,,false,,false,,false,,,,
EXP-OTC-01-NB-P4-B19-anticoagulant_antiplatelet,OTC-V51-EU-24931192fe257444,OTC-RULE-012,anticoagulant_antiplatelet,released,high,EXP-OTC-01,201110646,MFDS-201110646,덱스피드연질캡슐(덱시부프로펜),ING-dexibuprofen,덱시부프로펜,product_authorized_ingredient_set_not_excerpt_attribution,NB,MFDS-NEDRUG-DETAIL,https://nedrug.mfds.go.kr/dsie/pdf/drb/201110646/NB,sha256:1fb48f840d563a2ee2e20c1cf8d9b5d4f5461704db10a8c0970512869889b394,1fb48f840d563a2ee2e20c1cf8d9b5d4f5461704db10a8c0970512869889b394,0d2f7579415b91552d25a0ba136b6f1decd0ce3dc77ad2d26f6f0b5bdf53e39a,2026-07-14,2026-07-14T02:56:31.878369+00:00,"사용상의주의사항 PDF p.4, 문단 19",19) 혈액응고장애가 있거나 항응고제를 투여받고 있는 환자,false,,"사용상의주의사항 PDF p.4, 문단 19",19) 혈액응고장애가 있거나 항응고제를 투여받고 있는 환자,false,,,,,ibuprofen_warfarin_or_coumarin_anticoagulant,item_sequence=198601920|flags=anticoagulant_antiplatelet,항응고제 또는 항혈소판제와 병용할 때 주의가 필요할 수 있습니다.,복용 전 처방한 의료진 또는 약사와 상담하세요.,src/lib/otc/engine.ts:1061,2,alternative_context,needs_expert_review,inactive_candidate,shortlisted_context_not_expert_verified,included,,false,,false,,false,,,,
EXP-OTC-01-NB-P4-B21-gi_bleeding_ulcer,OTC-V51-EU-bdb1024cc70ebc49,OTC-RULE-009,gi_bleeding_ulcer,released,high,EXP-OTC-01,201110646,MFDS-201110646,덱스피드연질캡슐(덱시부프로펜),ING-dexibuprofen,덱시부프로펜,product_authorized_ingredient_set_not_excerpt_attribution,NB,MFDS-NEDRUG-DETAIL,https://nedrug.mfds.go.kr/dsie/pdf/drb/201110646/NB,sha256:1fb48f840d563a2ee2e20c1cf8d9b5d4f5461704db10a8c0970512869889b394,1fb48f840d563a2ee2e20c1cf8d9b5d4f5461704db10a8c0970512869889b394,0d2f7579415b91552d25a0ba136b6f1decd0ce3dc77ad2d26f6f0b5bdf53e39a,2026-07-14,2026-07-14T02:56:31.878369+00:00,"사용상의주의사항 PDF p.4, 문단 21",투여가 필요하여 미소프로스톨 등으로 소화성궤양 치료를 병행하고 있는 환자(미소프로스톨에 의한 치료에,false,,,,false,,,,,ibuprofen_gi_bleeding_or_ulcer,item_sequence=198601920|flags=gi_bleeding_ulcer,위장관 출혈 또는 궤양 위험과 관련된 제품이 포함되어 있습니다.,복용 전 의사 또는 약사와 상담하세요.,src/lib/otc/engine.ts:1030,,,provisional,inactive_candidate,machine_candidate_not_shortlisted,included,,false,,false,,false,,,,
EXP-OTC-01-NB-P4-B22-gi_bleeding_ulcer,OTC-V51-EU-5adbd2941172a001,OTC-RULE-009,gi_bleeding_ulcer,released,high,EXP-OTC-01,201110646,MFDS-201110646,덱스피드연질캡슐(덱시부프로펜),ING-dexibuprofen,덱시부프로펜,product_authorized_ingredient_set_not_excerpt_attribution,NB,MFDS-NEDRUG-DETAIL,https://nedrug.mfds.go.kr/dsie/pdf/drb/201110646/NB,sha256:1fb48f840d563a2ee2e20c1cf8d9b5d4f5461704db10a8c0970512869889b394,1fb48f840d563a2ee2e20c1cf8d9b5d4f5461704db10a8c0970512869889b394,0d2f7579415b91552d25a0ba136b6f1decd0ce3dc77ad2d26f6f0b5bdf53e39a,2026-07-14,2026-07-14T02:56:31.878369+00:00,"사용상의주의사항 PDF p.4, 문단 22",저항성을 나타내는 소화성궤양도 있으므로 이 약을 투여하는 중 충분히 경과를 관찰한다.),false,,,,false,,,,,ibuprofen_gi_bleeding_or_ulcer,item_sequence=198601920|flags=gi_bleeding_ulcer,위장관 출혈 또는 궤양 위험과 관련된 제품이 포함되어 있습니다.,복용 전 의사 또는 약사와 상담하세요.,src/lib/otc/engine.ts:1030,,,provisional,inactive_candidate,machine_candidate_not_shortlisted,included,,false,,false,,false,,,,
EXP-OTC-01-NB-P4-B24-alcohol,OTC-V51-EU-1d731ee0ab821c82,OTC-RULE-011,alcohol,released,high,EXP-OTC-01,201110646,MFDS-201110646,덱스피드연질캡슐(덱시부프로펜),ING-dexibuprofen,덱시부프로펜,product_authorized_ingredient_set_not_excerpt_attribution,NB,MFDS-NEDRUG-DETAIL,https://nedrug.mfds.go.kr/dsie/pdf/drb/201110646/NB,sha256:1fb48f840d563a2ee2e20c1cf8d9b5d4f5461704db10a8c0970512869889b394,1fb48f840d563a2ee2e20c1cf8d9b5d4f5461704db10a8c0970512869889b394,0d2f7579415b91552d25a0ba136b6f1decd0ce3dc77ad2d26f6f0b5bdf53e39a,2026-07-14,2026-07-14T02:56:31.878369+00:00,"사용상의주의사항 PDF p.4, 문단 24","(1) 코르티코스테로이드, 알코올 : 위장관계 이상반응, 위장관 출혈의 위험이 있다.",false,,,,false,,,,,acetaminophen_regular_alcohol_use,item_sequence=202106092|ingredient_id=ING-acetaminophen|flags=alcohol,음주와 함께 복용할 때 주의가 필요한 제품이 포함되어 있습니다.,음주 중 복용 전 약사 또는 의사와 상담하세요.,src/lib/otc/engine.ts:1044,,,provisional,inactive_candidate,machine_candidate_not_shortlisted,included,,true,location:OTC-V51-EU-1d731ee0ab821c82,true,OTC-V51-EU-1d731ee0ab821c82,false,,,,
EXP-OTC-01-NB-P4-B24-gi_bleeding_ulcer,OTC-V51-EU-1d731ee0ab821c82,OTC-RULE-009,gi_bleeding_ulcer,released,high,EXP-OTC-01,201110646,MFDS-201110646,덱스피드연질캡슐(덱시부프로펜),ING-dexibuprofen,덱시부프로펜,product_authorized_ingredient_set_not_excerpt_attribution,NB,MFDS-NEDRUG-DETAIL,https://nedrug.mfds.go.kr/dsie/pdf/drb/201110646/NB,sha256:1fb48f840d563a2ee2e20c1cf8d9b5d4f5461704db10a8c0970512869889b394,1fb48f840d563a2ee2e20c1cf8d9b5d4f5461704db10a8c0970512869889b394,0d2f7579415b91552d25a0ba136b6f1decd0ce3dc77ad2d26f6f0b5bdf53e39a,2026-07-14,2026-07-14T02:56:31.878369+00:00,"사용상의주의사항 PDF p.4, 문단 24","(1) 코르티코스테로이드, 알코올 : 위장관계 이상반응, 위장관 출혈의 위험이 있다.",false,,,,false,,,,,ibuprofen_gi_bleeding_or_ulcer,item_sequence=198601920|flags=gi_bleeding_ulcer,위장관 출혈 또는 궤양 위험과 관련된 제품이 포함되어 있습니다.,복용 전 의사 또는 약사와 상담하세요.,src/lib/otc/engine.ts:1030,,,provisional,inactive_candidate,machine_candidate_not_shortlisted,included,,true,location:OTC-V51-EU-1d731ee0ab821c82,true,OTC-V51-EU-1d731ee0ab821c82,false,,,,
EXP-OTC-01-NB-P4-B4-age_restriction,OTC-V51-EU-175a6be96bb244bc,OTC-RULE-005,age_restriction,released,high,EXP-OTC-01,201110646,MFDS-201110646,덱스피드연질캡슐(덱시부프로펜),ING-dexibuprofen,덱시부프로펜,product_authorized_ingredient_set_not_excerpt_attribution,NB,MFDS-NEDRUG-DETAIL,https://nedrug.mfds.go.kr/dsie/pdf/drb/201110646/NB,sha256:1fb48f840d563a2ee2e20c1cf8d9b5d4f5461704db10a8c0970512869889b394,1fb48f840d563a2ee2e20c1cf8d9b5d4f5461704db10a8c0970512869889b394,0d2f7579415b91552d25a0ba136b6f1decd0ce3dc77ad2d26f6f0b5bdf53e39a,2026-07-14,2026-07-14T02:56:31.878369+00:00,"사용상의주의사항 PDF p.4, 문단 4","9) 고령자(노인)(이상반응이 나타나기 쉬우므로 소량부터 투여를 개시하고 필요한 최소량으로 투여하며, 이",false,,,,false,,,,,tylenol500_minimum_age_12,item_sequence=202106092|minimum_age_years=12,입력한 연령에 적용되는 제한 또는 별도 용량 기준이 있습니다.,소아·고령자 용법을 제품 허가사항과 전문가에게 확인하세요.,src/lib/otc/engine.ts:971,,,provisional,inactive_candidate,machine_candidate_not_shortlisted,included,,false,,false,,false,,,,
EXP-OTC-01-NB-P4-B6-age_restriction,OTC-V51-EU-b6742e996c1c54f7,OTC-RULE-005,age_restriction,released,high,EXP-OTC-01,201110646,MFDS-201110646,덱스피드연질캡슐(덱시부프로펜),ING-dexibuprofen,덱시부프로펜,product_authorized_ingredient_set_not_excerpt_attribution,NB,MFDS-NEDRUG-DETAIL,https://nedrug.mfds.go.kr/dsie/pdf/drb/201110646/NB,sha256:1fb48f840d563a2ee2e20c1cf8d9b5d4f5461704db10a8c0970512869889b394,1fb48f840d563a2ee2e20c1cf8d9b5d4f5461704db10a8c0970512869889b394,0d2f7579415b91552d25a0ba136b6f1decd0ce3dc77ad2d26f6f0b5bdf53e39a,2026-07-14,2026-07-14T02:56:31.878369+00:00,"사용상의주의사항 PDF p.4, 문단 6",10) 6세 이상의 어린이(6세 미만의 어린이에 대한 안전성 및 유효성은 확립되어 있지 않다. 6세 이상의 어린,false,,,,false,,,,,tylenol500_minimum_age_12,item_sequence=202106092|minimum_age_years=12,입력한 연령에 적용되는 제한 또는 별도 용량 기준이 있습니다.,소아·고령자 용법을 제품 허가사항과 전문가에게 확인하세요.,src/lib/otc/engine.ts:971,,,provisional,inactive_candidate,machine_candidate_not_shortlisted,included,,false,,false,,false,,,,
EXP-OTC-01-NB-P4-B9-alcohol,OTC-V51-EU-526b93d36b7f4bd6,OTC-RULE-011,alcohol,released,high,EXP-OTC-01,201110646,MFDS-201110646,덱스피드연질캡슐(덱시부프로펜),ING-dexibuprofen,덱시부프로펜,product_authorized_ingredient_set_not_excerpt_attribution,NB,MFDS-NEDRUG-DETAIL,https://nedrug.mfds.go.kr/dsie/pdf/drb/201110646/NB,sha256:1fb48f840d563a2ee2e20c1cf8d9b5d4f5461704db10a8c0970512869889b394,1fb48f840d563a2ee2e20c1cf8d9b5d4f5461704db10a8c0970512869889b394,0d2f7579415b91552d25a0ba136b6f1decd0ce3dc77ad2d26f6f0b5bdf53e39a,2026-07-14,2026-07-14T02:56:31.878369+00:00,"사용상의주의사항 PDF p.4, 문단 9",12) 알코올중독 환자,false,,,,false,,,,,acetaminophen_regular_alcohol_use,item_sequence=202106092|ingredient_id=ING-acetaminophen|flags=alcohol,음주와 함께 복용할 때 주의가 필요한 제품이 포함되어 있습니다.,음주 중 복용 전 약사 또는 의사와 상담하세요.,src/lib/otc/engine.ts:1044,,,provisional,inactive_candidate,machine_candidate_not_shortlisted,included,,false,,false,,false,,,,
EXP-OTC-01-NB-P5-B10-renal_disease,OTC-V51-EU-6618b5d6a1dc2d55,OTC-RULE-008,renal_disease,released,high,EXP-OTC-01,201110646,MFDS-201110646,덱스피드연질캡슐(덱시부프로펜),ING-dexibuprofen,덱시부프로펜,product_authorized_ingredient_set_not_excerpt_attribution,NB,MFDS-NEDRUG-DETAIL,https://nedrug.mfds.go.kr/dsie/pdf/drb/201110646/NB,sha256:1fb48f840d563a2ee2e20c1cf8d9b5d4f5461704db10a8c0970512869889b394,1fb48f840d563a2ee2e20c1cf8d9b5d4f5461704db10a8c0970512869889b394,bcb16c6f770535f887796ba763aabefb22038439e8ae8e8eadbef8243d86fd05,2026-07-14,2026-07-14T02:56:31.878369+00:00,"사용상의주의사항 PDF p.5, 문단 10",물과 비스테로이드성 소염(항염)진통제를 병용투여(함께 복용)하는 동안 신장애(신장 장애) 증상 및 신부전,false,,,,false,,,,,ibuprofen_kidney_disease,item_sequence=198601920|flags=renal_disease,신장질환과 관련해 주의가 필요한 제품이 포함되어 있습니다.,복용 전 의사 또는 약사와 상담하세요.,src/lib/otc/engine.ts:1023,,,provisional,inactive_candidate,machine_candidate_not_shortlisted,included,,false,,false,,false,,,,
EXP-OTC-01-NB-P5-B15-anticoagulant_antiplatelet,OTC-V51-EU-f143f023f43e2028,OTC-RULE-012,anticoagulant_antiplatelet,released,high,EXP-OTC-01,201110646,MFDS-201110646,덱스피드연질캡슐(덱시부프로펜),ING-dexibuprofen,덱시부프로펜,product_authorized_ingredient_set_not_excerpt_attribution,NB,MFDS-NEDRUG-DETAIL,https://nedrug.mfds.go.kr/dsie/pdf/drb/201110646/NB,sha256:1fb48f840d563a2ee2e20c1cf8d9b5d4f5461704db10a8c0970512869889b394,1fb48f840d563a2ee2e20c1cf8d9b5d4f5461704db10a8c0970512869889b394,bcb16c6f770535f887796ba763aabefb22038439e8ae8e8eadbef8243d86fd05,2026-07-14,2026-07-14T02:56:31.878369+00:00,"사용상의주의사항 PDF p.5, 문단 15",(8) 쿠마린계 항응고제(와르파린 등) : 위장관계 출혈에 대하여 와르파린과 비스테로이드성 소염(항염)진통,false,,,,false,,,,,ibuprofen_warfarin_or_coumarin_anticoagulant,item_sequence=198601920|flags=anticoagulant_antiplatelet,항응고제 또는 항혈소판제와 병용할 때 주의가 필요할 수 있습니다.,복용 전 처방한 의료진 또는 약사와 상담하세요.,src/lib/otc/engine.ts:1061,,,provisional,inactive_candidate,machine_candidate_not_shortlisted,included,,true,location:OTC-V51-EU-f143f023f43e2028,true,OTC-V51-EU-f143f023f43e2028,false,,,,
EXP-OTC-01-NB-P5-B15-gi_bleeding_ulcer,OTC-V51-EU-f143f023f43e2028,OTC-RULE-009,gi_bleeding_ulcer,released,high,EXP-OTC-01,201110646,MFDS-201110646,덱스피드연질캡슐(덱시부프로펜),ING-dexibuprofen,덱시부프로펜,product_authorized_ingredient_set_not_excerpt_attribution,NB,MFDS-NEDRUG-DETAIL,https://nedrug.mfds.go.kr/dsie/pdf/drb/201110646/NB,sha256:1fb48f840d563a2ee2e20c1cf8d9b5d4f5461704db10a8c0970512869889b394,1fb48f840d563a2ee2e20c1cf8d9b5d4f5461704db10a8c0970512869889b394,bcb16c6f770535f887796ba763aabefb22038439e8ae8e8eadbef8243d86fd05,2026-07-14,2026-07-14T02:56:31.878369+00:00,"사용상의주의사항 PDF p.5, 문단 15",(8) 쿠마린계 항응고제(와르파린 등) : 위장관계 출혈에 대하여 와르파린과 비스테로이드성 소염(항염)진통,false,,,,false,,,,,ibuprofen_gi_bleeding_or_ulcer,item_sequence=198601920|flags=gi_bleeding_ulcer,위장관 출혈 또는 궤양 위험과 관련된 제품이 포함되어 있습니다.,복용 전 의사 또는 약사와 상담하세요.,src/lib/otc/engine.ts:1030,,,provisional,inactive_candidate,machine_candidate_not_shortlisted,included,,true,location:OTC-V51-EU-f143f023f43e2028,true,OTC-V51-EU-f143f023f43e2028,false,,,,
EXP-OTC-01-NB-P5-B17-gi_bleeding_ulcer,OTC-V51-EU-dd21195a53482cd5,OTC-RULE-009,gi_bleeding_ulcer,released,high,EXP-OTC-01,201110646,MFDS-201110646,덱스피드연질캡슐(덱시부프로펜),ING-dexibuprofen,덱시부프로펜,product_authorized_ingredient_set_not_excerpt_attribution,NB,MFDS-NEDRUG-DETAIL,https://nedrug.mfds.go.kr/dsie/pdf/drb/201110646/NB,sha256:1fb48f840d563a2ee2e20c1cf8d9b5d4f5461704db10a8c0970512869889b394,1fb48f840d563a2ee2e20c1cf8d9b5d4f5461704db10a8c0970512869889b394,bcb16c6f770535f887796ba763aabefb22038439e8ae8e8eadbef8243d86fd05,2026-07-14,2026-07-14T02:56:31.878369+00:00,"사용상의주의사항 PDF p.5, 문단 17",(심한 증상)의 위장관계 출혈의 위험이 높아질 수 있으므로 관찰을 충분히 하고 감량(줄임)하는 등 신중히 투,false,,,,false,,,,,ibuprofen_gi_bleeding_or_ulcer,item_sequence=198601920|flags=gi_bleeding_ulcer,위장관 출혈 또는 궤양 위험과 관련된 제품이 포함되어 있습니다.,복용 전 의사 또는 약사와 상담하세요.,src/lib/otc/engine.ts:1030,,,provisional,inactive_candidate,machine_candidate_not_shortlisted,included,,false,,false,,false,,,,
EXP-OTC-01-NB-P5-B24-anticoagulant_antiplatelet,OTC-V51-EU-920234f0af129770,OTC-RULE-012,anticoagulant_antiplatelet,released,high,EXP-OTC-01,201110646,MFDS-201110646,덱스피드연질캡슐(덱시부프로펜),ING-dexibuprofen,덱시부프로펜,product_authorized_ingredient_set_not_excerpt_attribution,NB,MFDS-NEDRUG-DETAIL,https://nedrug.mfds.go.kr/dsie/pdf/drb/201110646/NB,sha256:1fb48f840d563a2ee2e20c1cf8d9b5d4f5461704db10a8c0970512869889b394,1fb48f840d563a2ee2e20c1cf8d9b5d4f5461704db10a8c0970512869889b394,bcb16c6f770535f887796ba763aabefb22038439e8ae8e8eadbef8243d86fd05,2026-07-14,2026-07-14T02:56:31.878369+00:00,"사용상의주의사항 PDF p.5, 문단 24",병용(함께 복용)시 항혈소판 효과가 증가하는 위험이 있다.,false,,,,false,,,,,ibuprofen_warfarin_or_coumarin_anticoagulant,item_sequence=198601920|flags=anticoagulant_antiplatelet,항응고제 또는 항혈소판제와 병용할 때 주의가 필요할 수 있습니다.,복용 전 처방한 의료진 또는 약사와 상담하세요.,src/lib/otc/engine.ts:1061,,,provisional,inactive_candidate,machine_candidate_not_shortlisted,included,,false,,false,,false,,,,
EXP-OTC-01-NB-P5-B28-sedative_medication,OTC-V51-EU-b050a3810011a3f3,OTC-RULE-013,sedative_medication,released,high,EXP-OTC-01,201110646,MFDS-201110646,덱스피드연질캡슐(덱시부프로펜),ING-dexibuprofen,덱시부프로펜,product_authorized_ingredient_set_not_excerpt_attribution,NB,MFDS-NEDRUG-DETAIL,https://nedrug.mfds.go.kr/dsie/pdf/drb/201110646/NB,sha256:1fb48f840d563a2ee2e20c1cf8d9b5d4f5461704db10a8c0970512869889b394,1fb48f840d563a2ee2e20c1cf8d9b5d4f5461704db10a8c0970512869889b394,bcb16c6f770535f887796ba763aabefb22038439e8ae8e8eadbef8243d86fd05,2026-07-14,2026-07-14T02:56:31.878369+00:00,"사용상의주의사항 PDF p.5, 문단 28","(13) CYP2C8, CYP2C9의 유도제(예, 리팜피신, 페노바르비탈) : 이 약의 대사를 증가하고 약효를 감소시킬",false,,"사용상의주의사항 PDF p.5, 문단 28","(13) CYP2C8, CYP2C9의 유도제(예, 리팜피신, 페노바르비탈) : 이 약의 대사를 증가하고 약효를 감소시킬",false,,,,,pancol_a_sedative_or_overlapping_cold_medicine,item_sequence=196800036|flags=sedative_medication,진정 작용이 있는 약물과 함께 복용할 때 주의가 필요할 수 있습니다.,복용 전 약사 또는 의사와 상담하세요.,src/lib/otc/engine.ts:1077,2,alternative_context,needs_expert_review,inactive_candidate,shortlisted_context_not_expert_verified,included,,false,,false,,false,,,,
EXP-OTC-01-NB-P5-B5-decongestant_hypertension,OTC-V51-EU-bb3bf6c8490be14d,OTC-RULE-014,decongestant_hypertension,released,high,EXP-OTC-01,201110646,MFDS-201110646,덱스피드연질캡슐(덱시부프로펜),ING-dexibuprofen,덱시부프로펜,product_authorized_ingredient_set_not_excerpt_attribution,NB,MFDS-NEDRUG-DETAIL,https://nedrug.mfds.go.kr/dsie/pdf/drb/201110646/NB,sha256:1fb48f840d563a2ee2e20c1cf8d9b5d4f5461704db10a8c0970512869889b394,1fb48f840d563a2ee2e20c1cf8d9b5d4f5461704db10a8c0970512869889b394,bcb16c6f770535f887796ba763aabefb22038439e8ae8e8eadbef8243d86fd05,2026-07-14,2026-07-14T02:56:31.878369+00:00,"사용상의주의사항 PDF p.5, 문단 5",억제제 또는 안지오텐신Ⅱ 수용체 길항제(억제제)의 항고혈압효과가 감소될 수 있다는 보고가 있으므로 이,false,,,,false,,,,,pancol_a_phenylephrine_hypertension,item_sequence=196800036|flags=decongestant_hypertension,고혈압 또는 심혈관질환에서 비충혈제거제 주의가 필요할 수 있습니다.,복용 전 의사 또는 약사와 상담하세요.,src/lib/otc/engine.ts:1051,,,provisional,inactive_candidate,machine_candidate_not_shortlisted,included,,false,,false,,false,,,,
EXP-OTC-01-NB-P6-B13-urgent_referral,OTC-V51-EU-74e4443569518aa6,OTC-RULE-016,urgent_referral,released,urgent,EXP-OTC-01,201110646,MFDS-201110646,덱스피드연질캡슐(덱시부프로펜),ING-dexibuprofen,덱시부프로펜,product_authorized_ingredient_set_not_excerpt_attribution,NB,MFDS-NEDRUG-DETAIL,https://nedrug.mfds.go.kr/dsie/pdf/drb/201110646/NB,sha256:1fb48f840d563a2ee2e20c1cf8d9b5d4f5461704db10a8c0970512869889b394,1fb48f840d563a2ee2e20c1cf8d9b5d4f5461704db10a8c0970512869889b394,ff34b173aa508a927c6d8b8683d772306bbcfd94dc19c8ad92dbf5adc063dc08,2026-07-14,2026-07-14T02:56:31.878369+00:00,"사용상의주의사항 PDF p.6, 문단 13","6. 다음과 같은 경우 이 약의 복용을 즉시 중지하고 의사, 치과의사, 약사와 상의할 것. 상담시 가능한한 이 첨부",false,,"사용상의주의사항 PDF p.6, 문단 13","6. 다음과 같은 경우 이 약의 복용을 즉시 중지하고 의사, 치과의사, 약사와 상의할 것. 상담시 가능한한 이 첨부",false,,,,,tylenol500_stop_and_consult_symptoms,item_sequence=202106092|red_flag_terms=호흡곤란;온몸이 붉어짐;혈관부기;두드러기;천식발작;얼굴부기;저혈압;쇽;스티븐스-존슨;스티븐스 존슨;독성표피괴사;리엘 증후군,즉시 상담 또는 진료가 필요한 증상이 입력되었습니다.,지체하지 말고 의료기관 또는 응급상담을 이용하세요.,src/lib/otc/engine.ts:1214,2,alternative_context,needs_expert_review,inactive_candidate,shortlisted_context_not_expert_verified,included,,false,,false,,false,,,,
EXP-OTC-01-NB-P6-B22-gi_bleeding_ulcer,OTC-V51-EU-d16c098e3d998bbb,OTC-RULE-009,gi_bleeding_ulcer,released,high,EXP-OTC-01,201110646,MFDS-201110646,덱스피드연질캡슐(덱시부프로펜),ING-dexibuprofen,덱시부프로펜,product_authorized_ingredient_set_not_excerpt_attribution,NB,MFDS-NEDRUG-DETAIL,https://nedrug.mfds.go.kr/dsie/pdf/drb/201110646/NB,sha256:1fb48f840d563a2ee2e20c1cf8d9b5d4f5461704db10a8c0970512869889b394,1fb48f840d563a2ee2e20c1cf8d9b5d4f5461704db10a8c0970512869889b394,ff34b173aa508a927c6d8b8683d772306bbcfd94dc19c8ad92dbf5adc063dc08,2026-07-14,2026-07-14T02:56:31.878369+00:00,"사용상의주의사항 PDF p.6, 문단 22","출혈성 대장염, 궤양성 대장염 또는 크론병, 소화성궤양 위장출혈, 천공(뚫림), 혈변, 위염, 췌장(이자)염 매",false,,,,false,,,,,ibuprofen_gi_bleeding_or_ulcer,item_sequence=198601920|flags=gi_bleeding_ulcer,위장관 출혈 또는 궤양 위험과 관련된 제품이 포함되어 있습니다.,복용 전 의사 또는 약사와 상담하세요.,src/lib/otc/engine.ts:1030,,,provisional,inactive_candidate,machine_candidate_not_shortlisted,included,,false,,false,,false,,,,
EXP-OTC-01-NB-P6-B4-anticoagulant_antiplatelet,OTC-V51-EU-d32bb15ee8741944,OTC-RULE-012,anticoagulant_antiplatelet,released,high,EXP-OTC-01,201110646,MFDS-201110646,덱스피드연질캡슐(덱시부프로펜),ING-dexibuprofen,덱시부프로펜,product_authorized_ingredient_set_not_excerpt_attribution,NB,MFDS-NEDRUG-DETAIL,https://nedrug.mfds.go.kr/dsie/pdf/drb/201110646/NB,sha256:1fb48f840d563a2ee2e20c1cf8d9b5d4f5461704db10a8c0970512869889b394,1fb48f840d563a2ee2e20c1cf8d9b5d4f5461704db10a8c0970512869889b394,ff34b173aa508a927c6d8b8683d772306bbcfd94dc19c8ad92dbf5adc063dc08,2026-07-14,2026-07-14T02:56:31.878369+00:00,"사용상의주의사항 PDF p.6, 문단 4",(15) 항혈소판제 및 선택적 세로토닌 재흡수 억제제(SSRI) : 이 약과 병용 시 위장관 출혈의 위험이 증가할,false,,,,false,,,,,ibuprofen_warfarin_or_coumarin_anticoagulant,item_sequence=198601920|flags=anticoagulant_antiplatelet,항응고제 또는 항혈소판제와 병용할 때 주의가 필요할 수 있습니다.,복용 전 처방한 의료진 또는 약사와 상담하세요.,src/lib/otc/engine.ts:1061,,,provisional,inactive_candidate,machine_candidate_not_shortlisted,included,,true,location:OTC-V51-EU-d32bb15ee8741944,true,OTC-V51-EU-d32bb15ee8741944,false,,,,
EXP-OTC-01-NB-P6-B4-gi_bleeding_ulcer,OTC-V51-EU-d32bb15ee8741944,OTC-RULE-009,gi_bleeding_ulcer,released,high,EXP-OTC-01,201110646,MFDS-201110646,덱스피드연질캡슐(덱시부프로펜),ING-dexibuprofen,덱시부프로펜,product_authorized_ingredient_set_not_excerpt_attribution,NB,MFDS-NEDRUG-DETAIL,https://nedrug.mfds.go.kr/dsie/pdf/drb/201110646/NB,sha256:1fb48f840d563a2ee2e20c1cf8d9b5d4f5461704db10a8c0970512869889b394,1fb48f840d563a2ee2e20c1cf8d9b5d4f5461704db10a8c0970512869889b394,ff34b173aa508a927c6d8b8683d772306bbcfd94dc19c8ad92dbf5adc063dc08,2026-07-14,2026-07-14T02:56:31.878369+00:00,"사용상의주의사항 PDF p.6, 문단 4",(15) 항혈소판제 및 선택적 세로토닌 재흡수 억제제(SSRI) : 이 약과 병용 시 위장관 출혈의 위험이 증가할,false,,,,false,,,,,ibuprofen_gi_bleeding_or_ulcer,item_sequence=198601920|flags=gi_bleeding_ulcer,위장관 출혈 또는 궤양 위험과 관련된 제품이 포함되어 있습니다.,복용 전 의사 또는 약사와 상담하세요.,src/lib/otc/engine.ts:1030,,,provisional,inactive_candidate,machine_candidate_not_shortlisted,included,,true,location:OTC-V51-EU-d32bb15ee8741944,true,OTC-V51-EU-d32bb15ee8741944,false,,,,
EXP-OTC-01-NB-P7-B15-decongestant_hypertension,OTC-V51-EU-1830eb00e122ca17,OTC-RULE-014,decongestant_hypertension,released,high,EXP-OTC-01,201110646,MFDS-201110646,덱스피드연질캡슐(덱시부프로펜),ING-dexibuprofen,덱시부프로펜,product_authorized_ingredient_set_not_excerpt_attribution,NB,MFDS-NEDRUG-DETAIL,https://nedrug.mfds.go.kr/dsie/pdf/drb/201110646/NB,sha256:1fb48f840d563a2ee2e20c1cf8d9b5d4f5461704db10a8c0970512869889b394,1fb48f840d563a2ee2e20c1cf8d9b5d4f5461704db10a8c0970512869889b394,576c1739d10fcd8293ac1e5a168683b8fa033bf784857483d51f12d89782e0de,2026-07-14,2026-07-14T02:56:31.878369+00:00,"사용상의주의사항 PDF p.7, 문단 15","12) 심혈관계 : 말초부종(부기)이 나타날 수 있고, 심부전이 있는 환자의 경우 급성 폐부종(부기)의 위험이 증",false,,,,false,,,,,pancol_a_phenylephrine_hypertension,item_sequence=196800036|flags=decongestant_hypertension,고혈압 또는 심혈관질환에서 비충혈제거제 주의가 필요할 수 있습니다.,복용 전 의사 또는 약사와 상담하세요.,src/lib/otc/engine.ts:1051,,,provisional,inactive_candidate,machine_candidate_not_shortlisted,included,,false,,false,,false,,,,
EXP-OTC-01-NB-P7-B16-age_restriction,OTC-V51-EU-c126326a79923a9d,OTC-RULE-005,age_restriction,released,high,EXP-OTC-01,201110646,MFDS-201110646,덱스피드연질캡슐(덱시부프로펜),ING-dexibuprofen,덱시부프로펜,product_authorized_ingredient_set_not_excerpt_attribution,NB,MFDS-NEDRUG-DETAIL,https://nedrug.mfds.go.kr/dsie/pdf/drb/201110646/NB,sha256:1fb48f840d563a2ee2e20c1cf8d9b5d4f5461704db10a8c0970512869889b394,1fb48f840d563a2ee2e20c1cf8d9b5d4f5461704db10a8c0970512869889b394,576c1739d10fcd8293ac1e5a168683b8fa033bf784857483d51f12d89782e0de,2026-07-14,2026-07-14T02:56:31.878369+00:00,"사용상의주의사항 PDF p.7, 문단 16",가할 수 있다. 또한 고혈압이나 신부전 환자는 체액저류(체액고임)가 나타날 수 있다. 특히 고령자(노인)에게,false,,,,false,,,,,tylenol500_minimum_age_12,item_sequence=202106092|minimum_age_years=12,입력한 연령에 적용되는 제한 또는 별도 용량 기준이 있습니다.,소아·고령자 용법을 제품 허가사항과 전문가에게 확인하세요.,src/lib/otc/engine.ts:971,,,provisional,inactive_candidate,machine_candidate_not_shortlisted,included,,true,location:OTC-V51-EU-c126326a79923a9d,true,OTC-V51-EU-c126326a79923a9d,false,,,,
EXP-OTC-01-NB-P7-B16-decongestant_hypertension,OTC-V51-EU-c126326a79923a9d,OTC-RULE-014,decongestant_hypertension,released,high,EXP-OTC-01,201110646,MFDS-201110646,덱스피드연질캡슐(덱시부프로펜),ING-dexibuprofen,덱시부프로펜,product_authorized_ingredient_set_not_excerpt_attribution,NB,MFDS-NEDRUG-DETAIL,https://nedrug.mfds.go.kr/dsie/pdf/drb/201110646/NB,sha256:1fb48f840d563a2ee2e20c1cf8d9b5d4f5461704db10a8c0970512869889b394,1fb48f840d563a2ee2e20c1cf8d9b5d4f5461704db10a8c0970512869889b394,576c1739d10fcd8293ac1e5a168683b8fa033bf784857483d51f12d89782e0de,2026-07-14,2026-07-14T02:56:31.878369+00:00,"사용상의주의사항 PDF p.7, 문단 16",가할 수 있다. 또한 고혈압이나 신부전 환자는 체액저류(체액고임)가 나타날 수 있다. 특히 고령자(노인)에게,false,,,,false,,,,,pancol_a_phenylephrine_hypertension,item_sequence=196800036|flags=decongestant_hypertension,고혈압 또는 심혈관질환에서 비충혈제거제 주의가 필요할 수 있습니다.,복용 전 의사 또는 약사와 상담하세요.,src/lib/otc/engine.ts:1051,,,provisional,inactive_candidate,machine_candidate_not_shortlisted,included,,true,location:OTC-V51-EU-c126326a79923a9d,true,OTC-V51-EU-c126326a79923a9d,false,,,,
EXP-OTC-01-NB-P7-B17-decongestant_hypertension,OTC-V51-EU-2af05b4623c677e4,OTC-RULE-014,decongestant_hypertension,released,high,EXP-OTC-01,201110646,MFDS-201110646,덱스피드연질캡슐(덱시부프로펜),ING-dexibuprofen,덱시부프로펜,product_authorized_ingredient_set_not_excerpt_attribution,NB,MFDS-NEDRUG-DETAIL,https://nedrug.mfds.go.kr/dsie/pdf/drb/201110646/NB,sha256:1fb48f840d563a2ee2e20c1cf8d9b5d4f5461704db10a8c0970512869889b394,1fb48f840d563a2ee2e20c1cf8d9b5d4f5461704db10a8c0970512869889b394,576c1739d10fcd8293ac1e5a168683b8fa033bf784857483d51f12d89782e0de,2026-07-14,2026-07-14T02:56:31.878369+00:00,"사용상의주의사항 PDF p.7, 문단 17",서 고혈압이나 심부전이 나타날 수 있다. 빈도 불명의 코니스 증후군이 나타날 수 있다.,false,,,,false,,,,,pancol_a_phenylephrine_hypertension,item_sequence=196800036|flags=decongestant_hypertension,고혈압 또는 심혈관질환에서 비충혈제거제 주의가 필요할 수 있습니다.,복용 전 의사 또는 약사와 상담하세요.,src/lib/otc/engine.ts:1051,,,provisional,inactive_candidate,machine_candidate_not_shortlisted,included,,false,,false,,false,,,,
EXP-OTC-01-NB-P7-B27-anticoagulant_antiplatelet,OTC-V51-EU-35880de7552c1a8e,OTC-RULE-012,anticoagulant_antiplatelet,released,high,EXP-OTC-01,201110646,MFDS-201110646,덱스피드연질캡슐(덱시부프로펜),ING-dexibuprofen,덱시부프로펜,product_authorized_ingredient_set_not_excerpt_attribution,NB,MFDS-NEDRUG-DETAIL,https://nedrug.mfds.go.kr/dsie/pdf/drb/201110646/NB,sha256:1fb48f840d563a2ee2e20c1cf8d9b5d4f5461704db10a8c0970512869889b394,1fb48f840d563a2ee2e20c1cf8d9b5d4f5461704db10a8c0970512869889b394,576c1739d10fcd8293ac1e5a168683b8fa033bf784857483d51f12d89782e0de,2026-07-14,2026-07-14T02:56:31.878369+00:00,"사용상의주의사항 PDF p.7, 문단 27","며, 필요시 혈액응고검사(항응고제투여시), 혈중 칼륨농도검사[칼륨저류(쌓임)제 투여시] 또는 혈중 리튬농",false,,,,false,,,,,ibuprofen_warfarin_or_coumarin_anticoagulant,item_sequence=198601920|flags=anticoagulant_antiplatelet,항응고제 또는 항혈소판제와 병용할 때 주의가 필요할 수 있습니다.,복용 전 처방한 의료진 또는 약사와 상담하세요.,src/lib/otc/engine.ts:1061,,,provisional,inactive_candidate,machine_candidate_not_shortlisted,included,,false,,false,,false,,,,
EXP-OTC-01-NB-P7-B28-hepatic_disease,OTC-V51-EU-bdbb5fe0014935a5,OTC-RULE-007,hepatic_disease,released,high,EXP-OTC-01,201110646,MFDS-201110646,덱스피드연질캡슐(덱시부프로펜),ING-dexibuprofen,덱시부프로펜,product_authorized_ingredient_set_not_excerpt_attribution,NB,MFDS-NEDRUG-DETAIL,https://nedrug.mfds.go.kr/dsie/pdf/drb/201110646/NB,sha256:1fb48f840d563a2ee2e20c1cf8d9b5d4f5461704db10a8c0970512869889b394,1fb48f840d563a2ee2e20c1cf8d9b5d4f5461704db10a8c0970512869889b394,576c1739d10fcd8293ac1e5a168683b8fa033bf784857483d51f12d89782e0de,2026-07-14,2026-07-14T02:56:31.878369+00:00,"사용상의주의사항 PDF p.7, 문단 28","도검사를 정기적으로 시행한다. 간질환 또는 신질환과 관련된 임상 증상이나 전신적인 징후(예, 호산구증가",false,,,,false,,,,,acetaminophen_liver_disease,item_sequence=202106092|ingredient_id=ING-acetaminophen|flags=hepatic_disease,간질환과 관련해 주의가 필요한 제품이 포함되어 있습니다.,복용 전 의사 또는 약사와 상담하세요.,src/lib/otc/engine.ts:1016,,,provisional,inactive_candidate,machine_candidate_not_shortlisted,included,,true,text:OTC-V51-TEXT-06901e70ebc8222f,false,,true,OTC-V51-TEXT-06901e70ebc8222f,,,
EXP-OTC-01-NB-P7-B5-sedation_driving,OTC-V51-EU-676af836560e59f3,OTC-RULE-010,sedation_driving,released,high,EXP-OTC-01,201110646,MFDS-201110646,덱스피드연질캡슐(덱시부프로펜),ING-dexibuprofen,덱시부프로펜,product_authorized_ingredient_set_not_excerpt_attribution,NB,MFDS-NEDRUG-DETAIL,https://nedrug.mfds.go.kr/dsie/pdf/drb/201110646/NB,sha256:1fb48f840d563a2ee2e20c1cf8d9b5d4f5461704db10a8c0970512869889b394,1fb48f840d563a2ee2e20c1cf8d9b5d4f5461704db10a8c0970512869889b394,576c1739d10fcd8293ac1e5a168683b8fa033bf784857483d51f12d89782e0de,2026-07-14,2026-07-14T02:56:31.878369+00:00,"사용상의주의사항 PDF p.7, 문단 5","9) 정신신경계 : 피로, 졸음, 두통, 어지러움, 때때로 불안, 안절부절, 착란, 우울증, 드물게 무균성 수막염이",false,,,,false,,,,,pancol_a_driving,item_sequence=196800036|flags=sedation_driving,졸림을 유발해 운전이나 기계 조작에 영향을 줄 수 있습니다.,운전·기계 조작을 피하고 허가사항을 확인하세요.,src/lib/otc/engine.ts:1037,,,provisional,inactive_candidate,machine_candidate_not_shortlisted,included,,false,,false,,false,,,,
EXP-OTC-01-NB-P8-B1-hepatic_disease,OTC-V51-EU-d6fb69573995d92a,OTC-RULE-007,hepatic_disease,released,high,EXP-OTC-01,201110646,MFDS-201110646,덱스피드연질캡슐(덱시부프로펜),ING-dexibuprofen,덱시부프로펜,product_authorized_ingredient_set_not_excerpt_attribution,NB,MFDS-NEDRUG-DETAIL,https://nedrug.mfds.go.kr/dsie/pdf/drb/201110646/NB,sha256:1fb48f840d563a2ee2e20c1cf8d9b5d4f5461704db10a8c0970512869889b394,1fb48f840d563a2ee2e20c1cf8d9b5d4f5461704db10a8c0970512869889b394,c2fa86a2ab8f0f16b41b9cfa1fdb2ea57325b9be20b91786f5f58ebe24e93da0,2026-07-14,2026-07-14T02:56:31.878369+00:00,"사용상의주의사항 PDF p.8, 문단 1","도검사를 정기적으로 시행한다. 간질환 또는 신질환과 관련된 임상 증상이나 전신적인 징후(예, 호산구증가",false,,,,false,,,,,acetaminophen_liver_disease,item_sequence=202106092|ingredient_id=ING-acetaminophen|flags=hepatic_disease,간질환과 관련해 주의가 필요한 제품이 포함되어 있습니다.,복용 전 의사 또는 약사와 상담하세요.,src/lib/otc/engine.ts:1016,,,provisional,inactive_candidate,machine_candidate_not_shortlisted,included,,true,text:OTC-V51-TEXT-06901e70ebc8222f,false,,true,OTC-V51-TEXT-06901e70ebc8222f,,,
EXP-OTC-01-NB-P8-B11-age_restriction,OTC-V51-EU-d2ed189c95d4cd8b,OTC-RULE-005,age_restriction,released,high,EXP-OTC-01,201110646,MFDS-201110646,덱스피드연질캡슐(덱시부프로펜),ING-dexibuprofen,덱시부프로펜,product_authorized_ingredient_set_not_excerpt_attribution,NB,MFDS-NEDRUG-DETAIL,https://nedrug.mfds.go.kr/dsie/pdf/drb/201110646/NB,sha256:1fb48f840d563a2ee2e20c1cf8d9b5d4f5461704db10a8c0970512869889b394,1fb48f840d563a2ee2e20c1cf8d9b5d4f5461704db10a8c0970512869889b394,c2fa86a2ab8f0f16b41b9cfa1fdb2ea57325b9be20b91786f5f58ebe24e93da0,2026-07-14,2026-07-14T02:56:31.878369+00:00,"사용상의주의사항 PDF p.8, 문단 11","(팔다리 찬느낌) 등의 증상이 나타날 수 있으므로 특히 고열을 수반하는 유아, 소아 및 고령자(노인) 또는 소",false,,,,false,,,,,tylenol500_minimum_age_12,item_sequence=202106092|minimum_age_years=12,입력한 연령에 적용되는 제한 또는 별도 용량 기준이 있습니다.,소아·고령자 용법을 제품 허가사항과 전문가에게 확인하세요.,src/lib/otc/engine.ts:971,,,provisional,inactive_candidate,machine_candidate_not_shortlisted,included,,false,,false,,false,,,,
EXP-OTC-01-NB-P8-B16-gi_bleeding_ulcer,OTC-V51-EU-19c561003f236ddf,OTC-RULE-009,gi_bleeding_ulcer,released,high,EXP-OTC-01,201110646,MFDS-201110646,덱스피드연질캡슐(덱시부프로펜),ING-dexibuprofen,덱시부프로펜,product_authorized_ingredient_set_not_excerpt_attribution,NB,MFDS-NEDRUG-DETAIL,https://nedrug.mfds.go.kr/dsie/pdf/drb/201110646/NB,sha256:1fb48f840d563a2ee2e20c1cf8d9b5d4f5461704db10a8c0970512869889b394,1fb48f840d563a2ee2e20c1cf8d9b5d4f5461704db10a8c0970512869889b394,c2fa86a2ab8f0f16b41b9cfa1fdb2ea57325b9be20b91786f5f58ebe24e93da0,2026-07-14,2026-07-14T02:56:31.878369+00:00,"사용상의주의사항 PDF p.8, 문단 16",7) 위장관계 이상반응 : 이 약을 포함한 비스테로이드성 소염(항염)진통제를 궤양성 질환 또는 위장관 출혈,false,,,,false,,,,,ibuprofen_gi_bleeding_or_ulcer,item_sequence=198601920|flags=gi_bleeding_ulcer,위장관 출혈 또는 궤양 위험과 관련된 제품이 포함되어 있습니다.,복용 전 의사 또는 약사와 상담하세요.,src/lib/otc/engine.ts:1030,,,provisional,inactive_candidate,machine_candidate_not_shortlisted,included,,false,,false,,false,,,,
EXP-OTC-01-NB-P8-B17-gi_bleeding_ulcer,OTC-V51-EU-93abf8afe31a13d0,OTC-RULE-009,gi_bleeding_ulcer,released,high,EXP-OTC-01,201110646,MFDS-201110646,덱스피드연질캡슐(덱시부프로펜),ING-dexibuprofen,덱시부프로펜,product_authorized_ingredient_set_not_excerpt_attribution,NB,MFDS-NEDRUG-DETAIL,https://nedrug.mfds.go.kr/dsie/pdf/drb/201110646/NB,sha256:1fb48f840d563a2ee2e20c1cf8d9b5d4f5461704db10a8c0970512869889b394,1fb48f840d563a2ee2e20c1cf8d9b5d4f5461704db10a8c0970512869889b394,c2fa86a2ab8f0f16b41b9cfa1fdb2ea57325b9be20b91786f5f58ebe24e93da0,2026-07-14,2026-07-14T02:56:31.878369+00:00,"사용상의주의사항 PDF p.8, 문단 17",의 병력이 있는 환자에게 처방시 극심한 주의를 기울여야 한다. 소화성 궤양 질환 및/또는 위장관 출혈의 병력,false,,,,false,,,,,ibuprofen_gi_bleeding_or_ulcer,item_sequence=198601920|flags=gi_bleeding_ulcer,위장관 출혈 또는 궤양 위험과 관련된 제품이 포함되어 있습니다.,복용 전 의사 또는 약사와 상담하세요.,src/lib/otc/engine.ts:1030,,,provisional,inactive_candidate,machine_candidate_not_shortlisted,included,,false,,false,,false,,,,
EXP-OTC-01-NB-P8-B19-gi_bleeding_ulcer,OTC-V51-EU-9ce1db3d8f74921d,OTC-RULE-009,gi_bleeding_ulcer,released,high,EXP-OTC-01,201110646,MFDS-201110646,덱스피드연질캡슐(덱시부프로펜),ING-dexibuprofen,덱시부프로펜,product_authorized_ingredient_set_not_excerpt_attribution,NB,MFDS-NEDRUG-DETAIL,https://nedrug.mfds.go.kr/dsie/pdf/drb/201110646/NB,sha256:1fb48f840d563a2ee2e20c1cf8d9b5d4f5461704db10a8c0970512869889b394,1fb48f840d563a2ee2e20c1cf8d9b5d4f5461704db10a8c0970512869889b394,c2fa86a2ab8f0f16b41b9cfa1fdb2ea57325b9be20b91786f5f58ebe24e93da0,2026-07-14,2026-07-14T02:56:31.878369+00:00,"사용상의주의사항 PDF p.8, 문단 19",출혈의 발생 위험이 10배 이상 증가하였다. 위장관계 출혈을 증가시키는 다른 위험인자로는 경구(먹는)용 코,false,,,,false,,,,,ibuprofen_gi_bleeding_or_ulcer,item_sequence=198601920|flags=gi_bleeding_ulcer,위장관 출혈 또는 궤양 위험과 관련된 제품이 포함되어 있습니다.,복용 전 의사 또는 약사와 상담하세요.,src/lib/otc/engine.ts:1030,,,provisional,inactive_candidate,machine_candidate_not_shortlisted,included,,false,,false,,false,,,,
EXP-OTC-01-NB-P8-B20-alcohol,OTC-V51-EU-b14e41e2d927a99e,OTC-RULE-011,alcohol,released,high,EXP-OTC-01,201110646,MFDS-201110646,덱스피드연질캡슐(덱시부프로펜),ING-dexibuprofen,덱시부프로펜,product_authorized_ingredient_set_not_excerpt_attribution,NB,MFDS-NEDRUG-DETAIL,https://nedrug.mfds.go.kr/dsie/pdf/drb/201110646/NB,sha256:1fb48f840d563a2ee2e20c1cf8d9b5d4f5461704db10a8c0970512869889b394,1fb48f840d563a2ee2e20c1cf8d9b5d4f5461704db10a8c0970512869889b394,c2fa86a2ab8f0f16b41b9cfa1fdb2ea57325b9be20b91786f5f58ebe24e93da0,2026-07-14,2026-07-14T02:56:31.878369+00:00,"사용상의주의사항 PDF p.8, 문단 20","르티코스테로이드 또는 항응고제 병용(함께 복용), 비스테로이드성 소염(항염)진통제의 장기 사용 알코올 섭",false,,,,false,,,,,acetaminophen_regular_alcohol_use,item_sequence=202106092|ingredient_id=ING-acetaminophen|flags=alcohol,음주와 함께 복용할 때 주의가 필요한 제품이 포함되어 있습니다.,음주 중 복용 전 약사 또는 의사와 상담하세요.,src/lib/otc/engine.ts:1044,,,provisional,inactive_candidate,machine_candidate_not_shortlisted,included,,true,location:OTC-V51-EU-b14e41e2d927a99e,true,OTC-V51-EU-b14e41e2d927a99e,false,,,,
EXP-OTC-01-NB-P8-B20-anticoagulant_antiplatelet,OTC-V51-EU-b14e41e2d927a99e,OTC-RULE-012,anticoagulant_antiplatelet,released,high,EXP-OTC-01,201110646,MFDS-201110646,덱스피드연질캡슐(덱시부프로펜),ING-dexibuprofen,덱시부프로펜,product_authorized_ingredient_set_not_excerpt_attribution,NB,MFDS-NEDRUG-DETAIL,https://nedrug.mfds.go.kr/dsie/pdf/drb/201110646/NB,sha256:1fb48f840d563a2ee2e20c1cf8d9b5d4f5461704db10a8c0970512869889b394,1fb48f840d563a2ee2e20c1cf8d9b5d4f5461704db10a8c0970512869889b394,c2fa86a2ab8f0f16b41b9cfa1fdb2ea57325b9be20b91786f5f58ebe24e93da0,2026-07-14,2026-07-14T02:56:31.878369+00:00,"사용상의주의사항 PDF p.8, 문단 20","르티코스테로이드 또는 항응고제 병용(함께 복용), 비스테로이드성 소염(항염)진통제의 장기 사용 알코올 섭",false,,,,false,,,,,ibuprofen_warfarin_or_coumarin_anticoagulant,item_sequence=198601920|flags=anticoagulant_antiplatelet,항응고제 또는 항혈소판제와 병용할 때 주의가 필요할 수 있습니다.,복용 전 처방한 의료진 또는 약사와 상담하세요.,src/lib/otc/engine.ts:1061,,,provisional,inactive_candidate,machine_candidate_not_shortlisted,included,,true,location:OTC-V51-EU-b14e41e2d927a99e,true,OTC-V51-EU-b14e41e2d927a99e,false,,,,
EXP-OTC-01-NB-P8-B21-age_restriction,OTC-V51-EU-f81bb4b7be2cdf1b,OTC-RULE-005,age_restriction,released,high,EXP-OTC-01,201110646,MFDS-201110646,덱스피드연질캡슐(덱시부프로펜),ING-dexibuprofen,덱시부프로펜,product_authorized_ingredient_set_not_excerpt_attribution,NB,MFDS-NEDRUG-DETAIL,https://nedrug.mfds.go.kr/dsie/pdf/drb/201110646/NB,sha256:1fb48f840d563a2ee2e20c1cf8d9b5d4f5461704db10a8c0970512869889b394,1fb48f840d563a2ee2e20c1cf8d9b5d4f5461704db10a8c0970512869889b394,c2fa86a2ab8f0f16b41b9cfa1fdb2ea57325b9be20b91786f5f58ebe24e93da0,2026-07-14,2026-07-14T02:56:31.878369+00:00,"사용상의주의사항 PDF p.8, 문단 21","취, 고령, 허약한 건강상태 등이 있다. 치명적인 위장관계 이상반응에 대한 자발적 보고의 대부분은 고령자(노",false,,,,false,,,,,tylenol500_minimum_age_12,item_sequence=202106092|minimum_age_years=12,입력한 연령에 적용되는 제한 또는 별도 용량 기준이 있습니다.,소아·고령자 용법을 제품 허가사항과 전문가에게 확인하세요.,src/lib/otc/engine.ts:971,,,provisional,inactive_candidate,machine_candidate_not_shortlisted,included,,false,,false,,false,,,,
EXP-OTC-01-NB-P8-B23-decongestant_hypertension,OTC-V51-EU-96317ca702ea99e2,OTC-RULE-014,decongestant_hypertension,released,high,EXP-OTC-01,201110646,MFDS-201110646,덱스피드연질캡슐(덱시부프로펜),ING-dexibuprofen,덱시부프로펜,product_authorized_ingredient_set_not_excerpt_attribution,NB,MFDS-NEDRUG-DETAIL,https://nedrug.mfds.go.kr/dsie/pdf/drb/201110646/NB,sha256:1fb48f840d563a2ee2e20c1cf8d9b5d4f5461704db10a8c0970512869889b394,1fb48f840d563a2ee2e20c1cf8d9b5d4f5461704db10a8c0970512869889b394,c2fa86a2ab8f0f16b41b9cfa1fdb2ea57325b9be20b91786f5f58ebe24e93da0,2026-07-14,2026-07-14T02:56:31.878369+00:00,"사용상의주의사항 PDF p.8, 문단 23","8) 고혈압 : 이 약을 포함한 비스테로이드성 소염(항염)진통제는 고혈압을 일으키거나, 기존의 고혈압을 악화",false,,,,false,,,,,pancol_a_phenylephrine_hypertension,item_sequence=196800036|flags=decongestant_hypertension,고혈압 또는 심혈관질환에서 비충혈제거제 주의가 필요할 수 있습니다.,복용 전 의사 또는 약사와 상담하세요.,src/lib/otc/engine.ts:1051,,,provisional,inactive_candidate,machine_candidate_not_shortlisted,included,,true,text:OTC-V51-TEXT-076157b685063601,false,,true,OTC-V51-TEXT-076157b685063601,,,
EXP-OTC-01-NB-P8-B24-decongestant_hypertension,OTC-V51-EU-a7ab1f020b9acf58,OTC-RULE-014,decongestant_hypertension,released,high,EXP-OTC-01,201110646,MFDS-201110646,덱스피드연질캡슐(덱시부프로펜),ING-dexibuprofen,덱시부프로펜,product_authorized_ingredient_set_not_excerpt_attribution,NB,MFDS-NEDRUG-DETAIL,https://nedrug.mfds.go.kr/dsie/pdf/drb/201110646/NB,sha256:1fb48f840d563a2ee2e20c1cf8d9b5d4f5461704db10a8c0970512869889b394,1fb48f840d563a2ee2e20c1cf8d9b5d4f5461704db10a8c0970512869889b394,c2fa86a2ab8f0f16b41b9cfa1fdb2ea57325b9be20b91786f5f58ebe24e93da0,2026-07-14,2026-07-14T02:56:31.878369+00:00,"사용상의주의사항 PDF p.8, 문단 24","시킬 수 있으며, 이로 인해 심혈관계 유해사례의 발생률이 증가될 수도 있다. 티아지드계 이뇨제 또는 루프형",false,,,,false,,,,,pancol_a_phenylephrine_hypertension,item_sequence=196800036|flags=decongestant_hypertension,고혈압 또는 심혈관질환에서 비충혈제거제 주의가 필요할 수 있습니다.,복용 전 의사 또는 약사와 상담하세요.,src/lib/otc/engine.ts:1051,,,provisional,inactive_candidate,machine_candidate_not_shortlisted,included,,false,,false,,false,,,,
EXP-OTC-01-NB-P8-B26-decongestant_hypertension,OTC-V51-EU-cd0c7c5fcb0b4ff5,OTC-RULE-014,decongestant_hypertension,released,high,EXP-OTC-01,201110646,MFDS-201110646,덱스피드연질캡슐(덱시부프로펜),ING-dexibuprofen,덱시부프로펜,product_authorized_ingredient_set_not_excerpt_attribution,NB,MFDS-NEDRUG-DETAIL,https://nedrug.mfds.go.kr/dsie/pdf/drb/201110646/NB,sha256:1fb48f840d563a2ee2e20c1cf8d9b5d4f5461704db10a8c0970512869889b394,1fb48f840d563a2ee2e20c1cf8d9b5d4f5461704db10a8c0970512869889b394,c2fa86a2ab8f0f16b41b9cfa1fdb2ea57325b9be20b91786f5f58ebe24e93da0,2026-07-14,2026-07-14T02:56:31.878369+00:00,"사용상의주의사항 PDF p.8, 문단 26",다. 이 약을 포함한 비스테로이드성 소염(항염)진통제는 고혈압 환자에서 신중히 투여해야 한다. 이 약의 투,false,,,,false,,,,,pancol_a_phenylephrine_hypertension,item_sequence=196800036|flags=decongestant_hypertension,고혈압 또는 심혈관질환에서 비충혈제거제 주의가 필요할 수 있습니다.,복용 전 의사 또는 약사와 상담하세요.,src/lib/otc/engine.ts:1051,,,provisional,inactive_candidate,machine_candidate_not_shortlisted,included,,false,,false,,false,,,,
EXP-OTC-01-NB-P9-B16-hepatic_disease,OTC-V51-EU-962a6ca63021d500,OTC-RULE-007,hepatic_disease,released,high,EXP-OTC-01,201110646,MFDS-201110646,덱스피드연질캡슐(덱시부프로펜),ING-dexibuprofen,덱시부프로펜,product_authorized_ingredient_set_not_excerpt_attribution,NB,MFDS-NEDRUG-DETAIL,https://nedrug.mfds.go.kr/dsie/pdf/drb/201110646/NB,sha256:1fb48f840d563a2ee2e20c1cf8d9b5d4f5461704db10a8c0970512869889b394,1fb48f840d563a2ee2e20c1cf8d9b5d4f5461704db10a8c0970512869889b394,a80d3a5e573a3065a4bbd127ea60eb5b9b4d19b2dca622b469c3bd60c9078ea0,2026-07-14,2026-07-14T02:56:31.878369+00:00,"사용상의주의사항 PDF p.9, 문단 16","여기간 동안 주의깊게 간기능의 악화 여부를 관찰하고, 간질환과 관련된 임상 증상이나 전신적인 징후(예: 호",false,,,,false,,,,,acetaminophen_liver_disease,item_sequence=202106092|ingredient_id=ING-acetaminophen|flags=hepatic_disease,간질환과 관련해 주의가 필요한 제품이 포함되어 있습니다.,복용 전 의사 또는 약사와 상담하세요.,src/lib/otc/engine.ts:1016,,,provisional,inactive_candidate,machine_candidate_not_shortlisted,included,,true,text:OTC-V51-TEXT-64b46da2eb98dc64,false,,true,OTC-V51-TEXT-64b46da2eb98dc64,,,
EXP-OTC-01-NB-P9-B22-anticoagulant_antiplatelet,OTC-V51-EU-0ad0b24301f73634,OTC-RULE-012,anticoagulant_antiplatelet,released,high,EXP-OTC-01,201110646,MFDS-201110646,덱스피드연질캡슐(덱시부프로펜),ING-dexibuprofen,덱시부프로펜,product_authorized_ingredient_set_not_excerpt_attribution,NB,MFDS-NEDRUG-DETAIL,https://nedrug.mfds.go.kr/dsie/pdf/drb/201110646/NB,sha256:1fb48f840d563a2ee2e20c1cf8d9b5d4f5461704db10a8c0970512869889b394,1fb48f840d563a2ee2e20c1cf8d9b5d4f5461704db10a8c0970512869889b394,a80d3a5e573a3065a4bbd127ea60eb5b9b4d19b2dca622b469c3bd60c9078ea0,2026-07-14,2026-07-14T02:56:31.878369+00:00,"사용상의주의사항 PDF p.9, 문단 22",역적(회복가능)이다. 응고 관련 질환이 있거나 항응고제를 투여하고 있는 경우와 같이 혈소판 기능 변경에 의,false,,,,false,,,,,ibuprofen_warfarin_or_coumarin_anticoagulant,item_sequence=198601920|flags=anticoagulant_antiplatelet,항응고제 또는 항혈소판제와 병용할 때 주의가 필요할 수 있습니다.,복용 전 처방한 의료진 또는 약사와 상담하세요.,src/lib/otc/engine.ts:1061,,,provisional,inactive_candidate,machine_candidate_not_shortlisted,included,,false,,false,,false,,,,
EXP-OTC-01-NB-P9-B4-maximum_duration,OTC-V51-EU-e376db64cf154cd9,OTC-RULE-015,maximum_duration,draft,caution,EXP-OTC-01,201110646,MFDS-201110646,덱스피드연질캡슐(덱시부프로펜),ING-dexibuprofen,덱시부프로펜,product_authorized_ingredient_set_not_excerpt_attribution,NB,MFDS-NEDRUG-DETAIL,https://nedrug.mfds.go.kr/dsie/pdf/drb/201110646/NB,sha256:1fb48f840d563a2ee2e20c1cf8d9b5d4f5461704db10a8c0970512869889b394,1fb48f840d563a2ee2e20c1cf8d9b5d4f5461704db10a8c0970512869889b394,a80d3a5e573a3065a4bbd127ea60eb5b9b4d19b2dca622b469c3bd60c9078ea0,2026-07-14,2026-07-14T02:56:31.878369+00:00,"사용상의주의사항 PDF p.9, 문단 4",10) 비스테로이드성 소염(항염)진통제를 장기간 복용시 신장(콩팥)유두괴사나 기타 신장(콩팥) 손상이 일어,false,,,,false,,,,,pancol_a_continuous_use,scope_only_no_structured_binding,허가된 연속 복용 기간을 넘었을 수 있습니다.,증상이 지속되면 추가 복용 대신 약사 또는 의사와 상담하세요.,src/lib/otc/engine.ts:991,,,provisional,inactive_candidate,machine_candidate_not_shortlisted,included,,true,text:OTC-V51-TEXT-4eaeab9f37d85e27,false,,true,OTC-V51-TEXT-4eaeab9f37d85e27,,,
EXP-OTC-01-NB-P9-B6-age_restriction,OTC-V51-EU-023c615fd39b96f0,OTC-RULE-005,age_restriction,released,high,EXP-OTC-01,201110646,MFDS-201110646,덱스피드연질캡슐(덱시부프로펜),ING-dexibuprofen,덱시부프로펜,product_authorized_ingredient_set_not_excerpt_attribution,NB,MFDS-NEDRUG-DETAIL,https://nedrug.mfds.go.kr/dsie/pdf/drb/201110646/NB,sha256:1fb48f840d563a2ee2e20c1cf8d9b5d4f5461704db10a8c0970512869889b394,1fb48f840d563a2ee2e20c1cf8d9b5d4f5461704db10a8c0970512869889b394,a80d3a5e573a3065a4bbd127ea60eb5b9b4d19b2dca622b469c3bd60c9078ea0,2026-07-14,2026-07-14T02:56:31.878369+00:00,"사용상의주의사항 PDF p.9, 문단 6","부전 환자, 이뇨제나 ACE 억제제를 투여 중인 환자, 고령자(노인) 등에서는 특별한 주의가 필요하다. 투약을",false,,,,false,,,,,tylenol500_minimum_age_12,item_sequence=202106092|minimum_age_years=12,입력한 연령에 적용되는 제한 또는 별도 용량 기준이 있습니다.,소아·고령자 용법을 제품 허가사항과 전문가에게 확인하세요.,src/lib/otc/engine.ts:971,,,provisional,inactive_candidate,machine_candidate_not_shortlisted,included,,false,,false,,false,,,,
EXP-OTC-02-NB-P1-B10-decongestant_hypertension,OTC-V51-EU-ed83a6275a1c03cd,OTC-RULE-014,decongestant_hypertension,released,high,EXP-OTC-02,197500016,MFDS-197500016,낙센정(나프록센),ING-naproxen,나프록센,product_authorized_ingredient_set_not_excerpt_attribution,NB,MFDS-NEDRUG-DETAIL,https://nedrug.mfds.go.kr/dsie/pdf/drb/197500016/NB,sha256:26f401879a1c0d4ba8d9a648564a7cfae48e373086d75ff4daa170f9ed0fe1a6,26f401879a1c0d4ba8d9a648564a7cfae48e373086d75ff4daa170f9ed0fe1a6,51b20428d6453857b54af8372a240a90422dfff00ce9a5cd03063528dc09dd1b,2026-07-14,2026-07-14T02:56:31.878369+00:00,"사용상의주의사항 PDF p.1, 문단 10",질환의 병력이 없는 경우에도 마찬가지로 적용된다. 환자는 중대한 심혈관계 독성의 징후 및/또는 증상 및 이,false,,,,false,,,,,pancol_a_phenylephrine_hypertension,item_sequence=196800036|flags=decongestant_hypertension,고혈압 또는 심혈관질환에서 비충혈제거제 주의가 필요할 수 있습니다.,복용 전 의사 또는 약사와 상담하세요.,src/lib/otc/engine.ts:1051,,,provisional,inactive_candidate,machine_candidate_not_shortlisted,included,,true,text:OTC-V51-TEXT-505a7d643b33b60b,false,,true,OTC-V51-TEXT-505a7d643b33b60b,,,
EXP-OTC-02-NB-P1-B14-age_restriction,OTC-V51-EU-7c1891b1026bee51,OTC-RULE-005,age_restriction,released,high,EXP-OTC-02,197500016,MFDS-197500016,낙센정(나프록센),ING-naproxen,나프록센,product_authorized_ingredient_set_not_excerpt_attribution,NB,MFDS-NEDRUG-DETAIL,https://nedrug.mfds.go.kr/dsie/pdf/drb/197500016/NB,sha256:26f401879a1c0d4ba8d9a648564a7cfae48e373086d75ff4daa170f9ed0fe1a6,26f401879a1c0d4ba8d9a648564a7cfae48e373086d75ff4daa170f9ed0fe1a6,51b20428d6453857b54af8372a240a90422dfff00ce9a5cd03063528dc09dd1b,2026-07-14,2026-07-14T02:56:31.878369+00:00,"사용상의주의사항 PDF p.1, 문단 14",있다. 이러한 이상반응은 투여 기간 동안에 경고 증상 없이 발생할 수 있다. 고령자(노인)는 중대한 위장관(창,false,,"사용상의주의사항 PDF p.1, 문단 14",있다. 이러한 이상반응은 투여 기간 동안에 경고 증상 없이 발생할 수 있다. 고령자(노인)는 중대한 위장관(창,false,,,,,tylenol500_minimum_age_12,item_sequence=202106092|minimum_age_years=12,입력한 연령에 적용되는 제한 또는 별도 용량 기준이 있습니다.,소아·고령자 용법을 제품 허가사항과 전문가에게 확인하세요.,src/lib/otc/engine.ts:971,3,alternative_context,needs_expert_review,inactive_candidate,shortlisted_context_not_expert_verified,included,,false,,false,,false,,,,
EXP-OTC-02-NB-P1-B18-gi_bleeding_ulcer,OTC-V51-EU-94df347a335efb83,OTC-RULE-009,gi_bleeding_ulcer,released,high,EXP-OTC-02,197500016,MFDS-197500016,낙센정(나프록센),ING-naproxen,나프록센,product_authorized_ingredient_set_not_excerpt_attribution,NB,MFDS-NEDRUG-DETAIL,https://nedrug.mfds.go.kr/dsie/pdf/drb/197500016/NB,sha256:26f401879a1c0d4ba8d9a648564a7cfae48e373086d75ff4daa170f9ed0fe1a6,26f401879a1c0d4ba8d9a648564a7cfae48e373086d75ff4daa170f9ed0fe1a6,51b20428d6453857b54af8372a240a90422dfff00ce9a5cd03063528dc09dd1b,2026-07-14,2026-07-14T02:56:31.878369+00:00,"사용상의주의사항 PDF p.1, 문단 18",이 약을 투여하는 동안 위장관(창자)계 궤양 또는 출혈의 증상 및 징후에 대하여 신중히 모니터링 하여야 하,false,,,,false,,,,,ibuprofen_gi_bleeding_or_ulcer,item_sequence=198601920|flags=gi_bleeding_ulcer,위장관 출혈 또는 궤양 위험과 관련된 제품이 포함되어 있습니다.,복용 전 의사 또는 약사와 상담하세요.,src/lib/otc/engine.ts:1030,,,provisional,inactive_candidate,machine_candidate_not_shortlisted,included,,false,,false,,false,,,,
EXP-OTC-02-NB-P1-B24-gi_bleeding_ulcer,OTC-V51-EU-ec0b2f3f181696c7,OTC-RULE-009,gi_bleeding_ulcer,released,high,EXP-OTC-02,197500016,MFDS-197500016,낙센정(나프록센),ING-naproxen,나프록센,product_authorized_ingredient_set_not_excerpt_attribution,NB,MFDS-NEDRUG-DETAIL,https://nedrug.mfds.go.kr/dsie/pdf/drb/197500016/NB,sha256:26f401879a1c0d4ba8d9a648564a7cfae48e373086d75ff4daa170f9ed0fe1a6,26f401879a1c0d4ba8d9a648564a7cfae48e373086d75ff4daa170f9ed0fe1a6,51b20428d6453857b54af8372a240a90422dfff00ce9a5cd03063528dc09dd1b,2026-07-14,2026-07-14T02:56:31.878369+00:00,"사용상의주의사항 PDF p.1, 문단 24",1) 소화성궤양 환자,false,,,,false,,,,,ibuprofen_gi_bleeding_or_ulcer,item_sequence=198601920|flags=gi_bleeding_ulcer,위장관 출혈 또는 궤양 위험과 관련된 제품이 포함되어 있습니다.,복용 전 의사 또는 약사와 상담하세요.,src/lib/otc/engine.ts:1030,,,provisional,inactive_candidate,machine_candidate_not_shortlisted,included,,false,,false,,false,,,,
EXP-OTC-02-NB-P1-B26-hepatic_disease,OTC-V51-EU-b51b2d0ad0a01ad8,OTC-RULE-007,hepatic_disease,released,high,EXP-OTC-02,197500016,MFDS-197500016,낙센정(나프록센),ING-naproxen,나프록센,product_authorized_ingredient_set_not_excerpt_attribution,NB,MFDS-NEDRUG-DETAIL,https://nedrug.mfds.go.kr/dsie/pdf/drb/197500016/NB,sha256:26f401879a1c0d4ba8d9a648564a7cfae48e373086d75ff4daa170f9ed0fe1a6,26f401879a1c0d4ba8d9a648564a7cfae48e373086d75ff4daa170f9ed0fe1a6,51b20428d6453857b54af8372a240a90422dfff00ce9a5cd03063528dc09dd1b,2026-07-14,2026-07-14T02:56:31.878369+00:00,"사용상의주의사항 PDF p.1, 문단 26",3) 심한 간장애 환자,false,,"사용상의주의사항 PDF p.1, 문단 26",3) 심한 간장애 환자,false,,,,,acetaminophen_liver_disease,item_sequence=202106092|ingredient_id=ING-acetaminophen|flags=hepatic_disease,간질환과 관련해 주의가 필요한 제품이 포함되어 있습니다.,복용 전 의사 또는 약사와 상담하세요.,src/lib/otc/engine.ts:1016,3,alternative_context,needs_expert_review,inactive_candidate,shortlisted_context_not_expert_verified,included,,true,text:OTC-V51-TEXT-663860aa9bc97155,false,,true,OTC-V51-TEXT-663860aa9bc97155,,,
EXP-OTC-02-NB-P1-B3-alcohol,OTC-V51-EU-4636b4635f36bd78,OTC-RULE-011,alcohol,released,high,EXP-OTC-02,197500016,MFDS-197500016,낙센정(나프록센),ING-naproxen,나프록센,product_authorized_ingredient_set_not_excerpt_attribution,NB,MFDS-NEDRUG-DETAIL,https://nedrug.mfds.go.kr/dsie/pdf/drb/197500016/NB,sha256:26f401879a1c0d4ba8d9a648564a7cfae48e373086d75ff4daa170f9ed0fe1a6,26f401879a1c0d4ba8d9a648564a7cfae48e373086d75ff4daa170f9ed0fe1a6,51b20428d6453857b54af8372a240a90422dfff00ce9a5cd03063528dc09dd1b,2026-07-14,2026-07-14T02:56:31.878369+00:00,"사용상의주의사항 PDF p.1, 문단 3",1) 매일 세잔 이상 정기적으로 술을 마시는 사람이 이 약이나 다른 해열진통제를 복용해야 할 경우 반드시 의,false,,"사용상의주의사항 PDF p.1, 문단 3",1) 매일 세잔 이상 정기적으로 술을 마시는 사람이 이 약이나 다른 해열진통제를 복용해야 할 경우 반드시 의,false,,,,,acetaminophen_regular_alcohol_use,item_sequence=202106092|ingredient_id=ING-acetaminophen|flags=alcohol,음주와 함께 복용할 때 주의가 필요한 제품이 포함되어 있습니다.,음주 중 복용 전 약사 또는 의사와 상담하세요.,src/lib/otc/engine.ts:1044,3,alternative_context,needs_expert_review,inactive_candidate,shortlisted_context_not_expert_verified,included,,true,location:OTC-V51-EU-4636b4635f36bd78;text:OTC-V51-TEXT-376e19a8d2c6c54d,true,OTC-V51-EU-4636b4635f36bd78,true,OTC-V51-TEXT-376e19a8d2c6c54d,,,
EXP-OTC-02-NB-P1-B3-duplicate_pharmacologic_class,OTC-V51-EU-4636b4635f36bd78,OTC-RULE-002,duplicate_pharmacologic_class,released,high,EXP-OTC-02,197500016,MFDS-197500016,낙센정(나프록센),ING-naproxen,나프록센,product_authorized_ingredient_set_not_excerpt_attribution,NB,MFDS-NEDRUG-DETAIL,https://nedrug.mfds.go.kr/dsie/pdf/drb/197500016/NB,sha256:26f401879a1c0d4ba8d9a648564a7cfae48e373086d75ff4daa170f9ed0fe1a6,26f401879a1c0d4ba8d9a648564a7cfae48e373086d75ff4daa170f9ed0fe1a6,51b20428d6453857b54af8372a240a90422dfff00ce9a5cd03063528dc09dd1b,2026-07-14,2026-07-14T02:56:31.878369+00:00,"사용상의주의사항 PDF p.1, 문단 3",1) 매일 세잔 이상 정기적으로 술을 마시는 사람이 이 약이나 다른 해열진통제를 복용해야 할 경우 반드시 의,false,,"사용상의주의사항 PDF p.1, 문단 3",1) 매일 세잔 이상 정기적으로 술을 마시는 사람이 이 약이나 다른 해열진통제를 복용해야 할 경우 반드시 의,false,,,,,ibuprofen_and_other_NSAIDs,scope_only_no_structured_binding,같은 NSAID 계열 성분을 함께 복용할 수 있습니다.,함께 복용하지 말고 복용 전 약사 또는 의사와 상담하세요.,src/lib/otc/engine.ts:759,3,alternative_context,needs_expert_review,inactive_candidate,shortlisted_context_not_expert_verified,included,,true,location:OTC-V51-EU-4636b4635f36bd78;text:OTC-V51-TEXT-376e19a8d2c6c54d,true,OTC-V51-EU-4636b4635f36bd78,true,OTC-V51-TEXT-376e19a8d2c6c54d,,,
EXP-OTC-02-NB-P1-B4-gi_bleeding_ulcer,OTC-V51-EU-e7491174dfb5aacb,OTC-RULE-009,gi_bleeding_ulcer,released,high,EXP-OTC-02,197500016,MFDS-197500016,낙센정(나프록센),ING-naproxen,나프록센,product_authorized_ingredient_set_not_excerpt_attribution,NB,MFDS-NEDRUG-DETAIL,https://nedrug.mfds.go.kr/dsie/pdf/drb/197500016/NB,sha256:26f401879a1c0d4ba8d9a648564a7cfae48e373086d75ff4daa170f9ed0fe1a6,26f401879a1c0d4ba8d9a648564a7cfae48e373086d75ff4daa170f9ed0fe1a6,51b20428d6453857b54af8372a240a90422dfff00ce9a5cd03063528dc09dd1b,2026-07-14,2026-07-14T02:56:31.878369+00:00,"사용상의주의사항 PDF p.1, 문단 4",사 또는 약사와 상의해야 한다. 이러한 사람이 이 약을 복용하면 위장출혈이 유발될 수 있다.,false,,"사용상의주의사항 PDF p.1, 문단 4",사 또는 약사와 상의해야 한다. 이러한 사람이 이 약을 복용하면 위장출혈이 유발될 수 있다.,false,,,,,ibuprofen_gi_bleeding_or_ulcer,item_sequence=198601920|flags=gi_bleeding_ulcer,위장관 출혈 또는 궤양 위험과 관련된 제품이 포함되어 있습니다.,복용 전 의사 또는 약사와 상담하세요.,src/lib/otc/engine.ts:1030,3,alternative_context,needs_expert_review,inactive_candidate,shortlisted_context_not_expert_verified,included,,true,text:OTC-V51-TEXT-c339e9a702b3d921,false,,true,OTC-V51-TEXT-c339e9a702b3d921,,,
EXP-OTC-02-NB-P1-B5-decongestant_hypertension,OTC-V51-EU-8df5dfc497d1c735,OTC-RULE-014,decongestant_hypertension,released,high,EXP-OTC-02,197500016,MFDS-197500016,낙센정(나프록센),ING-naproxen,나프록센,product_authorized_ingredient_set_not_excerpt_attribution,NB,MFDS-NEDRUG-DETAIL,https://nedrug.mfds.go.kr/dsie/pdf/drb/197500016/NB,sha256:26f401879a1c0d4ba8d9a648564a7cfae48e373086d75ff4daa170f9ed0fe1a6,26f401879a1c0d4ba8d9a648564a7cfae48e373086d75ff4daa170f9ed0fe1a6,51b20428d6453857b54af8372a240a90422dfff00ce9a5cd03063528dc09dd1b,2026-07-14,2026-07-14T02:56:31.878369+00:00,"사용상의주의사항 PDF p.1, 문단 5",2) 심혈관계 위험: 이 약을 포함한 비스테로이드성 소염(항염)진통제는 중대한 심혈관계 혈전 (혈관 막힘)반,false,,"사용상의주의사항 PDF p.1, 문단 5",2) 심혈관계 위험: 이 약을 포함한 비스테로이드성 소염(항염)진통제는 중대한 심혈관계 혈전 (혈관 막힘)반,false,,,,,pancol_a_phenylephrine_hypertension,item_sequence=196800036|flags=decongestant_hypertension,고혈압 또는 심혈관질환에서 비충혈제거제 주의가 필요할 수 있습니다.,복용 전 의사 또는 약사와 상담하세요.,src/lib/otc/engine.ts:1051,3,alternative_context,needs_expert_review,inactive_candidate,shortlisted_context_not_expert_verified,included,,true,text:OTC-V51-TEXT-984fca6d824445a7,false,,true,OTC-V51-TEXT-984fca6d824445a7,,,
EXP-OTC-02-NB-P1-B7-decongestant_hypertension,OTC-V51-EU-9bd2c776eaf7b3e3,OTC-RULE-014,decongestant_hypertension,released,high,EXP-OTC-02,197500016,MFDS-197500016,낙센정(나프록센),ING-naproxen,나프록센,product_authorized_ingredient_set_not_excerpt_attribution,NB,MFDS-NEDRUG-DETAIL,https://nedrug.mfds.go.kr/dsie/pdf/drb/197500016/NB,sha256:26f401879a1c0d4ba8d9a648564a7cfae48e373086d75ff4daa170f9ed0fe1a6,26f401879a1c0d4ba8d9a648564a7cfae48e373086d75ff4daa170f9ed0fe1a6,51b20428d6453857b54af8372a240a90422dfff00ce9a5cd03063528dc09dd1b,2026-07-14,2026-07-14T02:56:31.878369+00:00,"사용상의주의사항 PDF p.1, 문단 7",험이 증가될 수 있다. 심혈관계 질환 또는 심혈관계 질환의 위험 인자가 있는 환자에서는 더 위험할 수도 있,false,,,,false,,,,,pancol_a_phenylephrine_hypertension,item_sequence=196800036|flags=decongestant_hypertension,고혈압 또는 심혈관질환에서 비충혈제거제 주의가 필요할 수 있습니다.,복용 전 의사 또는 약사와 상담하세요.,src/lib/otc/engine.ts:1051,,,provisional,inactive_candidate,machine_candidate_not_shortlisted,included,,true,text:OTC-V51-TEXT-64408fa82c7f19f6,false,,true,OTC-V51-TEXT-64408fa82c7f19f6,,,
EXP-OTC-02-NB-P1-B9-decongestant_hypertension,OTC-V51-EU-1ec4f615c5b33d20,OTC-RULE-014,decongestant_hypertension,released,high,EXP-OTC-02,197500016,MFDS-197500016,낙센정(나프록센),ING-naproxen,나프록센,product_authorized_ingredient_set_not_excerpt_attribution,NB,MFDS-NEDRUG-DETAIL,https://nedrug.mfds.go.kr/dsie/pdf/drb/197500016/NB,sha256:26f401879a1c0d4ba8d9a648564a7cfae48e373086d75ff4daa170f9ed0fe1a6,26f401879a1c0d4ba8d9a648564a7cfae48e373086d75ff4daa170f9ed0fe1a6,51b20428d6453857b54af8372a240a90422dfff00ce9a5cd03063528dc09dd1b,2026-07-14,2026-07-14T02:56:31.878369+00:00,"사용상의주의사항 PDF p.1, 문단 9","의사와 환자는 이러한 심혈관계 증상의 발현(드러냄)에 대하여 신중히 모니터링하여야 하며, 이는 심혈관계",false,,,,false,,,,,pancol_a_phenylephrine_hypertension,item_sequence=196800036|flags=decongestant_hypertension,고혈압 또는 심혈관질환에서 비충혈제거제 주의가 필요할 수 있습니다.,복용 전 의사 또는 약사와 상담하세요.,src/lib/otc/engine.ts:1051,,,provisional,inactive_candidate,machine_candidate_not_shortlisted,included,,true,text:OTC-V51-TEXT-d013dc68f5473030,false,,true,OTC-V51-TEXT-d013dc68f5473030,,,
EXP-OTC-02-NB-P2-B1-renal_disease,OTC-V51-EU-de6b974b33590a4b,OTC-RULE-008,renal_disease,released,high,EXP-OTC-02,197500016,MFDS-197500016,낙센정(나프록센),ING-naproxen,나프록센,product_authorized_ingredient_set_not_excerpt_attribution,NB,MFDS-NEDRUG-DETAIL,https://nedrug.mfds.go.kr/dsie/pdf/drb/197500016/NB,sha256:26f401879a1c0d4ba8d9a648564a7cfae48e373086d75ff4daa170f9ed0fe1a6,26f401879a1c0d4ba8d9a648564a7cfae48e373086d75ff4daa170f9ed0fe1a6,e4ab4047916baab3f6044015a4b0cb053530b2e579c15f2f97376096670dc6e7,2026-07-14,2026-07-14T02:56:31.878369+00:00,"사용상의주의사항 PDF p.2, 문단 1",5) 심한 신장애(신장장애) 환자,false,,"사용상의주의사항 PDF p.2, 문단 1",5) 심한 신장애(신장장애) 환자,false,,,,,ibuprofen_kidney_disease,item_sequence=198601920|flags=renal_disease,신장질환과 관련해 주의가 필요한 제품이 포함되어 있습니다.,복용 전 의사 또는 약사와 상담하세요.,src/lib/otc/engine.ts:1023,3,alternative_context,needs_expert_review,inactive_candidate,shortlisted_context_not_expert_verified,included,,true,text:OTC-V51-TEXT-07c380921f445515,false,,true,OTC-V51-TEXT-07c380921f445515,,,
EXP-OTC-02-NB-P2-B12-hepatic_disease,OTC-V51-EU-839d7ce992634cea,OTC-RULE-007,hepatic_disease,released,high,EXP-OTC-02,197500016,MFDS-197500016,낙센정(나프록센),ING-naproxen,나프록센,product_authorized_ingredient_set_not_excerpt_attribution,NB,MFDS-NEDRUG-DETAIL,https://nedrug.mfds.go.kr/dsie/pdf/drb/197500016/NB,sha256:26f401879a1c0d4ba8d9a648564a7cfae48e373086d75ff4daa170f9ed0fe1a6,26f401879a1c0d4ba8d9a648564a7cfae48e373086d75ff4daa170f9ed0fe1a6,e4ab4047916baab3f6044015a4b0cb053530b2e579c15f2f97376096670dc6e7,2026-07-14,2026-07-14T02:56:31.878369+00:00,"사용상의주의사항 PDF p.2, 문단 12",4) 간장애 또는 그의 병력이 있는 환자,false,,,,false,,,,,acetaminophen_liver_disease,item_sequence=202106092|ingredient_id=ING-acetaminophen|flags=hepatic_disease,간질환과 관련해 주의가 필요한 제품이 포함되어 있습니다.,복용 전 의사 또는 약사와 상담하세요.,src/lib/otc/engine.ts:1016,,,provisional,inactive_candidate,machine_candidate_not_shortlisted,included,,false,,false,,false,,,,
EXP-OTC-02-NB-P2-B13-renal_disease,OTC-V51-EU-4c812f2f7e813d27,OTC-RULE-008,renal_disease,released,high,EXP-OTC-02,197500016,MFDS-197500016,낙센정(나프록센),ING-naproxen,나프록센,product_authorized_ingredient_set_not_excerpt_attribution,NB,MFDS-NEDRUG-DETAIL,https://nedrug.mfds.go.kr/dsie/pdf/drb/197500016/NB,sha256:26f401879a1c0d4ba8d9a648564a7cfae48e373086d75ff4daa170f9ed0fe1a6,26f401879a1c0d4ba8d9a648564a7cfae48e373086d75ff4daa170f9ed0fe1a6,e4ab4047916baab3f6044015a4b0cb053530b2e579c15f2f97376096670dc6e7,2026-07-14,2026-07-14T02:56:31.878369+00:00,"사용상의주의사항 PDF p.2, 문단 13",5) 신장애(신장장애) 또는 그의 병력이 있는 환자 및 신혈류량이 저하된 환자,false,,,,false,,,,,ibuprofen_kidney_disease,item_sequence=198601920|flags=renal_disease,신장질환과 관련해 주의가 필요한 제품이 포함되어 있습니다.,복용 전 의사 또는 약사와 상담하세요.,src/lib/otc/engine.ts:1023,,,provisional,inactive_candidate,machine_candidate_not_shortlisted,included,,false,,false,,false,,,,
EXP-OTC-02-NB-P2-B15-decongestant_hypertension,OTC-V51-EU-f8b1d93e6c0281d3,OTC-RULE-014,decongestant_hypertension,released,high,EXP-OTC-02,197500016,MFDS-197500016,낙센정(나프록센),ING-naproxen,나프록센,product_authorized_ingredient_set_not_excerpt_attribution,NB,MFDS-NEDRUG-DETAIL,https://nedrug.mfds.go.kr/dsie/pdf/drb/197500016/NB,sha256:26f401879a1c0d4ba8d9a648564a7cfae48e373086d75ff4daa170f9ed0fe1a6,26f401879a1c0d4ba8d9a648564a7cfae48e373086d75ff4daa170f9ed0fe1a6,e4ab4047916baab3f6044015a4b0cb053530b2e579c15f2f97376096670dc6e7,2026-07-14,2026-07-14T02:56:31.878369+00:00,"사용상의주의사항 PDF p.2, 문단 15",7) 고혈압 환자,false,,,,false,,,,,pancol_a_phenylephrine_hypertension,item_sequence=196800036|flags=decongestant_hypertension,고혈압 또는 심혈관질환에서 비충혈제거제 주의가 필요할 수 있습니다.,복용 전 의사 또는 약사와 상담하세요.,src/lib/otc/engine.ts:1051,,,provisional,inactive_candidate,machine_candidate_not_shortlisted,included,,false,,false,,false,,,,
EXP-OTC-02-NB-P2-B19-age_restriction,OTC-V51-EU-b0d3c7d08a51b19d,OTC-RULE-005,age_restriction,released,high,EXP-OTC-02,197500016,MFDS-197500016,낙센정(나프록센),ING-naproxen,나프록센,product_authorized_ingredient_set_not_excerpt_attribution,NB,MFDS-NEDRUG-DETAIL,https://nedrug.mfds.go.kr/dsie/pdf/drb/197500016/NB,sha256:26f401879a1c0d4ba8d9a648564a7cfae48e373086d75ff4daa170f9ed0fe1a6,26f401879a1c0d4ba8d9a648564a7cfae48e373086d75ff4daa170f9ed0fe1a6,e4ab4047916baab3f6044015a4b0cb053530b2e579c15f2f97376096670dc6e7,2026-07-14,2026-07-14T02:56:31.878369+00:00,"사용상의주의사항 PDF p.2, 문단 19",11) 고령자(노인),false,,,,false,,,,,tylenol500_minimum_age_12,item_sequence=202106092|minimum_age_years=12,입력한 연령에 적용되는 제한 또는 별도 용량 기준이 있습니다.,소아·고령자 용법을 제품 허가사항과 전문가에게 확인하세요.,src/lib/otc/engine.ts:971,,,provisional,inactive_candidate,machine_candidate_not_shortlisted,included,,true,text:OTC-V51-TEXT-37cc2c7c4f28acc1,false,,true,OTC-V51-TEXT-37cc2c7c4f28acc1,,,
EXP-OTC-02-NB-P2-B2-decongestant_hypertension,OTC-V51-EU-90ed63a7f89a1075,OTC-RULE-014,decongestant_hypertension,released,high,EXP-OTC-02,197500016,MFDS-197500016,낙센정(나프록센),ING-naproxen,나프록센,product_authorized_ingredient_set_not_excerpt_attribution,NB,MFDS-NEDRUG-DETAIL,https://nedrug.mfds.go.kr/dsie/pdf/drb/197500016/NB,sha256:26f401879a1c0d4ba8d9a648564a7cfae48e373086d75ff4daa170f9ed0fe1a6,26f401879a1c0d4ba8d9a648564a7cfae48e373086d75ff4daa170f9ed0fe1a6,e4ab4047916baab3f6044015a4b0cb053530b2e579c15f2f97376096670dc6e7,2026-07-14,2026-07-14T02:56:31.878369+00:00,"사용상의주의사항 PDF p.2, 문단 2",6) 심한 고혈압 환자,false,,,,false,,,,,pancol_a_phenylephrine_hypertension,item_sequence=196800036|flags=decongestant_hypertension,고혈압 또는 심혈관질환에서 비충혈제거제 주의가 필요할 수 있습니다.,복용 전 의사 또는 약사와 상담하세요.,src/lib/otc/engine.ts:1051,,,provisional,inactive_candidate,machine_candidate_not_shortlisted,included,,true,text:OTC-V51-TEXT-26ff3eb28aa410fb,false,,true,OTC-V51-TEXT-26ff3eb28aa410fb,,,
EXP-OTC-02-NB-P2-B24-gi_bleeding_ulcer,OTC-V51-EU-7a810be996dabb77,OTC-RULE-009,gi_bleeding_ulcer,released,high,EXP-OTC-02,197500016,MFDS-197500016,낙센정(나프록센),ING-naproxen,나프록센,product_authorized_ingredient_set_not_excerpt_attribution,NB,MFDS-NEDRUG-DETAIL,https://nedrug.mfds.go.kr/dsie/pdf/drb/197500016/NB,sha256:26f401879a1c0d4ba8d9a648564a7cfae48e373086d75ff4daa170f9ed0fe1a6,26f401879a1c0d4ba8d9a648564a7cfae48e373086d75ff4daa170f9ed0fe1a6,e4ab4047916baab3f6044015a4b0cb053530b2e579c15f2f97376096670dc6e7,2026-07-14,2026-07-14T02:56:31.878369+00:00,"사용상의주의사항 PDF p.2, 문단 24","2) 소화기계 : 드물게 토혈(혈액구토), 위장출혈, 소화성궤양, 천공(뚫림)이 나타날 수 있으므로 이러한 경우",false,,,,false,,,,,ibuprofen_gi_bleeding_or_ulcer,item_sequence=198601920|flags=gi_bleeding_ulcer,위장관 출혈 또는 궤양 위험과 관련된 제품이 포함되어 있습니다.,복용 전 의사 또는 약사와 상담하세요.,src/lib/otc/engine.ts:1030,,,provisional,inactive_candidate,machine_candidate_not_shortlisted,included,,true,text:OTC-V51-TEXT-578a052f87c9ce0a,false,,true,OTC-V51-TEXT-578a052f87c9ce0a,,,
EXP-OTC-02-NB-P2-B9-gi_bleeding_ulcer,OTC-V51-EU-d3cd4e184012796b,OTC-RULE-009,gi_bleeding_ulcer,released,high,EXP-OTC-02,197500016,MFDS-197500016,낙센정(나프록센),ING-naproxen,나프록센,product_authorized_ingredient_set_not_excerpt_attribution,NB,MFDS-NEDRUG-DETAIL,https://nedrug.mfds.go.kr/dsie/pdf/drb/197500016/NB,sha256:26f401879a1c0d4ba8d9a648564a7cfae48e373086d75ff4daa170f9ed0fe1a6,26f401879a1c0d4ba8d9a648564a7cfae48e373086d75ff4daa170f9ed0fe1a6,e4ab4047916baab3f6044015a4b0cb053530b2e579c15f2f97376096670dc6e7,2026-07-14,2026-07-14T02:56:31.878369+00:00,"사용상의주의사항 PDF p.2, 문단 9",1) 소화성궤양의 병력이 있는 환자,false,,,,false,,,,,ibuprofen_gi_bleeding_or_ulcer,item_sequence=198601920|flags=gi_bleeding_ulcer,위장관 출혈 또는 궤양 위험과 관련된 제품이 포함되어 있습니다.,복용 전 의사 또는 약사와 상담하세요.,src/lib/otc/engine.ts:1030,,,provisional,inactive_candidate,machine_candidate_not_shortlisted,included,,false,,false,,false,,,,
EXP-OTC-02-NB-P3-B1-gi_bleeding_ulcer,OTC-V51-EU-4e7fd69847e29fb4,OTC-RULE-009,gi_bleeding_ulcer,released,high,EXP-OTC-02,197500016,MFDS-197500016,낙센정(나프록센),ING-naproxen,나프록센,product_authorized_ingredient_set_not_excerpt_attribution,NB,MFDS-NEDRUG-DETAIL,https://nedrug.mfds.go.kr/dsie/pdf/drb/197500016/NB,sha256:26f401879a1c0d4ba8d9a648564a7cfae48e373086d75ff4daa170f9ed0fe1a6,26f401879a1c0d4ba8d9a648564a7cfae48e373086d75ff4daa170f9ed0fe1a6,36578ece138d5f2e82c2b426a27b0724f03a40fe2f6a0c51aae7a387ca94a8af,2026-07-14,2026-07-14T02:56:31.878369+00:00,"사용상의주의사항 PDF p.3, 문단 1","2) 소화기계 : 드물게 토혈(혈액구토), 위장출혈, 소화성궤양, 천공(뚫림)이 나타날 수 있으므로 이러한 경우",false,,,,false,,,,,ibuprofen_gi_bleeding_or_ulcer,item_sequence=198601920|flags=gi_bleeding_ulcer,위장관 출혈 또는 궤양 위험과 관련된 제품이 포함되어 있습니다.,복용 전 의사 또는 약사와 상담하세요.,src/lib/otc/engine.ts:1030,,,provisional,inactive_candidate,machine_candidate_not_shortlisted,included,,true,text:OTC-V51-TEXT-578a052f87c9ce0a,false,,true,OTC-V51-TEXT-578a052f87c9ce0a,,,
EXP-OTC-02-NB-P3-B11-urgent_referral,OTC-V51-EU-75d5599424b9c62f,OTC-RULE-016,urgent_referral,released,urgent,EXP-OTC-02,197500016,MFDS-197500016,낙센정(나프록센),ING-naproxen,나프록센,product_authorized_ingredient_set_not_excerpt_attribution,NB,MFDS-NEDRUG-DETAIL,https://nedrug.mfds.go.kr/dsie/pdf/drb/197500016/NB,sha256:26f401879a1c0d4ba8d9a648564a7cfae48e373086d75ff4daa170f9ed0fe1a6,26f401879a1c0d4ba8d9a648564a7cfae48e373086d75ff4daa170f9ed0fe1a6,36578ece138d5f2e82c2b426a27b0724f03a40fe2f6a0c51aae7a387ca94a8af,2026-07-14,2026-07-14T02:56:31.878369+00:00,"사용상의주의사항 PDF p.3, 문단 11","또는 의식장애 등의 증상이 나타나면 즉시 투여를 중단하고 의사와 상의하며, 특히 자가면역질환(SLE,",false,,"사용상의주의사항 PDF p.3, 문단 11","또는 의식장애 등의 증상이 나타나면 즉시 투여를 중단하고 의사와 상의하며, 특히 자가면역질환(SLE,",false,,,,,tylenol500_stop_and_consult_symptoms,item_sequence=202106092|red_flag_terms=호흡곤란;온몸이 붉어짐;혈관부기;두드러기;천식발작;얼굴부기;저혈압;쇽;스티븐스-존슨;스티븐스 존슨;독성표피괴사;리엘 증후군,즉시 상담 또는 진료가 필요한 증상이 입력되었습니다.,지체하지 말고 의료기관 또는 응급상담을 이용하세요.,src/lib/otc/engine.ts:1214,3,alternative_context,needs_expert_review,inactive_candidate,shortlisted_context_not_expert_verified,included,,false,,false,,false,,,,
EXP-OTC-02-NB-P3-B12-sedation_driving,OTC-V51-EU-ce7be6268a539f3c,OTC-RULE-010,sedation_driving,released,high,EXP-OTC-02,197500016,MFDS-197500016,낙센정(나프록센),ING-naproxen,나프록센,product_authorized_ingredient_set_not_excerpt_attribution,NB,MFDS-NEDRUG-DETAIL,https://nedrug.mfds.go.kr/dsie/pdf/drb/197500016/NB,sha256:26f401879a1c0d4ba8d9a648564a7cfae48e373086d75ff4daa170f9ed0fe1a6,26f401879a1c0d4ba8d9a648564a7cfae48e373086d75ff4daa170f9ed0fe1a6,36578ece138d5f2e82c2b426a27b0724f03a40fe2f6a0c51aae7a387ca94a8af,2026-07-14,2026-07-14T02:56:31.878369+00:00,"사용상의주의사항 PDF p.3, 문단 12","MCTD)환자에게는 신중히 투여한다. 또한 때때로 졸음, 인식기능장애 드물게 현기(어지러움), 두통, 수족저",false,,"사용상의주의사항 PDF p.3, 문단 12","MCTD)환자에게는 신중히 투여한다. 또한 때때로 졸음, 인식기능장애 드물게 현기(어지러움), 두통, 수족저",false,,,,,pancol_a_driving,item_sequence=196800036|flags=sedation_driving,졸림을 유발해 운전이나 기계 조작에 영향을 줄 수 있습니다.,운전·기계 조작을 피하고 허가사항을 확인하세요.,src/lib/otc/engine.ts:1037,3,alternative_context,needs_expert_review,inactive_candidate,shortlisted_context_not_expert_verified,included,,false,,false,,false,,,,
EXP-OTC-02-NB-P3-B8-renal_disease,OTC-V51-EU-923c7b2883d10d7b,OTC-RULE-008,renal_disease,released,high,EXP-OTC-02,197500016,MFDS-197500016,낙센정(나프록센),ING-naproxen,나프록센,product_authorized_ingredient_set_not_excerpt_attribution,NB,MFDS-NEDRUG-DETAIL,https://nedrug.mfds.go.kr/dsie/pdf/drb/197500016/NB,sha256:26f401879a1c0d4ba8d9a648564a7cfae48e373086d75ff4daa170f9ed0fe1a6,26f401879a1c0d4ba8d9a648564a7cfae48e373086d75ff4daa170f9ed0fe1a6,36578ece138d5f2e82c2b426a27b0724f03a40fe2f6a0c51aae7a387ca94a8af,2026-07-14,2026-07-14T02:56:31.878369+00:00,"사용상의주의사항 PDF p.3, 문단 8","5) 신장(콩팥) : 드물게 신장애(신장장애), 사구체 신염(신장염), 혈뇨, 고칼륨 혈증, 간질성 신염(신장염), 신",false,,,,false,,,,,ibuprofen_kidney_disease,item_sequence=198601920|flags=renal_disease,신장질환과 관련해 주의가 필요한 제품이 포함되어 있습니다.,복용 전 의사 또는 약사와 상담하세요.,src/lib/otc/engine.ts:1023,,,provisional,inactive_candidate,machine_candidate_not_shortlisted,included,,false,,false,,false,,,,
EXP-OTC-02-NB-P4-B12-age_restriction,OTC-V51-EU-f8a34520de9d9cff,OTC-RULE-005,age_restriction,released,high,EXP-OTC-02,197500016,MFDS-197500016,낙센정(나프록센),ING-naproxen,나프록센,product_authorized_ingredient_set_not_excerpt_attribution,NB,MFDS-NEDRUG-DETAIL,https://nedrug.mfds.go.kr/dsie/pdf/drb/197500016/NB,sha256:26f401879a1c0d4ba8d9a648564a7cfae48e373086d75ff4daa170f9ed0fe1a6,26f401879a1c0d4ba8d9a648564a7cfae48e373086d75ff4daa170f9ed0fe1a6,540e4f860175715d6e93e4c59c52b32030b15836ec12310b7f2693f725e180da,2026-07-14,2026-07-14T02:56:31.878369+00:00,"사용상의주의사항 PDF p.4, 문단 12",등이 나타날 수 있으므로 특히 고열을 수반하는 소아 및 고령자(노인) 또는 소모성 질환 환자에게는 투여 후,false,,,,false,,,,,tylenol500_minimum_age_12,item_sequence=202106092|minimum_age_years=12,입력한 연령에 적용되는 제한 또는 별도 용량 기준이 있습니다.,소아·고령자 용법을 제품 허가사항과 전문가에게 확인하세요.,src/lib/otc/engine.ts:971,,,provisional,inactive_candidate,machine_candidate_not_shortlisted,included,,false,,false,,false,,,,
EXP-OTC-02-NB-P4-B19-gi_bleeding_ulcer,OTC-V51-EU-8b5c2cf9e20c4dbe,OTC-RULE-009,gi_bleeding_ulcer,released,high,EXP-OTC-02,197500016,MFDS-197500016,낙센정(나프록센),ING-naproxen,나프록센,product_authorized_ingredient_set_not_excerpt_attribution,NB,MFDS-NEDRUG-DETAIL,https://nedrug.mfds.go.kr/dsie/pdf/drb/197500016/NB,sha256:26f401879a1c0d4ba8d9a648564a7cfae48e373086d75ff4daa170f9ed0fe1a6,26f401879a1c0d4ba8d9a648564a7cfae48e373086d75ff4daa170f9ed0fe1a6,540e4f860175715d6e93e4c59c52b32030b15836ec12310b7f2693f725e180da,2026-07-14,2026-07-14T02:56:31.878369+00:00,"사용상의주의사항 PDF p.4, 문단 19",(창자) 출혈의 병력이 있는 환자에게 처방시 극심한 주의를 기울여야 한다. 소화성 궤양 질환 및/또는 위장관,false,,,,false,,,,,ibuprofen_gi_bleeding_or_ulcer,item_sequence=198601920|flags=gi_bleeding_ulcer,위장관 출혈 또는 궤양 위험과 관련된 제품이 포함되어 있습니다.,복용 전 의사 또는 약사와 상담하세요.,src/lib/otc/engine.ts:1030,,,provisional,inactive_candidate,machine_candidate_not_shortlisted,included,,false,,false,,false,,,,
EXP-OTC-02-NB-P4-B21-gi_bleeding_ulcer,OTC-V51-EU-7c2f4d8c17e2e3ab,OTC-RULE-009,gi_bleeding_ulcer,released,high,EXP-OTC-02,197500016,MFDS-197500016,낙센정(나프록센),ING-naproxen,나프록센,product_authorized_ingredient_set_not_excerpt_attribution,NB,MFDS-NEDRUG-DETAIL,https://nedrug.mfds.go.kr/dsie/pdf/drb/197500016/NB,sha256:26f401879a1c0d4ba8d9a648564a7cfae48e373086d75ff4daa170f9ed0fe1a6,26f401879a1c0d4ba8d9a648564a7cfae48e373086d75ff4daa170f9ed0fe1a6,540e4f860175715d6e93e4c59c52b32030b15836ec12310b7f2693f725e180da,2026-07-14,2026-07-14T02:56:31.878369+00:00,"사용상의주의사항 PDF p.4, 문단 21",제 투여시 위장관(창자) 출혈의 발생 위험이 10배 이상 증가하였다. 위장관(창자)계 출혈을 증가시키는 다른,false,,,,false,,,,,ibuprofen_gi_bleeding_or_ulcer,item_sequence=198601920|flags=gi_bleeding_ulcer,위장관 출혈 또는 궤양 위험과 관련된 제품이 포함되어 있습니다.,복용 전 의사 또는 약사와 상담하세요.,src/lib/otc/engine.ts:1030,,,provisional,inactive_candidate,machine_candidate_not_shortlisted,included,,false,,false,,false,,,,
EXP-OTC-02-NB-P4-B22-anticoagulant_antiplatelet,OTC-V51-EU-eee859333a2249ad,OTC-RULE-012,anticoagulant_antiplatelet,released,high,EXP-OTC-02,197500016,MFDS-197500016,낙센정(나프록센),ING-naproxen,나프록센,product_authorized_ingredient_set_not_excerpt_attribution,NB,MFDS-NEDRUG-DETAIL,https://nedrug.mfds.go.kr/dsie/pdf/drb/197500016/NB,sha256:26f401879a1c0d4ba8d9a648564a7cfae48e373086d75ff4daa170f9ed0fe1a6,26f401879a1c0d4ba8d9a648564a7cfae48e373086d75ff4daa170f9ed0fe1a6,540e4f860175715d6e93e4c59c52b32030b15836ec12310b7f2693f725e180da,2026-07-14,2026-07-14T02:56:31.878369+00:00,"사용상의주의사항 PDF p.4, 문단 22","위험인자로는 경구용 코르티코스테로이드 또는 항응고제 병용(함께 복용), 비스테로이드성 소염(항염)진통제",false,,"사용상의주의사항 PDF p.4, 문단 22","위험인자로는 경구용 코르티코스테로이드 또는 항응고제 병용(함께 복용), 비스테로이드성 소염(항염)진통제",false,,,,,ibuprofen_warfarin_or_coumarin_anticoagulant,item_sequence=198601920|flags=anticoagulant_antiplatelet,항응고제 또는 항혈소판제와 병용할 때 주의가 필요할 수 있습니다.,복용 전 처방한 의료진 또는 약사와 상담하세요.,src/lib/otc/engine.ts:1061,3,alternative_context,needs_expert_review,inactive_candidate,shortlisted_context_not_expert_verified,included,,false,,false,,false,,,,
EXP-OTC-02-NB-P4-B24-age_restriction,OTC-V51-EU-e34dea238c2edb70,OTC-RULE-005,age_restriction,released,high,EXP-OTC-02,197500016,MFDS-197500016,낙센정(나프록센),ING-naproxen,나프록센,product_authorized_ingredient_set_not_excerpt_attribution,NB,MFDS-NEDRUG-DETAIL,https://nedrug.mfds.go.kr/dsie/pdf/drb/197500016/NB,sha256:26f401879a1c0d4ba8d9a648564a7cfae48e373086d75ff4daa170f9ed0fe1a6,26f401879a1c0d4ba8d9a648564a7cfae48e373086d75ff4daa170f9ed0fe1a6,540e4f860175715d6e93e4c59c52b32030b15836ec12310b7f2693f725e180da,2026-07-14,2026-07-14T02:56:31.878369+00:00,"사용상의주의사항 PDF p.4, 문단 24","보고의 대부분은 고령자(노인) 및 허약자에 대한 것이므로, 이러한 환자에게 이 약을 투여시 특별히 주의하여",false,,,,false,,,,,tylenol500_minimum_age_12,item_sequence=202106092|minimum_age_years=12,입력한 연령에 적용되는 제한 또는 별도 용량 기준이 있습니다.,소아·고령자 용법을 제품 허가사항과 전문가에게 확인하세요.,src/lib/otc/engine.ts:971,,,provisional,inactive_candidate,machine_candidate_not_shortlisted,included,,false,,false,,false,,,,
EXP-OTC-02-NB-P4-B26-decongestant_hypertension,OTC-V51-EU-dbd0de21f6bbdad4,OTC-RULE-014,decongestant_hypertension,released,high,EXP-OTC-02,197500016,MFDS-197500016,낙센정(나프록센),ING-naproxen,나프록센,product_authorized_ingredient_set_not_excerpt_attribution,NB,MFDS-NEDRUG-DETAIL,https://nedrug.mfds.go.kr/dsie/pdf/drb/197500016/NB,sha256:26f401879a1c0d4ba8d9a648564a7cfae48e373086d75ff4daa170f9ed0fe1a6,26f401879a1c0d4ba8d9a648564a7cfae48e373086d75ff4daa170f9ed0fe1a6,540e4f860175715d6e93e4c59c52b32030b15836ec12310b7f2693f725e180da,2026-07-14,2026-07-14T02:56:31.878369+00:00,"사용상의주의사항 PDF p.4, 문단 26","8) 고혈압: 이 약을 포함한 비스테로이드성 소염(항염)진통제는 고혈압을 일으키거나, 기존의 고혈압을 악화",false,,,,false,,,,,pancol_a_phenylephrine_hypertension,item_sequence=196800036|flags=decongestant_hypertension,고혈압 또는 심혈관질환에서 비충혈제거제 주의가 필요할 수 있습니다.,복용 전 의사 또는 약사와 상담하세요.,src/lib/otc/engine.ts:1051,,,provisional,inactive_candidate,machine_candidate_not_shortlisted,included,,true,text:OTC-V51-TEXT-076157b685063601,false,,true,OTC-V51-TEXT-076157b685063601,,,
EXP-OTC-02-NB-P4-B27-decongestant_hypertension,OTC-V51-EU-ba3a55ab19c996f2,OTC-RULE-014,decongestant_hypertension,released,high,EXP-OTC-02,197500016,MFDS-197500016,낙센정(나프록센),ING-naproxen,나프록센,product_authorized_ingredient_set_not_excerpt_attribution,NB,MFDS-NEDRUG-DETAIL,https://nedrug.mfds.go.kr/dsie/pdf/drb/197500016/NB,sha256:26f401879a1c0d4ba8d9a648564a7cfae48e373086d75ff4daa170f9ed0fe1a6,26f401879a1c0d4ba8d9a648564a7cfae48e373086d75ff4daa170f9ed0fe1a6,540e4f860175715d6e93e4c59c52b32030b15836ec12310b7f2693f725e180da,2026-07-14,2026-07-14T02:56:31.878369+00:00,"사용상의주의사항 PDF p.4, 문단 27","시킬 수 있으며, 이로 인해 심혈관계 유해사례의 발생률이 증가될 수도 있다. 치아짓계 이뇨제 또는 루프형 이",false,,,,false,,,,,pancol_a_phenylephrine_hypertension,item_sequence=196800036|flags=decongestant_hypertension,고혈압 또는 심혈관질환에서 비충혈제거제 주의가 필요할 수 있습니다.,복용 전 의사 또는 약사와 상담하세요.,src/lib/otc/engine.ts:1051,,,provisional,inactive_candidate,machine_candidate_not_shortlisted,included,,false,,false,,false,,,,
EXP-OTC-02-NB-P4-B3-hepatic_disease,OTC-V51-EU-06a94e2ab7775a9c,OTC-RULE-007,hepatic_disease,released,high,EXP-OTC-02,197500016,MFDS-197500016,낙센정(나프록센),ING-naproxen,나프록센,product_authorized_ingredient_set_not_excerpt_attribution,NB,MFDS-NEDRUG-DETAIL,https://nedrug.mfds.go.kr/dsie/pdf/drb/197500016/NB,sha256:26f401879a1c0d4ba8d9a648564a7cfae48e373086d75ff4daa170f9ed0fe1a6,26f401879a1c0d4ba8d9a648564a7cfae48e373086d75ff4daa170f9ed0fe1a6,540e4f860175715d6e93e4c59c52b32030b15836ec12310b7f2693f725e180da,2026-07-14,2026-07-14T02:56:31.878369+00:00,"사용상의주의사항 PDF p.4, 문단 3","한 조치를 한다. 간질환 또는 신질환과 관련된 임상 증상이나 전신적인 징후(예: 호산구증가증, 발진)가 발",false,,,,false,,,,,acetaminophen_liver_disease,item_sequence=202106092|ingredient_id=ING-acetaminophen|flags=hepatic_disease,간질환과 관련해 주의가 필요한 제품이 포함되어 있습니다.,복용 전 의사 또는 약사와 상담하세요.,src/lib/otc/engine.ts:1016,,,provisional,inactive_candidate,machine_candidate_not_shortlisted,included,,false,,false,,false,,,,
EXP-OTC-02-NB-P5-B2-decongestant_hypertension,OTC-V51-EU-36d93c96629e086b,OTC-RULE-014,decongestant_hypertension,released,high,EXP-OTC-02,197500016,MFDS-197500016,낙센정(나프록센),ING-naproxen,나프록센,product_authorized_ingredient_set_not_excerpt_attribution,NB,MFDS-NEDRUG-DETAIL,https://nedrug.mfds.go.kr/dsie/pdf/drb/197500016/NB,sha256:26f401879a1c0d4ba8d9a648564a7cfae48e373086d75ff4daa170f9ed0fe1a6,26f401879a1c0d4ba8d9a648564a7cfae48e373086d75ff4daa170f9ed0fe1a6,363b1e755e67931594e53330d82294be3f44be2b6db259634ba0f90e5ed9c641,2026-07-14,2026-07-14T02:56:31.878369+00:00,"사용상의주의사항 PDF p.5, 문단 2",이 약을 포함한 비스테로이드성 소염(항염)진통제는 고혈압 환자에서 신중히 투여해야 한다. 이 약의 투여 초,false,,,,false,,,,,pancol_a_phenylephrine_hypertension,item_sequence=196800036|flags=decongestant_hypertension,고혈압 또는 심혈관질환에서 비충혈제거제 주의가 필요할 수 있습니다.,복용 전 의사 또는 약사와 상담하세요.,src/lib/otc/engine.ts:1051,,,provisional,inactive_candidate,machine_candidate_not_shortlisted,included,,false,,false,,false,,,,
EXP-OTC-02-NB-P5-B20-hepatic_disease,OTC-V51-EU-3be4613149692be6,OTC-RULE-007,hepatic_disease,released,high,EXP-OTC-02,197500016,MFDS-197500016,낙센정(나프록센),ING-naproxen,나프록센,product_authorized_ingredient_set_not_excerpt_attribution,NB,MFDS-NEDRUG-DETAIL,https://nedrug.mfds.go.kr/dsie/pdf/drb/197500016/NB,sha256:26f401879a1c0d4ba8d9a648564a7cfae48e373086d75ff4daa170f9ed0fe1a6,26f401879a1c0d4ba8d9a648564a7cfae48e373086d75ff4daa170f9ed0fe1a6,363b1e755e67931594e53330d82294be3f44be2b6db259634ba0f90e5ed9c641,2026-07-14,2026-07-14T02:56:31.878369+00:00,"사용상의주의사항 PDF p.5, 문단 20","여기간 동안 주의깊게 간기능의 악화 여부를 관찰하고, 간질환과 관련된 임상 증상이나 전신적인 징후(예: 호",false,,,,false,,,,,acetaminophen_liver_disease,item_sequence=202106092|ingredient_id=ING-acetaminophen|flags=hepatic_disease,간질환과 관련해 주의가 필요한 제품이 포함되어 있습니다.,복용 전 의사 또는 약사와 상담하세요.,src/lib/otc/engine.ts:1016,,,provisional,inactive_candidate,machine_candidate_not_shortlisted,included,,true,text:OTC-V51-TEXT-64b46da2eb98dc64,false,,true,OTC-V51-TEXT-64b46da2eb98dc64,,,
EXP-OTC-02-NB-P5-B27-anticoagulant_antiplatelet,OTC-V51-EU-c8cfdc45ddb00237,OTC-RULE-012,anticoagulant_antiplatelet,released,high,EXP-OTC-02,197500016,MFDS-197500016,낙센정(나프록센),ING-naproxen,나프록센,product_authorized_ingredient_set_not_excerpt_attribution,NB,MFDS-NEDRUG-DETAIL,https://nedrug.mfds.go.kr/dsie/pdf/drb/197500016/NB,sha256:26f401879a1c0d4ba8d9a648564a7cfae48e373086d75ff4daa170f9ed0fe1a6,26f401879a1c0d4ba8d9a648564a7cfae48e373086d75ff4daa170f9ed0fe1a6,363b1e755e67931594e53330d82294be3f44be2b6db259634ba0f90e5ed9c641,2026-07-14,2026-07-14T02:56:31.878369+00:00,"사용상의주의사항 PDF p.5, 문단 27",역적이다. 응고 관련 질환이 있거나 항응고제를 투여하고 있는 경우와 같이 혈소판 기능 변경에 의해 부정적,false,,,,false,,,,,ibuprofen_warfarin_or_coumarin_anticoagulant,item_sequence=198601920|flags=anticoagulant_antiplatelet,항응고제 또는 항혈소판제와 병용할 때 주의가 필요할 수 있습니다.,복용 전 처방한 의료진 또는 약사와 상담하세요.,src/lib/otc/engine.ts:1061,,,provisional,inactive_candidate,machine_candidate_not_shortlisted,included,,false,,false,,false,,,,
EXP-OTC-02-NB-P5-B7-maximum_duration,OTC-V51-EU-154d9781c3497de9,OTC-RULE-015,maximum_duration,draft,caution,EXP-OTC-02,197500016,MFDS-197500016,낙센정(나프록센),ING-naproxen,나프록센,product_authorized_ingredient_set_not_excerpt_attribution,NB,MFDS-NEDRUG-DETAIL,https://nedrug.mfds.go.kr/dsie/pdf/drb/197500016/NB,sha256:26f401879a1c0d4ba8d9a648564a7cfae48e373086d75ff4daa170f9ed0fe1a6,26f401879a1c0d4ba8d9a648564a7cfae48e373086d75ff4daa170f9ed0fe1a6,363b1e755e67931594e53330d82294be3f44be2b6db259634ba0f90e5ed9c641,2026-07-14,2026-07-14T02:56:31.878369+00:00,"사용상의주의사항 PDF p.5, 문단 7",10) 비스테로이드성 소염(항염)진통제를 장기간 복용시 신장(콩팥)유두괴사나 기타 신장(콩팥) 손상이 일어,false,,"사용상의주의사항 PDF p.5, 문단 7",10) 비스테로이드성 소염(항염)진통제를 장기간 복용시 신장(콩팥)유두괴사나 기타 신장(콩팥) 손상이 일어,false,,,,,pancol_a_continuous_use,scope_only_no_structured_binding,허가된 연속 복용 기간을 넘었을 수 있습니다.,증상이 지속되면 추가 복용 대신 약사 또는 의사와 상담하세요.,src/lib/otc/engine.ts:991,3,alternative_context,needs_expert_review,inactive_candidate,shortlisted_context_not_expert_verified,included,,true,text:OTC-V51-TEXT-4eaeab9f37d85e27,false,,true,OTC-V51-TEXT-4eaeab9f37d85e27,,,
EXP-OTC-02-NB-P5-B9-age_restriction,OTC-V51-EU-0e19c99241fd3142,OTC-RULE-005,age_restriction,released,high,EXP-OTC-02,197500016,MFDS-197500016,낙센정(나프록센),ING-naproxen,나프록센,product_authorized_ingredient_set_not_excerpt_attribution,NB,MFDS-NEDRUG-DETAIL,https://nedrug.mfds.go.kr/dsie/pdf/drb/197500016/NB,sha256:26f401879a1c0d4ba8d9a648564a7cfae48e373086d75ff4daa170f9ed0fe1a6,26f401879a1c0d4ba8d9a648564a7cfae48e373086d75ff4daa170f9ed0fe1a6,363b1e755e67931594e53330d82294be3f44be2b6db259634ba0f90e5ed9c641,2026-07-14,2026-07-14T02:56:31.878369+00:00,"사용상의주의사항 PDF p.5, 문단 9","자, 간기능 부전 환자, 이뇨제나 ACE 저해제(억제제)를 투여 중인 환자, 고령자(노인) 등에서는 특별한 주의",false,,,,false,,,,,tylenol500_minimum_age_12,item_sequence=202106092|minimum_age_years=12,입력한 연령에 적용되는 제한 또는 별도 용량 기준이 있습니다.,소아·고령자 용법을 제품 허가사항과 전문가에게 확인하세요.,src/lib/otc/engine.ts:971,,,provisional,inactive_candidate,machine_candidate_not_shortlisted,included,,false,,false,,false,,,,
EXP-OTC-02-NB-P6-B16-maximum_duration,OTC-V51-EU-0bd0f756c6cbe244,OTC-RULE-015,maximum_duration,draft,caution,EXP-OTC-02,197500016,MFDS-197500016,낙센정(나프록센),ING-naproxen,나프록센,product_authorized_ingredient_set_not_excerpt_attribution,NB,MFDS-NEDRUG-DETAIL,https://nedrug.mfds.go.kr/dsie/pdf/drb/197500016/NB,sha256:26f401879a1c0d4ba8d9a648564a7cfae48e373086d75ff4daa170f9ed0fe1a6,26f401879a1c0d4ba8d9a648564a7cfae48e373086d75ff4daa170f9ed0fe1a6,b44e30ee8bbdc15a232f36ffaaef312e3b26102cdc1c51bf2392ae345fcf5f78,2026-07-14,2026-07-14T02:56:31.878369+00:00,"사용상의주의사항 PDF p.6, 문단 16",다. 장기간 코르티코스테로이드를 복용해 온 환자에게 이 약을 투여하고자 할 경우에는 서서히 용량을 감소시,false,,,,false,,,,,pancol_a_continuous_use,scope_only_no_structured_binding,허가된 연속 복용 기간을 넘었을 수 있습니다.,증상이 지속되면 추가 복용 대신 약사 또는 의사와 상담하세요.,src/lib/otc/engine.ts:991,,,provisional,inactive_candidate,machine_candidate_not_shortlisted,included,,false,,false,,false,,,,
EXP-OTC-02-NB-P6-B19-duplicate_pharmacologic_class,OTC-V51-EU-ff2b4c5b66dec2d9,OTC-RULE-002,duplicate_pharmacologic_class,released,high,EXP-OTC-02,197500016,MFDS-197500016,낙센정(나프록센),ING-naproxen,나프록센,product_authorized_ingredient_set_not_excerpt_attribution,NB,MFDS-NEDRUG-DETAIL,https://nedrug.mfds.go.kr/dsie/pdf/drb/197500016/NB,sha256:26f401879a1c0d4ba8d9a648564a7cfae48e373086d75ff4daa170f9ed0fe1a6,26f401879a1c0d4ba8d9a648564a7cfae48e373086d75ff4daa170f9ed0fe1a6,b44e30ee8bbdc15a232f36ffaaef312e3b26102cdc1c51bf2392ae345fcf5f78,2026-07-14,2026-07-14T02:56:31.878369+00:00,"사용상의주의사항 PDF p.6, 문단 19",1) 다른 비스테로이드성 소염(항염)진통제(NSAIDs) 및 나프록센 유도체와 병용(함께 복용)할 경우 이상반응,false,,,,false,,,,,ibuprofen_and_other_NSAIDs,scope_only_no_structured_binding,같은 NSAID 계열 성분을 함께 복용할 수 있습니다.,함께 복용하지 말고 복용 전 약사 또는 의사와 상담하세요.,src/lib/otc/engine.ts:759,,,provisional,inactive_candidate,machine_candidate_not_shortlisted,included,,false,,false,,false,,,,
EXP-OTC-02-NB-P6-B23-decongestant_hypertension,OTC-V51-EU-282b4e57af9e54fc,OTC-RULE-014,decongestant_hypertension,released,high,EXP-OTC-02,197500016,MFDS-197500016,낙센정(나프록센),ING-naproxen,나프록센,product_authorized_ingredient_set_not_excerpt_attribution,NB,MFDS-NEDRUG-DETAIL,https://nedrug.mfds.go.kr/dsie/pdf/drb/197500016/NB,sha256:26f401879a1c0d4ba8d9a648564a7cfae48e373086d75ff4daa170f9ed0fe1a6,26f401879a1c0d4ba8d9a648564a7cfae48e373086d75ff4daa170f9ed0fe1a6,b44e30ee8bbdc15a232f36ffaaef312e3b26102cdc1c51bf2392ae345fcf5f78,2026-07-14,2026-07-14T02:56:31.878369+00:00,"사용상의주의사항 PDF p.6, 문단 23",3) 프로프라놀롤 및 다른 β-차단제: 이 약과의 병용(함께 복용)투여로 인해 항고혈압 효과가 감소될 수 있다.,false,,,,false,,,,,pancol_a_phenylephrine_hypertension,item_sequence=196800036|flags=decongestant_hypertension,고혈압 또는 심혈관질환에서 비충혈제거제 주의가 필요할 수 있습니다.,복용 전 의사 또는 약사와 상담하세요.,src/lib/otc/engine.ts:1051,,,provisional,inactive_candidate,machine_candidate_not_shortlisted,included,,false,,false,,false,,,,
EXP-OTC-02-NB-P6-B25-decongestant_hypertension,OTC-V51-EU-0864b55c0442d497,OTC-RULE-014,decongestant_hypertension,released,high,EXP-OTC-02,197500016,MFDS-197500016,낙센정(나프록센),ING-naproxen,나프록센,product_authorized_ingredient_set_not_excerpt_attribution,NB,MFDS-NEDRUG-DETAIL,https://nedrug.mfds.go.kr/dsie/pdf/drb/197500016/NB,sha256:26f401879a1c0d4ba8d9a648564a7cfae48e373086d75ff4daa170f9ed0fe1a6,26f401879a1c0d4ba8d9a648564a7cfae48e373086d75ff4daa170f9ed0fe1a6,b44e30ee8bbdc15a232f36ffaaef312e3b26102cdc1c51bf2392ae345fcf5f78,2026-07-14,2026-07-14T02:56:31.878369+00:00,"사용상의주의사항 PDF p.6, 문단 25",① 비스테로이드성 소염(항염)진통제에 의해 ACE 저해제(억제제)의 항고혈압효과가 감소될 수 있다는 보,false,,,,false,,,,,pancol_a_phenylephrine_hypertension,item_sequence=196800036|flags=decongestant_hypertension,고혈압 또는 심혈관질환에서 비충혈제거제 주의가 필요할 수 있습니다.,복용 전 의사 또는 약사와 상담하세요.,src/lib/otc/engine.ts:1051,,,provisional,inactive_candidate,machine_candidate_not_shortlisted,included,,false,,false,,false,,,,
EXP-OTC-02-NB-P6-B28-renal_disease,OTC-V51-EU-11c1b8761e0994cc,OTC-RULE-008,renal_disease,released,high,EXP-OTC-02,197500016,MFDS-197500016,낙센정(나프록센),ING-naproxen,나프록센,product_authorized_ingredient_set_not_excerpt_attribution,NB,MFDS-NEDRUG-DETAIL,https://nedrug.mfds.go.kr/dsie/pdf/drb/197500016/NB,sha256:26f401879a1c0d4ba8d9a648564a7cfae48e373086d75ff4daa170f9ed0fe1a6,26f401879a1c0d4ba8d9a648564a7cfae48e373086d75ff4daa170f9ed0fe1a6,b44e30ee8bbdc15a232f36ffaaef312e3b26102cdc1c51bf2392ae345fcf5f78,2026-07-14,2026-07-14T02:56:31.878369+00:00,"사용상의주의사항 PDF p.6, 문단 28","② ACE저해제(억제제)(캅토프릴)와의 병용(함께 복용)에 의해, 신장애(신장장애)를 일으킬 수 있으므로,",false,,,,false,,,,,ibuprofen_kidney_disease,item_sequence=198601920|flags=renal_disease,신장질환과 관련해 주의가 필요한 제품이 포함되어 있습니다.,복용 전 의사 또는 약사와 상담하세요.,src/lib/otc/engine.ts:1023,,,provisional,inactive_candidate,machine_candidate_not_shortlisted,included,,false,,false,,false,,,,
EXP-OTC-02-NB-P7-B25-anticoagulant_antiplatelet,OTC-V51-EU-5b4e0ab900c59283,OTC-RULE-012,anticoagulant_antiplatelet,released,high,EXP-OTC-02,197500016,MFDS-197500016,낙센정(나프록센),ING-naproxen,나프록센,product_authorized_ingredient_set_not_excerpt_attribution,NB,MFDS-NEDRUG-DETAIL,https://nedrug.mfds.go.kr/dsie/pdf/drb/197500016/NB,sha256:26f401879a1c0d4ba8d9a648564a7cfae48e373086d75ff4daa170f9ed0fe1a6,26f401879a1c0d4ba8d9a648564a7cfae48e373086d75ff4daa170f9ed0fe1a6,e6ffc5088ab1658bbc1e0cd5ae63ea425b7cee8718c0ff77f437b3057a7cbad2,2026-07-14,2026-07-14T02:56:31.878369+00:00,"사용상의주의사항 PDF p.7, 문단 25",10) 쿠마린계 항응혈제(혈액응고저지제)(와파린 등),false,,,,false,,,,,ibuprofen_warfarin_or_coumarin_anticoagulant,item_sequence=198601920|flags=anticoagulant_antiplatelet,항응고제 또는 항혈소판제와 병용할 때 주의가 필요할 수 있습니다.,복용 전 처방한 의료진 또는 약사와 상담하세요.,src/lib/otc/engine.ts:1061,,,provisional,inactive_candidate,machine_candidate_not_shortlisted,included,,false,,false,,false,,,,
EXP-OTC-02-NB-P7-B26-anticoagulant_antiplatelet,OTC-V51-EU-4d952164d3739c85,OTC-RULE-012,anticoagulant_antiplatelet,released,high,EXP-OTC-02,197500016,MFDS-197500016,낙센정(나프록센),ING-naproxen,나프록센,product_authorized_ingredient_set_not_excerpt_attribution,NB,MFDS-NEDRUG-DETAIL,https://nedrug.mfds.go.kr/dsie/pdf/drb/197500016/NB,sha256:26f401879a1c0d4ba8d9a648564a7cfae48e373086d75ff4daa170f9ed0fe1a6,26f401879a1c0d4ba8d9a648564a7cfae48e373086d75ff4daa170f9ed0fe1a6,e6ffc5088ab1658bbc1e0cd5ae63ea425b7cee8718c0ff77f437b3057a7cbad2,2026-07-14,2026-07-14T02:56:31.878369+00:00,"사용상의주의사항 PDF p.7, 문단 26",① 위장관(창자)계 출혈에 대하여 와파린과 비스테로이드성 소염(항염)진통제는 상승작용을 나타낼 수 있,false,,,,false,,,,,ibuprofen_warfarin_or_coumarin_anticoagulant,item_sequence=198601920|flags=anticoagulant_antiplatelet,항응고제 또는 항혈소판제와 병용할 때 주의가 필요할 수 있습니다.,복용 전 처방한 의료진 또는 약사와 상담하세요.,src/lib/otc/engine.ts:1061,,,provisional,inactive_candidate,machine_candidate_not_shortlisted,included,,true,location:OTC-V51-EU-4d952164d3739c85,true,OTC-V51-EU-4d952164d3739c85,false,,,,
EXP-OTC-02-NB-P7-B26-gi_bleeding_ulcer,OTC-V51-EU-4d952164d3739c85,OTC-RULE-009,gi_bleeding_ulcer,released,high,EXP-OTC-02,197500016,MFDS-197500016,낙센정(나프록센),ING-naproxen,나프록센,product_authorized_ingredient_set_not_excerpt_attribution,NB,MFDS-NEDRUG-DETAIL,https://nedrug.mfds.go.kr/dsie/pdf/drb/197500016/NB,sha256:26f401879a1c0d4ba8d9a648564a7cfae48e373086d75ff4daa170f9ed0fe1a6,26f401879a1c0d4ba8d9a648564a7cfae48e373086d75ff4daa170f9ed0fe1a6,e6ffc5088ab1658bbc1e0cd5ae63ea425b7cee8718c0ff77f437b3057a7cbad2,2026-07-14,2026-07-14T02:56:31.878369+00:00,"사용상의주의사항 PDF p.7, 문단 26",① 위장관(창자)계 출혈에 대하여 와파린과 비스테로이드성 소염(항염)진통제는 상승작용을 나타낼 수 있,false,,,,false,,,,,ibuprofen_gi_bleeding_or_ulcer,item_sequence=198601920|flags=gi_bleeding_ulcer,위장관 출혈 또는 궤양 위험과 관련된 제품이 포함되어 있습니다.,복용 전 의사 또는 약사와 상담하세요.,src/lib/otc/engine.ts:1030,,,provisional,inactive_candidate,machine_candidate_not_shortlisted,included,,true,location:OTC-V51-EU-4d952164d3739c85,true,OTC-V51-EU-4d952164d3739c85,false,,,,
EXP-OTC-02-NB-P8-B11-pregnancy_lactation,OTC-V51-EU-33fc33815383dc4f,OTC-RULE-006,pregnancy_lactation,released,high,EXP-OTC-02,197500016,MFDS-197500016,낙센정(나프록센),ING-naproxen,나프록센,product_authorized_ingredient_set_not_excerpt_attribution,NB,MFDS-NEDRUG-DETAIL,https://nedrug.mfds.go.kr/dsie/pdf/drb/197500016/NB,sha256:26f401879a1c0d4ba8d9a648564a7cfae48e373086d75ff4daa170f9ed0fe1a6,26f401879a1c0d4ba8d9a648564a7cfae48e373086d75ff4daa170f9ed0fe1a6,748466e8fd005ac52cb9fff70c480536bf6bd2b5a0fa83f1f334bc8e635c8776,2026-07-14,2026-07-14T02:56:31.878369+00:00,"사용상의주의사항 PDF p.8, 문단 11",3) 임신 약 20주 이후 이 약을 포함한 비스테로이드성 소염제(NSAIDs)의 사용은 태아 신기능 이상을 일으켜,false,,,,false,,,,,ibuprofen_pregnancy_lactation,item_sequence=198601920|flags=pregnancy_lactation,임신 또는 수유 중 주의가 필요한 제품이 포함되어 있습니다.,복용 전 의사 또는 약사와 상담하세요.,src/lib/otc/engine.ts:1094,,,provisional,inactive_candidate,machine_candidate_not_shortlisted,included,,false,,false,,false,,,,
EXP-OTC-02-NB-P8-B16-pregnancy_lactation,OTC-V51-EU-b6288f69699be09f,OTC-RULE-006,pregnancy_lactation,released,high,EXP-OTC-02,197500016,MFDS-197500016,낙센정(나프록센),ING-naproxen,나프록센,product_authorized_ingredient_set_not_excerpt_attribution,NB,MFDS-NEDRUG-DETAIL,https://nedrug.mfds.go.kr/dsie/pdf/drb/197500016/NB,sha256:26f401879a1c0d4ba8d9a648564a7cfae48e373086d75ff4daa170f9ed0fe1a6,26f401879a1c0d4ba8d9a648564a7cfae48e373086d75ff4daa170f9ed0fe1a6,748466e8fd005ac52cb9fff70c480536bf6bd2b5a0fa83f1f334bc8e635c8776,2026-07-14,2026-07-14T02:56:31.878369+00:00,"사용상의주의사항 PDF p.8, 문단 16",된 일부 시판 후 사례에서는 교환 수혈이나 투석 같은 침습적 시술이 필요했다. 임신 20~30주 동안 이 약의,false,,,,false,,,,,ibuprofen_pregnancy_lactation,item_sequence=198601920|flags=pregnancy_lactation,임신 또는 수유 중 주의가 필요한 제품이 포함되어 있습니다.,복용 전 의사 또는 약사와 상담하세요.,src/lib/otc/engine.ts:1094,,,provisional,inactive_candidate,machine_candidate_not_shortlisted,included,,true,text:OTC-V51-TEXT-b16eba3e7217a380,false,,true,OTC-V51-TEXT-b16eba3e7217a380,,,
EXP-OTC-02-NB-P8-B20-pregnancy_lactation,OTC-V51-EU-b09b29ce85e1df83,OTC-RULE-006,pregnancy_lactation,released,high,EXP-OTC-02,197500016,MFDS-197500016,낙센정(나프록센),ING-naproxen,나프록센,product_authorized_ingredient_set_not_excerpt_attribution,NB,MFDS-NEDRUG-DETAIL,https://nedrug.mfds.go.kr/dsie/pdf/drb/197500016/NB,sha256:26f401879a1c0d4ba8d9a648564a7cfae48e373086d75ff4daa170f9ed0fe1a6,26f401879a1c0d4ba8d9a648564a7cfae48e373086d75ff4daa170f9ed0fe1a6,748466e8fd005ac52cb9fff70c480536bf6bd2b5a0fa83f1f334bc8e635c8776,2026-07-14,2026-07-14T02:56:31.878369+00:00,"사용상의주의사항 PDF p.8, 문단 20",4) 임부에 대한 안전성은 확립되어 있지 않으므로 임신하고 있을 가능성이 있는 부인에는 치료상의 유익성이,false,,,,false,,,,,ibuprofen_pregnancy_lactation,item_sequence=198601920|flags=pregnancy_lactation,임신 또는 수유 중 주의가 필요한 제품이 포함되어 있습니다.,복용 전 의사 또는 약사와 상담하세요.,src/lib/otc/engine.ts:1094,,,provisional,inactive_candidate,machine_candidate_not_shortlisted,included,,false,,false,,false,,,,
EXP-OTC-02-NB-P8-B22-pregnancy_lactation,OTC-V51-EU-c40843f35e6c278e,OTC-RULE-006,pregnancy_lactation,released,high,EXP-OTC-02,197500016,MFDS-197500016,낙센정(나프록센),ING-naproxen,나프록센,product_authorized_ingredient_set_not_excerpt_attribution,NB,MFDS-NEDRUG-DETAIL,https://nedrug.mfds.go.kr/dsie/pdf/drb/197500016/NB,sha256:26f401879a1c0d4ba8d9a648564a7cfae48e373086d75ff4daa170f9ed0fe1a6,26f401879a1c0d4ba8d9a648564a7cfae48e373086d75ff4daa170f9ed0fe1a6,748466e8fd005ac52cb9fff70c480536bf6bd2b5a0fa83f1f334bc8e635c8776,2026-07-14,2026-07-14T02:56:31.878369+00:00,"사용상의주의사항 PDF p.8, 문단 22",8. 수유부에 대한 투여,false,,,,false,,,,,ibuprofen_pregnancy_lactation,item_sequence=198601920|flags=pregnancy_lactation,임신 또는 수유 중 주의가 필요한 제품이 포함되어 있습니다.,복용 전 의사 또는 약사와 상담하세요.,src/lib/otc/engine.ts:1094,,,provisional,inactive_candidate,machine_candidate_not_shortlisted,included,,false,,false,,false,,,,
EXP-OTC-02-NB-P8-B25-age_restriction,OTC-V51-EU-494f456779b4f82e,OTC-RULE-005,age_restriction,released,high,EXP-OTC-02,197500016,MFDS-197500016,낙센정(나프록센),ING-naproxen,나프록센,product_authorized_ingredient_set_not_excerpt_attribution,NB,MFDS-NEDRUG-DETAIL,https://nedrug.mfds.go.kr/dsie/pdf/drb/197500016/NB,sha256:26f401879a1c0d4ba8d9a648564a7cfae48e373086d75ff4daa170f9ed0fe1a6,26f401879a1c0d4ba8d9a648564a7cfae48e373086d75ff4daa170f9ed0fe1a6,748466e8fd005ac52cb9fff70c480536bf6bd2b5a0fa83f1f334bc8e635c8776,2026-07-14,2026-07-14T02:56:31.878369+00:00,"사용상의주의사항 PDF p.8, 문단 25",9. 소아에 대한 투여,false,,,,false,,,,,tylenol500_minimum_age_12,item_sequence=202106092|minimum_age_years=12,입력한 연령에 적용되는 제한 또는 별도 용량 기준이 있습니다.,소아·고령자 용법을 제품 허가사항과 전문가에게 확인하세요.,src/lib/otc/engine.ts:971,,,provisional,inactive_candidate,machine_candidate_not_shortlisted,included,,false,,false,,false,,,,
EXP-OTC-02-NB-P8-B26-age_restriction,OTC-V51-EU-8840e331fe5d727f,OTC-RULE-005,age_restriction,released,high,EXP-OTC-02,197500016,MFDS-197500016,낙센정(나프록센),ING-naproxen,나프록센,product_authorized_ingredient_set_not_excerpt_attribution,NB,MFDS-NEDRUG-DETAIL,https://nedrug.mfds.go.kr/dsie/pdf/drb/197500016/NB,sha256:26f401879a1c0d4ba8d9a648564a7cfae48e373086d75ff4daa170f9ed0fe1a6,26f401879a1c0d4ba8d9a648564a7cfae48e373086d75ff4daa170f9ed0fe1a6,748466e8fd005ac52cb9fff70c480536bf6bd2b5a0fa83f1f334bc8e635c8776,2026-07-14,2026-07-14T02:56:31.878369+00:00,"사용상의주의사항 PDF p.8, 문단 26",1) 2세 이하의 영아(갓난아기)에 대한 안전성은 확립되어 있지 않으므로 투여하지 않는 것이 바람직하다.,false,,,,false,,,,,tylenol500_minimum_age_12,item_sequence=202106092|minimum_age_years=12,입력한 연령에 적용되는 제한 또는 별도 용량 기준이 있습니다.,소아·고령자 용법을 제품 허가사항과 전문가에게 확인하세요.,src/lib/otc/engine.ts:971,,,provisional,inactive_candidate,machine_candidate_not_shortlisted,included,,false,,false,,false,,,,
EXP-OTC-02-NB-P8-B27-age_restriction,OTC-V51-EU-3854e85ccfcdae98,OTC-RULE-005,age_restriction,released,high,EXP-OTC-02,197500016,MFDS-197500016,낙센정(나프록센),ING-naproxen,나프록센,product_authorized_ingredient_set_not_excerpt_attribution,NB,MFDS-NEDRUG-DETAIL,https://nedrug.mfds.go.kr/dsie/pdf/drb/197500016/NB,sha256:26f401879a1c0d4ba8d9a648564a7cfae48e373086d75ff4daa170f9ed0fe1a6,26f401879a1c0d4ba8d9a648564a7cfae48e373086d75ff4daa170f9ed0fe1a6,748466e8fd005ac52cb9fff70c480536bf6bd2b5a0fa83f1f334bc8e635c8776,2026-07-14,2026-07-14T02:56:31.878369+00:00,"사용상의주의사항 PDF p.8, 문단 27",2) 소아에 있어서 필요한 최소량으로 신중히 투여하고 이상반응의 발현(드러냄)에 특히 유의한다.,false,,,,false,,,,,tylenol500_minimum_age_12,item_sequence=202106092|minimum_age_years=12,입력한 연령에 적용되는 제한 또는 별도 용량 기준이 있습니다.,소아·고령자 용법을 제품 허가사항과 전문가에게 확인하세요.,src/lib/otc/engine.ts:971,,,provisional,inactive_candidate,machine_candidate_not_shortlisted,included,,false,,false,,false,,,,
EXP-OTC-02-NB-P8-B5-pregnancy_lactation,OTC-V51-EU-04276f4ad304aa85,OTC-RULE-006,pregnancy_lactation,released,high,EXP-OTC-02,197500016,MFDS-197500016,낙센정(나프록센),ING-naproxen,나프록센,product_authorized_ingredient_set_not_excerpt_attribution,NB,MFDS-NEDRUG-DETAIL,https://nedrug.mfds.go.kr/dsie/pdf/drb/197500016/NB,sha256:26f401879a1c0d4ba8d9a648564a7cfae48e373086d75ff4daa170f9ed0fe1a6,26f401879a1c0d4ba8d9a648564a7cfae48e373086d75ff4daa170f9ed0fe1a6,748466e8fd005ac52cb9fff70c480536bf6bd2b5a0fa83f1f334bc8e635c8776,2026-07-14,2026-07-14T02:56:31.878369+00:00,"사용상의주의사항 PDF p.8, 문단 5",7. 임부에 대한 투여,false,,"사용상의주의사항 PDF p.8, 문단 5",7. 임부에 대한 투여,false,,,,,ibuprofen_pregnancy_lactation,item_sequence=198601920|flags=pregnancy_lactation,임신 또는 수유 중 주의가 필요한 제품이 포함되어 있습니다.,복용 전 의사 또는 약사와 상담하세요.,src/lib/otc/engine.ts:1094,3,alternative_context,needs_expert_review,inactive_candidate,shortlisted_context_not_expert_verified,included,,false,,false,,false,,,,
EXP-OTC-02-NB-P8-B6-pregnancy_lactation,OTC-V51-EU-1bfda86c55552678,OTC-RULE-006,pregnancy_lactation,released,high,EXP-OTC-02,197500016,MFDS-197500016,낙센정(나프록센),ING-naproxen,나프록센,product_authorized_ingredient_set_not_excerpt_attribution,NB,MFDS-NEDRUG-DETAIL,https://nedrug.mfds.go.kr/dsie/pdf/drb/197500016/NB,sha256:26f401879a1c0d4ba8d9a648564a7cfae48e373086d75ff4daa170f9ed0fe1a6,26f401879a1c0d4ba8d9a648564a7cfae48e373086d75ff4daa170f9ed0fe1a6,748466e8fd005ac52cb9fff70c480536bf6bd2b5a0fa83f1f334bc8e635c8776,2026-07-14,2026-07-14T02:56:31.878369+00:00,"사용상의주의사항 PDF p.8, 문단 6","1) 이 약을 임부에게 투여한 임상자료가 없다. 동물실험에서 주산기(출산전후기)에 투여하여 분만지연, 난산",false,,,,false,,,,,ibuprofen_pregnancy_lactation,item_sequence=198601920|flags=pregnancy_lactation,임신 또는 수유 중 주의가 필요한 제품이 포함되어 있습니다.,복용 전 의사 또는 약사와 상담하세요.,src/lib/otc/engine.ts:1094,,,provisional,inactive_candidate,machine_candidate_not_shortlisted,included,,false,,false,,false,,,,
EXP-OTC-02-NB-P8-B7-pregnancy_lactation,OTC-V51-EU-56a67891e7460455,OTC-RULE-006,pregnancy_lactation,released,high,EXP-OTC-02,197500016,MFDS-197500016,낙센정(나프록센),ING-naproxen,나프록센,product_authorized_ingredient_set_not_excerpt_attribution,NB,MFDS-NEDRUG-DETAIL,https://nedrug.mfds.go.kr/dsie/pdf/drb/197500016/NB,sha256:26f401879a1c0d4ba8d9a648564a7cfae48e373086d75ff4daa170f9ed0fe1a6,26f401879a1c0d4ba8d9a648564a7cfae48e373086d75ff4daa170f9ed0fe1a6,748466e8fd005ac52cb9fff70c480536bf6bd2b5a0fa83f1f334bc8e635c8776,2026-07-14,2026-07-14T02:56:31.878369+00:00,"사용상의주의사항 PDF p.8, 문단 7",의 발생 빈도 증가 및 새끼의 생존율 감소가 보고되어 있으므로 임신말기에는 이 약을 투여하지 않는다.,false,,,,false,,,,,ibuprofen_pregnancy_lactation,item_sequence=198601920|flags=pregnancy_lactation,임신 또는 수유 중 주의가 필요한 제품이 포함되어 있습니다.,복용 전 의사 또는 약사와 상담하세요.,src/lib/otc/engine.ts:1094,,,provisional,inactive_candidate,machine_candidate_not_shortlisted,included,,false,,false,,false,,,,
EXP-OTC-02-NB-P8-B8-pregnancy_lactation,OTC-V51-EU-ad57df76ccefa596,OTC-RULE-006,pregnancy_lactation,released,high,EXP-OTC-02,197500016,MFDS-197500016,낙센정(나프록센),ING-naproxen,나프록센,product_authorized_ingredient_set_not_excerpt_attribution,NB,MFDS-NEDRUG-DETAIL,https://nedrug.mfds.go.kr/dsie/pdf/drb/197500016/NB,sha256:26f401879a1c0d4ba8d9a648564a7cfae48e373086d75ff4daa170f9ed0fe1a6,26f401879a1c0d4ba8d9a648564a7cfae48e373086d75ff4daa170f9ed0fe1a6,748466e8fd005ac52cb9fff70c480536bf6bd2b5a0fa83f1f334bc8e635c8776,2026-07-14,2026-07-14T02:56:31.878369+00:00,"사용상의주의사항 PDF p.8, 문단 8",2) 임신말기의 랫트에 투여한 실험에서 태자의 동맥관수축이 보고된 바 있다. 다른 비스테로이드성 소염(항,false,,,,false,,,,,ibuprofen_pregnancy_lactation,item_sequence=198601920|flags=pregnancy_lactation,임신 또는 수유 중 주의가 필요한 제품이 포함되어 있습니다.,복용 전 의사 또는 약사와 상담하세요.,src/lib/otc/engine.ts:1094,,,provisional,inactive_candidate,machine_candidate_not_shortlisted,included,,false,,false,,false,,,,
EXP-OTC-02-NB-P8-B9-pregnancy_lactation,OTC-V51-EU-91768d7586b5b9f5,OTC-RULE-006,pregnancy_lactation,released,high,EXP-OTC-02,197500016,MFDS-197500016,낙센정(나프록센),ING-naproxen,나프록센,product_authorized_ingredient_set_not_excerpt_attribution,NB,MFDS-NEDRUG-DETAIL,https://nedrug.mfds.go.kr/dsie/pdf/drb/197500016/NB,sha256:26f401879a1c0d4ba8d9a648564a7cfae48e373086d75ff4daa170f9ed0fe1a6,26f401879a1c0d4ba8d9a648564a7cfae48e373086d75ff4daa170f9ed0fe1a6,748466e8fd005ac52cb9fff70c480536bf6bd2b5a0fa83f1f334bc8e635c8776,2026-07-14,2026-07-14T02:56:31.878369+00:00,"사용상의주의사항 PDF p.8, 문단 9",염)진통제와 마찬가지로 임신 말기에 이 약을 투여 시 태아의 동맥관을 조기 폐쇄시킬 수 있으므로 이 약은 임,false,,,,false,,,,,ibuprofen_pregnancy_lactation,item_sequence=198601920|flags=pregnancy_lactation,임신 또는 수유 중 주의가 필요한 제품이 포함되어 있습니다.,복용 전 의사 또는 약사와 상담하세요.,src/lib/otc/engine.ts:1094,,,provisional,inactive_candidate,machine_candidate_not_shortlisted,included,,false,,false,,false,,,,
EXP-OTC-02-NB-P9-B1-age_restriction,OTC-V51-EU-23530e141f28f94c,OTC-RULE-005,age_restriction,released,high,EXP-OTC-02,197500016,MFDS-197500016,낙센정(나프록센),ING-naproxen,나프록센,product_authorized_ingredient_set_not_excerpt_attribution,NB,MFDS-NEDRUG-DETAIL,https://nedrug.mfds.go.kr/dsie/pdf/drb/197500016/NB,sha256:26f401879a1c0d4ba8d9a648564a7cfae48e373086d75ff4daa170f9ed0fe1a6,26f401879a1c0d4ba8d9a648564a7cfae48e373086d75ff4daa170f9ed0fe1a6,9c1f686b6fd803dc86efaad393ca13ed765a4c0f4dac13b93aca28945ed6c1a7,2026-07-14,2026-07-14T02:56:31.878369+00:00,"사용상의주의사항 PDF p.9, 문단 1",10. 고령자(노인)에 대한 투여,false,,,,false,,,,,tylenol500_minimum_age_12,item_sequence=202106092|minimum_age_years=12,입력한 연령에 적용되는 제한 또는 별도 용량 기준이 있습니다.,소아·고령자 용법을 제품 허가사항과 전문가에게 확인하세요.,src/lib/otc/engine.ts:971,,,provisional,inactive_candidate,machine_candidate_not_shortlisted,included,,false,,false,,false,,,,
EXP-OTC-02-NB-P9-B2-age_restriction,OTC-V51-EU-207790f8f17e510c,OTC-RULE-005,age_restriction,released,high,EXP-OTC-02,197500016,MFDS-197500016,낙센정(나프록센),ING-naproxen,나프록센,product_authorized_ingredient_set_not_excerpt_attribution,NB,MFDS-NEDRUG-DETAIL,https://nedrug.mfds.go.kr/dsie/pdf/drb/197500016/NB,sha256:26f401879a1c0d4ba8d9a648564a7cfae48e373086d75ff4daa170f9ed0fe1a6,26f401879a1c0d4ba8d9a648564a7cfae48e373086d75ff4daa170f9ed0fe1a6,9c1f686b6fd803dc86efaad393ca13ed765a4c0f4dac13b93aca28945ed6c1a7,2026-07-14,2026-07-14T02:56:31.878369+00:00,"사용상의주의사항 PDF p.9, 문단 2","일반적으로 고령자(노인)는 소염(항염)진통제에 의한 소화관의 궤양, 출혈 등의 발현(드러냄)이 높으므로 소",false,,,,false,,,,,tylenol500_minimum_age_12,item_sequence=202106092|minimum_age_years=12,입력한 연령에 적용되는 제한 또는 별도 용량 기준이 있습니다.,소아·고령자 용법을 제품 허가사항과 전문가에게 확인하세요.,src/lib/otc/engine.ts:971,,,provisional,inactive_candidate,machine_candidate_not_shortlisted,included,,false,,false,,false,,,,
EXP-OTC-02-NB-P9-B9-sedation_driving,OTC-V51-EU-f9e202ca61be1906,OTC-RULE-010,sedation_driving,released,high,EXP-OTC-02,197500016,MFDS-197500016,낙센정(나프록센),ING-naproxen,나프록센,product_authorized_ingredient_set_not_excerpt_attribution,NB,MFDS-NEDRUG-DETAIL,https://nedrug.mfds.go.kr/dsie/pdf/drb/197500016/NB,sha256:26f401879a1c0d4ba8d9a648564a7cfae48e373086d75ff4daa170f9ed0fe1a6,26f401879a1c0d4ba8d9a648564a7cfae48e373086d75ff4daa170f9ed0fe1a6,9c1f686b6fd803dc86efaad393ca13ed765a4c0f4dac13b93aca28945ed6c1a7,2026-07-14,2026-07-14T02:56:31.878369+00:00,"사용상의주의사항 PDF p.9, 문단 9","과량투여시 졸음, 가슴쓰림, 소화불량, 구역, 구토가 나타나며 이러한 경우에는 위세척을 하고 약용탄을 사용",false,,,,false,,,,,pancol_a_driving,item_sequence=196800036|flags=sedation_driving,졸림을 유발해 운전이나 기계 조작에 영향을 줄 수 있습니다.,운전·기계 조작을 피하고 허가사항을 확인하세요.,src/lib/otc/engine.ts:1037,,,provisional,inactive_candidate,machine_candidate_not_shortlisted,included,,false,,false,,false,,,,
EXP-OTC-02-UD-P1-B3-minimum_interval,OTC-V51-EU-a85b396b69afbac0,OTC-RULE-004,minimum_interval,released,high,EXP-OTC-02,197500016,MFDS-197500016,낙센정(나프록센),ING-naproxen,나프록센,product_authorized_ingredient_set_not_excerpt_attribution,UD,MFDS-NEDRUG-DETAIL,https://nedrug.mfds.go.kr/dsie/pdf/drb/197500016/UD,sha256:989b9ab7b54bbde65b3d441b208c18d5b5b3c6aeff972ac9e6ba87023ad32944,989b9ab7b54bbde65b3d441b208c18d5b5b3c6aeff972ac9e6ba87023ad32944,c2a9a102780db64776d1877c8f77c7ad5a3d5ee3eef0d9c49ce3cae34f964900,2026-07-14,2026-07-14T02:56:31.878369+00:00,"용법용량 PDF p.1, 문단 3",성인 나프록센으로서 1회 250-500mg 1일 2회(12시간마다) 경구투여(복용)한다.,false,,"용법용량 PDF p.1, 문단 3",성인 나프록센으로서 1회 250-500mg 1일 2회(12시간마다) 경구투여(복용)한다.,false,,,,,tylenol500_age_12_plus,item_sequence=202106092|ingredient_id=ING-acetaminophen|minimum_interval_hours=4,이전 복용 후 확인된 최소 간격이 지나지 않았습니다.,다음 복용 시점을 약사 또는 의사에게 확인하세요.,src/lib/otc/engine.ts:69,2,alternative_context,needs_expert_review,inactive_candidate,shortlisted_context_not_expert_verified,included,,false,,false,,false,,,,
EXP-OTC-02-UD-P1-B6-minimum_interval,OTC-V51-EU-f92df3f06e2f0de1,OTC-RULE-004,minimum_interval,released,high,EXP-OTC-02,197500016,MFDS-197500016,낙센정(나프록센),ING-naproxen,나프록센,product_authorized_ingredient_set_not_excerpt_attribution,UD,MFDS-NEDRUG-DETAIL,https://nedrug.mfds.go.kr/dsie/pdf/drb/197500016/UD,sha256:989b9ab7b54bbde65b3d441b208c18d5b5b3c6aeff972ac9e6ba87023ad32944,989b9ab7b54bbde65b3d441b208c18d5b5b3c6aeff972ac9e6ba87023ad32944,c2a9a102780db64776d1877c8f77c7ad5a3d5ee3eef0d9c49ce3cae34f964900,2026-07-14,2026-07-14T02:56:31.878369+00:00,"용법용량 PDF p.1, 문단 6",지 8시간 간격으로 250mg을 경구투여(복용)한다.,false,,,,false,,,,,tylenol500_age_12_plus,item_sequence=202106092|ingredient_id=ING-acetaminophen|minimum_interval_hours=4,이전 복용 후 확인된 최소 간격이 지나지 않았습니다.,다음 복용 시점을 약사 또는 의사에게 확인하세요.,src/lib/otc/engine.ts:69,,,provisional,inactive_candidate,machine_candidate_not_shortlisted,included,,false,,false,,false,,,,
EXP-OTC-02-UD-P1-B8-minimum_interval,OTC-V51-EU-a030f22eb61c4172,OTC-RULE-004,minimum_interval,released,high,EXP-OTC-02,197500016,MFDS-197500016,낙센정(나프록센),ING-naproxen,나프록센,product_authorized_ingredient_set_not_excerpt_attribution,UD,MFDS-NEDRUG-DETAIL,https://nedrug.mfds.go.kr/dsie/pdf/drb/197500016/UD,sha256:989b9ab7b54bbde65b3d441b208c18d5b5b3c6aeff972ac9e6ba87023ad32944,989b9ab7b54bbde65b3d441b208c18d5b5b3c6aeff972ac9e6ba87023ad32944,c2a9a102780db64776d1877c8f77c7ad5a3d5ee3eef0d9c49ce3cae34f964900,2026-07-14,2026-07-14T02:56:31.878369+00:00,"용법용량 PDF p.1, 문단 8",성인 나프록센으로서 초회량(처음 복용량)으로 500mg을 경구투여(복용)한 후 6-8시간간격으로 250mg씩,false,,,,false,,,,,tylenol500_age_12_plus,item_sequence=202106092|ingredient_id=ING-acetaminophen|minimum_interval_hours=4,이전 복용 후 확인된 최소 간격이 지나지 않았습니다.,다음 복용 시점을 약사 또는 의사에게 확인하세요.,src/lib/otc/engine.ts:69,,,provisional,inactive_candidate,machine_candidate_not_shortlisted,included,,false,,false,,false,,,,
EXP-OTC-03-NB-P1-B15-alcohol,OTC-V51-EU-e543013b653f3798,OTC-RULE-011,alcohol,released,high,EXP-OTC-03,200610765,MFDS-200610765,지르텍정(세티리진염산염),ING-cetirizine_hydrochloride,세티리진염산염,product_authorized_ingredient_set_not_excerpt_attribution,NB,MFDS-NEDRUG-DETAIL,https://nedrug.mfds.go.kr/dsie/pdf/drb/200610765/NB,sha256:34406f284ca4e7d5a0b3ff1c667fc32531b25d2311b61733a701a7c01f01ef57,34406f284ca4e7d5a0b3ff1c667fc32531b25d2311b61733a701a7c01f01ef57,94ec7cf2e6e7f7a505b7105a086b34ffca1ad377beb1ba60386e01fe3b37a06f,2026-07-14,2026-07-14T02:56:31.878369+00:00,"사용상의주의사항 PDF p.1, 문단 15",1) 다른 항히스타민제와 마찬가지로 과량의 알코올과 함께 투여하지 않는다.,false,,,,false,,,,,acetaminophen_regular_alcohol_use,item_sequence=202106092|ingredient_id=ING-acetaminophen|flags=alcohol,음주와 함께 복용할 때 주의가 필요한 제품이 포함되어 있습니다.,음주 중 복용 전 약사 또는 의사와 상담하세요.,src/lib/otc/engine.ts:1044,,,provisional,inactive_candidate,machine_candidate_not_shortlisted,included,,false,,false,,false,,,,
EXP-OTC-03-NB-P1-B17-renal_disease,OTC-V51-EU-514444c778f2cebf,OTC-RULE-008,renal_disease,released,high,EXP-OTC-03,200610765,MFDS-200610765,지르텍정(세티리진염산염),ING-cetirizine_hydrochloride,세티리진염산염,product_authorized_ingredient_set_not_excerpt_attribution,NB,MFDS-NEDRUG-DETAIL,https://nedrug.mfds.go.kr/dsie/pdf/drb/200610765/NB,sha256:34406f284ca4e7d5a0b3ff1c667fc32531b25d2311b61733a701a7c01f01ef57,34406f284ca4e7d5a0b3ff1c667fc32531b25d2311b61733a701a7c01f01ef57,94ec7cf2e6e7f7a505b7105a086b34ffca1ad377beb1ba60386e01fe3b37a06f,2026-07-14,2026-07-14T02:56:31.878369+00:00,"사용상의주의사항 PDF p.1, 문단 17",1) 신장애(신장장애) 환자(높은 혈중 농도가 지속될 수 있다),false,,,,false,,,,,ibuprofen_kidney_disease,item_sequence=198601920|flags=renal_disease,신장질환과 관련해 주의가 필요한 제품이 포함되어 있습니다.,복용 전 의사 또는 약사와 상담하세요.,src/lib/otc/engine.ts:1023,,,provisional,inactive_candidate,machine_candidate_not_shortlisted,included,,false,,false,,false,,,,
EXP-OTC-03-NB-P1-B18-hepatic_disease,OTC-V51-EU-4a5dd81c1e4ad9cf,OTC-RULE-007,hepatic_disease,released,high,EXP-OTC-03,200610765,MFDS-200610765,지르텍정(세티리진염산염),ING-cetirizine_hydrochloride,세티리진염산염,product_authorized_ingredient_set_not_excerpt_attribution,NB,MFDS-NEDRUG-DETAIL,https://nedrug.mfds.go.kr/dsie/pdf/drb/200610765/NB,sha256:34406f284ca4e7d5a0b3ff1c667fc32531b25d2311b61733a701a7c01f01ef57,34406f284ca4e7d5a0b3ff1c667fc32531b25d2311b61733a701a7c01f01ef57,94ec7cf2e6e7f7a505b7105a086b34ffca1ad377beb1ba60386e01fe3b37a06f,2026-07-14,2026-07-14T02:56:31.878369+00:00,"사용상의주의사항 PDF p.1, 문단 18",2) 간장애 환자(높은 혈중 농도가 지속될 수 있다),false,,,,false,,,,,acetaminophen_liver_disease,item_sequence=202106092|ingredient_id=ING-acetaminophen|flags=hepatic_disease,간질환과 관련해 주의가 필요한 제품이 포함되어 있습니다.,복용 전 의사 또는 약사와 상담하세요.,src/lib/otc/engine.ts:1016,,,provisional,inactive_candidate,machine_candidate_not_shortlisted,included,,false,,false,,false,,,,
EXP-OTC-03-NB-P1-B19-age_restriction,OTC-V51-EU-51a0863bfdecc7fe,OTC-RULE-005,age_restriction,released,high,EXP-OTC-03,200610765,MFDS-200610765,지르텍정(세티리진염산염),ING-cetirizine_hydrochloride,세티리진염산염,product_authorized_ingredient_set_not_excerpt_attribution,NB,MFDS-NEDRUG-DETAIL,https://nedrug.mfds.go.kr/dsie/pdf/drb/200610765/NB,sha256:34406f284ca4e7d5a0b3ff1c667fc32531b25d2311b61733a701a7c01f01ef57,34406f284ca4e7d5a0b3ff1c667fc32531b25d2311b61733a701a7c01f01ef57,94ec7cf2e6e7f7a505b7105a086b34ffca1ad377beb1ba60386e01fe3b37a06f,2026-07-14,2026-07-14T02:56:31.878369+00:00,"사용상의주의사항 PDF p.1, 문단 19",3) 노인(높은 혈중 농도가 지속될 수 있다),false,,,,false,,,,,tylenol500_minimum_age_12,item_sequence=202106092|minimum_age_years=12,입력한 연령에 적용되는 제한 또는 별도 용량 기준이 있습니다.,소아·고령자 용법을 제품 허가사항과 전문가에게 확인하세요.,src/lib/otc/engine.ts:971,,,provisional,inactive_candidate,machine_candidate_not_shortlisted,included,,false,,false,,false,,,,
EXP-OTC-03-NB-P1-B20-age_restriction,OTC-V51-EU-423129efc30c4d31,OTC-RULE-005,age_restriction,released,high,EXP-OTC-03,200610765,MFDS-200610765,지르텍정(세티리진염산염),ING-cetirizine_hydrochloride,세티리진염산염,product_authorized_ingredient_set_not_excerpt_attribution,NB,MFDS-NEDRUG-DETAIL,https://nedrug.mfds.go.kr/dsie/pdf/drb/200610765/NB,sha256:34406f284ca4e7d5a0b3ff1c667fc32531b25d2311b61733a701a7c01f01ef57,34406f284ca4e7d5a0b3ff1c667fc32531b25d2311b61733a701a7c01f01ef57,94ec7cf2e6e7f7a505b7105a086b34ffca1ad377beb1ba60386e01fe3b37a06f,2026-07-14,2026-07-14T02:56:31.878369+00:00,"사용상의주의사항 PDF p.1, 문단 20",이 약은 주로 신장을 통해 배설되므로 일반적으로 신기능이 저하되어 있는 노인에서는 혈중 농도 과다상태,false,,,,false,,,,,tylenol500_minimum_age_12,item_sequence=202106092|minimum_age_years=12,입력한 연령에 적용되는 제한 또는 별도 용량 기준이 있습니다.,소아·고령자 용법을 제품 허가사항과 전문가에게 확인하세요.,src/lib/otc/engine.ts:971,,,provisional,inactive_candidate,machine_candidate_not_shortlisted,included,,false,,false,,false,,,,
EXP-OTC-03-NB-P1-B5-age_restriction,OTC-V51-EU-d96c368ed6e8e4b8,OTC-RULE-005,age_restriction,released,high,EXP-OTC-03,200610765,MFDS-200610765,지르텍정(세티리진염산염),ING-cetirizine_hydrochloride,세티리진염산염,product_authorized_ingredient_set_not_excerpt_attribution,NB,MFDS-NEDRUG-DETAIL,https://nedrug.mfds.go.kr/dsie/pdf/drb/200610765/NB,sha256:34406f284ca4e7d5a0b3ff1c667fc32531b25d2311b61733a701a7c01f01ef57,34406f284ca4e7d5a0b3ff1c667fc32531b25d2311b61733a701a7c01f01ef57,94ec7cf2e6e7f7a505b7105a086b34ffca1ad377beb1ba60386e01fe3b37a06f,2026-07-14,2026-07-14T02:56:31.878369+00:00,"사용상의주의사항 PDF p.1, 문단 5",3) 6세 미만의 유아,false,,,,false,,,,,tylenol500_minimum_age_12,item_sequence=202106092|minimum_age_years=12,입력한 연령에 적용되는 제한 또는 별도 용량 기준이 있습니다.,소아·고령자 용법을 제품 허가사항과 전문가에게 확인하세요.,src/lib/otc/engine.ts:971,,,provisional,inactive_candidate,machine_candidate_not_shortlisted,included,,false,,false,,false,,,,
EXP-OTC-03-NB-P2-B10-pregnancy_lactation,OTC-V51-EU-b8604957d36212c2,OTC-RULE-006,pregnancy_lactation,released,high,EXP-OTC-03,200610765,MFDS-200610765,지르텍정(세티리진염산염),ING-cetirizine_hydrochloride,세티리진염산염,product_authorized_ingredient_set_not_excerpt_attribution,NB,MFDS-NEDRUG-DETAIL,https://nedrug.mfds.go.kr/dsie/pdf/drb/200610765/NB,sha256:34406f284ca4e7d5a0b3ff1c667fc32531b25d2311b61733a701a7c01f01ef57,34406f284ca4e7d5a0b3ff1c667fc32531b25d2311b61733a701a7c01f01ef57,592102b6fcf244d3fa44c05ce304c4a1a33e34c8807ebdb9170147c75d05d4eb,2026-07-14,2026-07-14T02:56:31.878369+00:00,"사용상의주의사항 PDF p.2, 문단 10","된 이상반응이 모유를 먹는 영아에서 관찰될 수 있으므로, 모유 수유 중인 여성이 이 약을 복용 시 주의가 필",false,,,,false,,,,,ibuprofen_pregnancy_lactation,item_sequence=198601920|flags=pregnancy_lactation,임신 또는 수유 중 주의가 필요한 제품이 포함되어 있습니다.,복용 전 의사 또는 약사와 상담하세요.,src/lib/otc/engine.ts:1094,,,provisional,inactive_candidate,machine_candidate_not_shortlisted,included,,false,,false,,false,,,,
EXP-OTC-03-NB-P2-B15-urgent_referral,OTC-V51-EU-beb42c630ba6414a,OTC-RULE-016,urgent_referral,released,urgent,EXP-OTC-03,200610765,MFDS-200610765,지르텍정(세티리진염산염),ING-cetirizine_hydrochloride,세티리진염산염,product_authorized_ingredient_set_not_excerpt_attribution,NB,MFDS-NEDRUG-DETAIL,https://nedrug.mfds.go.kr/dsie/pdf/drb/200610765/NB,sha256:34406f284ca4e7d5a0b3ff1c667fc32531b25d2311b61733a701a7c01f01ef57,34406f284ca4e7d5a0b3ff1c667fc32531b25d2311b61733a701a7c01f01ef57,592102b6fcf244d3fa44c05ce304c4a1a33e34c8807ebdb9170147c75d05d4eb,2026-07-14,2026-07-14T02:56:31.878369+00:00,"사용상의주의사항 PDF p.2, 문단 15","5. 다음과 같은 경우 이 약의 복용(사용)을 즉각 중지하고 의사, 치과의사, 약사와 상의할 것. 상담시 가능한한",false,,,,false,,,,,tylenol500_stop_and_consult_symptoms,item_sequence=202106092|red_flag_terms=호흡곤란;온몸이 붉어짐;혈관부기;두드러기;천식발작;얼굴부기;저혈압;쇽;스티븐스-존슨;스티븐스 존슨;독성표피괴사;리엘 증후군,즉시 상담 또는 진료가 필요한 증상이 입력되었습니다.,지체하지 말고 의료기관 또는 응급상담을 이용하세요.,src/lib/otc/engine.ts:1214,,,provisional,inactive_candidate,machine_candidate_not_shortlisted,included,,false,,false,,false,,,,
EXP-OTC-03-NB-P2-B25-sedation_driving,OTC-V51-EU-703f45286d459a36,OTC-RULE-010,sedation_driving,released,high,EXP-OTC-03,200610765,MFDS-200610765,지르텍정(세티리진염산염),ING-cetirizine_hydrochloride,세티리진염산염,product_authorized_ingredient_set_not_excerpt_attribution,NB,MFDS-NEDRUG-DETAIL,https://nedrug.mfds.go.kr/dsie/pdf/drb/200610765/NB,sha256:34406f284ca4e7d5a0b3ff1c667fc32531b25d2311b61733a701a7c01f01ef57,34406f284ca4e7d5a0b3ff1c667fc32531b25d2311b61733a701a7c01f01ef57,592102b6fcf244d3fa44c05ce304c4a1a33e34c8807ebdb9170147c75d05d4eb,2026-07-14,2026-07-14T02:56:31.878369+00:00,"사용상의주의사항 PDF p.2, 문단 25","2) 정신신경계 : 졸음, 두통, 때때로 권태감, 마비감, 무력증, 초조, 감각이상, 드물게 가볍고 일시적인 나른",false,,,,false,,,,,pancol_a_driving,item_sequence=196800036|flags=sedation_driving,졸림을 유발해 운전이나 기계 조작에 영향을 줄 수 있습니다.,운전·기계 조작을 피하고 허가사항을 확인하세요.,src/lib/otc/engine.ts:1037,,,provisional,inactive_candidate,machine_candidate_not_shortlisted,included,,false,,false,,false,,,,
EXP-OTC-03-NB-P2-B3-pregnancy_lactation,OTC-V51-EU-58c68a96fe88ac72,OTC-RULE-006,pregnancy_lactation,released,high,EXP-OTC-03,200610765,MFDS-200610765,지르텍정(세티리진염산염),ING-cetirizine_hydrochloride,세티리진염산염,product_authorized_ingredient_set_not_excerpt_attribution,NB,MFDS-NEDRUG-DETAIL,https://nedrug.mfds.go.kr/dsie/pdf/drb/200610765/NB,sha256:34406f284ca4e7d5a0b3ff1c667fc32531b25d2311b61733a701a7c01f01ef57,34406f284ca4e7d5a0b3ff1c667fc32531b25d2311b61733a701a7c01f01ef57,592102b6fcf244d3fa44c05ce304c4a1a33e34c8807ebdb9170147c75d05d4eb,2026-07-14,2026-07-14T02:56:31.878369+00:00,"사용상의주의사항 PDF p.2, 문단 3",6) 임부,false,,,,false,,,,,ibuprofen_pregnancy_lactation,item_sequence=198601920|flags=pregnancy_lactation,임신 또는 수유 중 주의가 필요한 제품이 포함되어 있습니다.,복용 전 의사 또는 약사와 상담하세요.,src/lib/otc/engine.ts:1094,,,provisional,inactive_candidate,machine_candidate_not_shortlisted,included,,false,,false,,false,,,,
EXP-OTC-03-NB-P2-B4-pregnancy_lactation,OTC-V51-EU-0c6e19258e770d00,OTC-RULE-006,pregnancy_lactation,released,high,EXP-OTC-03,200610765,MFDS-200610765,지르텍정(세티리진염산염),ING-cetirizine_hydrochloride,세티리진염산염,product_authorized_ingredient_set_not_excerpt_attribution,NB,MFDS-NEDRUG-DETAIL,https://nedrug.mfds.go.kr/dsie/pdf/drb/200610765/NB,sha256:34406f284ca4e7d5a0b3ff1c667fc32531b25d2311b61733a701a7c01f01ef57,34406f284ca4e7d5a0b3ff1c667fc32531b25d2311b61733a701a7c01f01ef57,592102b6fcf244d3fa44c05ce304c4a1a33e34c8807ebdb9170147c75d05d4eb,2026-07-14,2026-07-14T02:56:31.878369+00:00,"사용상의주의사항 PDF p.2, 문단 4",임부를 대상으로 수집한 약 700건의 전향적인 자료에서 세티리진의 기형 또는 태아/신생아 독성에 대한 명확,false,,,,false,,,,,ibuprofen_pregnancy_lactation,item_sequence=198601920|flags=pregnancy_lactation,임신 또는 수유 중 주의가 필요한 제품이 포함되어 있습니다.,복용 전 의사 또는 약사와 상담하세요.,src/lib/otc/engine.ts:1094,,,provisional,inactive_candidate,machine_candidate_not_shortlisted,included,,false,,false,,false,,,,
EXP-OTC-03-NB-P2-B6-pregnancy_lactation,OTC-V51-EU-4e0d5f67fe3e9d24,OTC-RULE-006,pregnancy_lactation,released,high,EXP-OTC-03,200610765,MFDS-200610765,지르텍정(세티리진염산염),ING-cetirizine_hydrochloride,세티리진염산염,product_authorized_ingredient_set_not_excerpt_attribution,NB,MFDS-NEDRUG-DETAIL,https://nedrug.mfds.go.kr/dsie/pdf/drb/200610765/NB,sha256:34406f284ca4e7d5a0b3ff1c667fc32531b25d2311b61733a701a7c01f01ef57,34406f284ca4e7d5a0b3ff1c667fc32531b25d2311b61733a701a7c01f01ef57,592102b6fcf244d3fa44c05ce304c4a1a33e34c8807ebdb9170147c75d05d4eb,2026-07-14,2026-07-14T02:56:31.878369+00:00,"사용상의주의사항 PDF p.2, 문단 6","동물 시험에서 임신, 배아/태아 발달, 분만 또는 출생 후 발달과 관련하여 직간접적으로 유해한 영향을 나타내",false,,,,false,,,,,ibuprofen_pregnancy_lactation,item_sequence=198601920|flags=pregnancy_lactation,임신 또는 수유 중 주의가 필요한 제품이 포함되어 있습니다.,복용 전 의사 또는 약사와 상담하세요.,src/lib/otc/engine.ts:1094,,,provisional,inactive_candidate,machine_candidate_not_shortlisted,included,,false,,false,,false,,,,
EXP-OTC-03-NB-P2-B7-pregnancy_lactation,OTC-V51-EU-a36f6c304b1f47f4,OTC-RULE-006,pregnancy_lactation,released,high,EXP-OTC-03,200610765,MFDS-200610765,지르텍정(세티리진염산염),ING-cetirizine_hydrochloride,세티리진염산염,product_authorized_ingredient_set_not_excerpt_attribution,NB,MFDS-NEDRUG-DETAIL,https://nedrug.mfds.go.kr/dsie/pdf/drb/200610765/NB,sha256:34406f284ca4e7d5a0b3ff1c667fc32531b25d2311b61733a701a7c01f01ef57,34406f284ca4e7d5a0b3ff1c667fc32531b25d2311b61733a701a7c01f01ef57,592102b6fcf244d3fa44c05ce304c4a1a33e34c8807ebdb9170147c75d05d4eb,2026-07-14,2026-07-14T02:56:31.878369+00:00,"사용상의주의사항 PDF p.2, 문단 7",지 않았다. 그럼에도 불구하고 임부 투여 시 주의가 필요하다.,false,,,,false,,,,,ibuprofen_pregnancy_lactation,item_sequence=198601920|flags=pregnancy_lactation,임신 또는 수유 중 주의가 필요한 제품이 포함되어 있습니다.,복용 전 의사 또는 약사와 상담하세요.,src/lib/otc/engine.ts:1094,,,provisional,inactive_candidate,machine_candidate_not_shortlisted,included,,false,,false,,false,,,,
EXP-OTC-03-NB-P2-B8-pregnancy_lactation,OTC-V51-EU-ad7f58094f716194,OTC-RULE-006,pregnancy_lactation,released,high,EXP-OTC-03,200610765,MFDS-200610765,지르텍정(세티리진염산염),ING-cetirizine_hydrochloride,세티리진염산염,product_authorized_ingredient_set_not_excerpt_attribution,NB,MFDS-NEDRUG-DETAIL,https://nedrug.mfds.go.kr/dsie/pdf/drb/200610765/NB,sha256:34406f284ca4e7d5a0b3ff1c667fc32531b25d2311b61733a701a7c01f01ef57,34406f284ca4e7d5a0b3ff1c667fc32531b25d2311b61733a701a7c01f01ef57,592102b6fcf244d3fa44c05ce304c4a1a33e34c8807ebdb9170147c75d05d4eb,2026-07-14,2026-07-14T02:56:31.878369+00:00,"사용상의주의사항 PDF p.2, 문단 8",7) 수유부,false,,,,false,,,,,ibuprofen_pregnancy_lactation,item_sequence=198601920|flags=pregnancy_lactation,임신 또는 수유 중 주의가 필요한 제품이 포함되어 있습니다.,복용 전 의사 또는 약사와 상담하세요.,src/lib/otc/engine.ts:1094,,,provisional,inactive_candidate,machine_candidate_not_shortlisted,included,,true,text:OTC-V51-TEXT-e15644147190f757,false,,true,OTC-V51-TEXT-e15644147190f757,,,
EXP-OTC-03-NB-P3-B23-alcohol,OTC-V51-EU-c1ab1094fc018c0a,OTC-RULE-011,alcohol,released,high,EXP-OTC-03,200610765,MFDS-200610765,지르텍정(세티리진염산염),ING-cetirizine_hydrochloride,세티리진염산염,product_authorized_ingredient_set_not_excerpt_attribution,NB,MFDS-NEDRUG-DETAIL,https://nedrug.mfds.go.kr/dsie/pdf/drb/200610765/NB,sha256:34406f284ca4e7d5a0b3ff1c667fc32531b25d2311b61733a701a7c01f01ef57,34406f284ca4e7d5a0b3ff1c667fc32531b25d2311b61733a701a7c01f01ef57,d6863d4a6c230d6f4e81f9471bdd3900f2cbd360bd667c705af0668d84817c74,2026-07-14,2026-07-14T02:56:31.878369+00:00,"사용상의주의사항 PDF p.3, 문단 23",않았으나 운전이나 기계조작 시에는 용량을 초과하지 않는다. 라세미체(광학이성질체)가 알코올의 영향을 증,false,,,,false,,,,,acetaminophen_regular_alcohol_use,item_sequence=202106092|ingredient_id=ING-acetaminophen|flags=alcohol,음주와 함께 복용할 때 주의가 필요한 제품이 포함되어 있습니다.,음주 중 복용 전 약사 또는 의사와 상담하세요.,src/lib/otc/engine.ts:1044,,,provisional,inactive_candidate,machine_candidate_not_shortlisted,included,,true,location:OTC-V51-EU-c1ab1094fc018c0a,true,OTC-V51-EU-c1ab1094fc018c0a,false,,,,
EXP-OTC-03-NB-P3-B23-sedation_driving,OTC-V51-EU-c1ab1094fc018c0a,OTC-RULE-010,sedation_driving,released,high,EXP-OTC-03,200610765,MFDS-200610765,지르텍정(세티리진염산염),ING-cetirizine_hydrochloride,세티리진염산염,product_authorized_ingredient_set_not_excerpt_attribution,NB,MFDS-NEDRUG-DETAIL,https://nedrug.mfds.go.kr/dsie/pdf/drb/200610765/NB,sha256:34406f284ca4e7d5a0b3ff1c667fc32531b25d2311b61733a701a7c01f01ef57,34406f284ca4e7d5a0b3ff1c667fc32531b25d2311b61733a701a7c01f01ef57,d6863d4a6c230d6f4e81f9471bdd3900f2cbd360bd667c705af0668d84817c74,2026-07-14,2026-07-14T02:56:31.878369+00:00,"사용상의주의사항 PDF p.3, 문단 23",않았으나 운전이나 기계조작 시에는 용량을 초과하지 않는다. 라세미체(광학이성질체)가 알코올의 영향을 증,false,,,,false,,,,,pancol_a_driving,item_sequence=196800036|flags=sedation_driving,졸림을 유발해 운전이나 기계 조작에 영향을 줄 수 있습니다.,운전·기계 조작을 피하고 허가사항을 확인하세요.,src/lib/otc/engine.ts:1037,,,provisional,inactive_candidate,machine_candidate_not_shortlisted,included,,true,location:OTC-V51-EU-c1ab1094fc018c0a,true,OTC-V51-EU-c1ab1094fc018c0a,false,,,,
EXP-OTC-03-NB-P3-B24-alcohol,OTC-V51-EU-9a6d07c48dd77cea,OTC-RULE-011,alcohol,released,high,EXP-OTC-03,200610765,MFDS-200610765,지르텍정(세티리진염산염),ING-cetirizine_hydrochloride,세티리진염산염,product_authorized_ingredient_set_not_excerpt_attribution,NB,MFDS-NEDRUG-DETAIL,https://nedrug.mfds.go.kr/dsie/pdf/drb/200610765/NB,sha256:34406f284ca4e7d5a0b3ff1c667fc32531b25d2311b61733a701a7c01f01ef57,34406f284ca4e7d5a0b3ff1c667fc32531b25d2311b61733a701a7c01f01ef57,d6863d4a6c230d6f4e81f9471bdd3900f2cbd360bd667c705af0668d84817c74,2026-07-14,2026-07-14T02:56:31.878369+00:00,"사용상의주의사항 PDF p.3, 문단 24","가시키지 않을 것으로 보여지나(0.5 g/L 혈액 수준), 알코올 또는 기타 CNS 억제제를 병용 투여하면 경계심",false,,,,false,,,,,acetaminophen_regular_alcohol_use,item_sequence=202106092|ingredient_id=ING-acetaminophen|flags=alcohol,음주와 함께 복용할 때 주의가 필요한 제품이 포함되어 있습니다.,음주 중 복용 전 약사 또는 의사와 상담하세요.,src/lib/otc/engine.ts:1044,,,provisional,inactive_candidate,machine_candidate_not_shortlisted,included,,false,,false,,false,,,,
EXP-OTC-03-UD-P1-B18-age_restriction,OTC-V51-EU-a96628abc901b104,OTC-RULE-005,age_restriction,released,high,EXP-OTC-03,200610765,MFDS-200610765,지르텍정(세티리진염산염),ING-cetirizine_hydrochloride,세티리진염산염,product_authorized_ingredient_set_not_excerpt_attribution,UD,MFDS-NEDRUG-DETAIL,https://nedrug.mfds.go.kr/dsie/pdf/drb/200610765/UD,sha256:3a75d5a7f583d737489e3c4c2d8b41e21f5e434f9b3c9eebcdf39500fc00bb74,3a75d5a7f583d737489e3c4c2d8b41e21f5e434f9b3c9eebcdf39500fc00bb74,db3d532766a9874677f9befd4d4e6c14194afd132d19f74a6d7424c2b417a944,2026-07-14,2026-07-14T02:56:31.878369+00:00,"용법용량 PDF p.1, 문단 18",신장애를 가진 소아 환자는 환자의 신 청소율과 체중을 고려하여 개별적으로 용량을 조절해야 한다.,false,,,,false,,,,,tylenol500_minimum_age_12,item_sequence=202106092|minimum_age_years=12,입력한 연령에 적용되는 제한 또는 별도 용량 기준이 있습니다.,소아·고령자 용법을 제품 허가사항과 전문가에게 확인하세요.,src/lib/otc/engine.ts:971,,,provisional,inactive_candidate,machine_candidate_not_shortlisted,included,,false,,false,,false,,,,
EXP-OTC-03-UD-P1-B2-age_restriction,OTC-V51-EU-34627923439b0578,OTC-RULE-005,age_restriction,released,high,EXP-OTC-03,200610765,MFDS-200610765,지르텍정(세티리진염산염),ING-cetirizine_hydrochloride,세티리진염산염,product_authorized_ingredient_set_not_excerpt_attribution,UD,MFDS-NEDRUG-DETAIL,https://nedrug.mfds.go.kr/dsie/pdf/drb/200610765/UD,sha256:3a75d5a7f583d737489e3c4c2d8b41e21f5e434f9b3c9eebcdf39500fc00bb74,3a75d5a7f583d737489e3c4c2d8b41e21f5e434f9b3c9eebcdf39500fc00bb74,db3d532766a9874677f9befd4d4e6c14194afd132d19f74a6d7424c2b417a944,2026-07-14,2026-07-14T02:56:31.878369+00:00,"용법용량 PDF p.1, 문단 2",1. 성인 및 6세 이상의 소아 : 세티리진염산염으로서 1일 1회 10mg 취침 전에 경구 투여한다.,false,,,,false,,,,,tylenol500_minimum_age_12,item_sequence=202106092|minimum_age_years=12,입력한 연령에 적용되는 제한 또는 별도 용량 기준이 있습니다.,소아·고령자 용법을 제품 허가사항과 전문가에게 확인하세요.,src/lib/otc/engine.ts:971,,,provisional,inactive_candidate,machine_candidate_not_shortlisted,included,,false,,false,,false,,,,
SAFE-OTC-01-NB-P1-B10-max_daily_dose,OTC-V51-EU-1ae1be2301d78290,OTC-RULE-003,max_daily_dose,released,high,SAFE-OTC-01,202106092,MFDS-202106092,타이레놀정500밀리그람(아세트아미노펜),ING-acetaminophen,아세트아미노펜,product_authorized_ingredient_set_not_excerpt_attribution,NB,MFDS-NEDRUG-DETAIL,https://nedrug.mfds.go.kr/dsie/pdf/drb/202106092/NB,sha256:0c8ea0d7eb164b27673fc8549c42a06d874fdfa26047db8d0681b3a2f79c9442,0c8ea0d7eb164b27673fc8549c42a06d874fdfa26047db8d0681b3a2f79c9442,08dc53ff678ba26602efd072c46ec0358aaa6a653d91dd9c42f3b6c51f59c289,2026-07-14,2026-07-14T02:14:48.264374+00:00,"사용상의주의사항 PDF p.1, 문단 10","3) 이 약은 아세트아미노펜을 함유하고 있다. 아세트아미노펜으로 일일 최대 용량(4,000mg)을 초과할 경우",false,,,,false,,,,,acetaminophen_tylenol500_age_12_plus,item_sequence=202106092|ingredient_id=ING-acetaminophen|max_daily_amount=4000,계산된 하루 총량이 확인된 최대 1일 용량을 초과합니다.,추가 복용 전 약사 또는 의사와 상담하세요.,src/lib/otc/engine.ts:69,,,provisional,inactive_candidate,machine_candidate_not_shortlisted,included,,true,text:OTC-V51-TEXT-e838e5f7e2ce0091,false,,true,OTC-V51-TEXT-e838e5f7e2ce0091,,,
SAFE-OTC-01-NB-P1-B11-hepatic_disease,OTC-V51-EU-abaff5e8dd4f8910,OTC-RULE-007,hepatic_disease,released,high,SAFE-OTC-01,202106092,MFDS-202106092,타이레놀정500밀리그람(아세트아미노펜),ING-acetaminophen,아세트아미노펜,product_authorized_ingredient_set_not_excerpt_attribution,NB,MFDS-NEDRUG-DETAIL,https://nedrug.mfds.go.kr/dsie/pdf/drb/202106092/NB,sha256:0c8ea0d7eb164b27673fc8549c42a06d874fdfa26047db8d0681b3a2f79c9442,0c8ea0d7eb164b27673fc8549c42a06d874fdfa26047db8d0681b3a2f79c9442,08dc53ff678ba26602efd072c46ec0358aaa6a653d91dd9c42f3b6c51f59c289,2026-07-14,2026-07-14T02:14:48.264374+00:00,"사용상의주의사항 PDF p.1, 문단 11","간손상을 일으킬 수 있으므로 이 약을 일일 최대 용량(4000mg)을 초과하여 복용하여서는 아니되며, 아세트",false,,,,false,,,,,acetaminophen_liver_disease,item_sequence=202106092|ingredient_id=ING-acetaminophen|flags=hepatic_disease,간질환과 관련해 주의가 필요한 제품이 포함되어 있습니다.,복용 전 의사 또는 약사와 상담하세요.,src/lib/otc/engine.ts:1016,,,provisional,inactive_candidate,machine_candidate_not_shortlisted,included,,true,location:OTC-V51-EU-abaff5e8dd4f8910;text:OTC-V51-TEXT-4a27950adeffee61,true,OTC-V51-EU-abaff5e8dd4f8910,true,OTC-V51-TEXT-4a27950adeffee61,,,
SAFE-OTC-01-NB-P1-B11-max_daily_dose,OTC-V51-EU-abaff5e8dd4f8910,OTC-RULE-003,max_daily_dose,released,high,SAFE-OTC-01,202106092,MFDS-202106092,타이레놀정500밀리그람(아세트아미노펜),ING-acetaminophen,아세트아미노펜,product_authorized_ingredient_set_not_excerpt_attribution,NB,MFDS-NEDRUG-DETAIL,https://nedrug.mfds.go.kr/dsie/pdf/drb/202106092/NB,sha256:0c8ea0d7eb164b27673fc8549c42a06d874fdfa26047db8d0681b3a2f79c9442,0c8ea0d7eb164b27673fc8549c42a06d874fdfa26047db8d0681b3a2f79c9442,08dc53ff678ba26602efd072c46ec0358aaa6a653d91dd9c42f3b6c51f59c289,2026-07-14,2026-07-14T02:14:48.264374+00:00,"사용상의주의사항 PDF p.1, 문단 11","간손상을 일으킬 수 있으므로 이 약을 일일 최대 용량(4000mg)을 초과하여 복용하여서는 아니되며, 아세트",false,,,,false,,,,,acetaminophen_tylenol500_age_12_plus,item_sequence=202106092|ingredient_id=ING-acetaminophen|max_daily_amount=4000,계산된 하루 총량이 확인된 최대 1일 용량을 초과합니다.,추가 복용 전 약사 또는 의사와 상담하세요.,src/lib/otc/engine.ts:69,,,provisional,inactive_candidate,machine_candidate_not_shortlisted,included,,true,location:OTC-V51-EU-abaff5e8dd4f8910;text:OTC-V51-TEXT-4a27950adeffee61,true,OTC-V51-EU-abaff5e8dd4f8910,true,OTC-V51-TEXT-4a27950adeffee61,,,
SAFE-OTC-01-NB-P1-B12-duplicate_ingredient,OTC-V51-EU-57630e9447d31a48,OTC-RULE-001,duplicate_ingredient,released,high,SAFE-OTC-01,202106092,MFDS-202106092,타이레놀정500밀리그람(아세트아미노펜),ING-acetaminophen,아세트아미노펜,product_authorized_ingredient_set_not_excerpt_attribution,NB,MFDS-NEDRUG-DETAIL,https://nedrug.mfds.go.kr/dsie/pdf/drb/202106092/NB,sha256:0c8ea0d7eb164b27673fc8549c42a06d874fdfa26047db8d0681b3a2f79c9442,0c8ea0d7eb164b27673fc8549c42a06d874fdfa26047db8d0681b3a2f79c9442,08dc53ff678ba26602efd072c46ec0358aaa6a653d91dd9c42f3b6c51f59c289,2026-07-14,2026-07-14T02:14:48.264374+00:00,"사용상의주의사항 PDF p.1, 문단 12",아세트아미노펜을 포함하는 다른 제품과 함께 복용하여서는 안 된다.,true,PDF 시각 줄바꿈으로 나뉜 단어와 연속 문장 복원,"사용상의주의사항 PDF p.1, 문단 12",아세트아미노펜을 포함하는 다른 제품과 함께 복용하여서는 안 된다.,false,"사용상의주의사항 PDF p.1, 문단 12",아세트아미노펜을 포함하는 다른 제품과 함께 복용하여서는 안 된다.,"사용상의주의사항 PDF p.1, 문단 12",아세트아미노펜을 포함하는 다른 제품과 함께 복용하여서는 안 된다.,acetaminophen_containing_selected_products,scope_only_no_structured_binding,같은 유효성분이 여러 제품에 포함되어 있습니다.,각 제품의 성분과 총 복용량을 확인하고 복용 전 약사 또는 의사와 상담하세요.,src/lib/otc/engine.ts:586,1,recommended_primary,verified_primary,active_existing_released_primary_evidence,expert_primary_released,included,,false,,false,,false,,EXT-PHARM-001,pharmacist_expert,2026-07-14T06:44:02.643Z
SAFE-OTC-01-NB-P1-B15-gi_bleeding_ulcer,OTC-V51-EU-242e484f182da134,OTC-RULE-009,gi_bleeding_ulcer,released,high,SAFE-OTC-01,202106092,MFDS-202106092,타이레놀정500밀리그람(아세트아미노펜),ING-acetaminophen,아세트아미노펜,product_authorized_ingredient_set_not_excerpt_attribution,NB,MFDS-NEDRUG-DETAIL,https://nedrug.mfds.go.kr/dsie/pdf/drb/202106092/NB,sha256:0c8ea0d7eb164b27673fc8549c42a06d874fdfa26047db8d0681b3a2f79c9442,0c8ea0d7eb164b27673fc8549c42a06d874fdfa26047db8d0681b3a2f79c9442,08dc53ff678ba26602efd072c46ec0358aaa6a653d91dd9c42f3b6c51f59c289,2026-07-14,2026-07-14T02:14:48.264374+00:00,"사용상의주의사항 PDF p.1, 문단 15",2) 소화성궤양 환자,false,,,,false,,,,,ibuprofen_gi_bleeding_or_ulcer,item_sequence=198601920|flags=gi_bleeding_ulcer,위장관 출혈 또는 궤양 위험과 관련된 제품이 포함되어 있습니다.,복용 전 의사 또는 약사와 상담하세요.,src/lib/otc/engine.ts:1030,,,provisional,inactive_candidate,machine_candidate_not_shortlisted,included,,true,text:OTC-V51-TEXT-2c7514a886983413,false,,true,OTC-V51-TEXT-2c7514a886983413,,,
SAFE-OTC-01-NB-P1-B17-hepatic_disease,OTC-V51-EU-f14519049996338e,OTC-RULE-007,hepatic_disease,released,high,SAFE-OTC-01,202106092,MFDS-202106092,타이레놀정500밀리그람(아세트아미노펜),ING-acetaminophen,아세트아미노펜,product_authorized_ingredient_set_not_excerpt_attribution,NB,MFDS-NEDRUG-DETAIL,https://nedrug.mfds.go.kr/dsie/pdf/drb/202106092/NB,sha256:0c8ea0d7eb164b27673fc8549c42a06d874fdfa26047db8d0681b3a2f79c9442,0c8ea0d7eb164b27673fc8549c42a06d874fdfa26047db8d0681b3a2f79c9442,08dc53ff678ba26602efd072c46ec0358aaa6a653d91dd9c42f3b6c51f59c289,2026-07-14,2026-07-14T02:14:48.264374+00:00,"사용상의주의사항 PDF p.1, 문단 17",4) 심한 간장애 환자,false,,,,false,,,,,acetaminophen_liver_disease,item_sequence=202106092|ingredient_id=ING-acetaminophen|flags=hepatic_disease,간질환과 관련해 주의가 필요한 제품이 포함되어 있습니다.,복용 전 의사 또는 약사와 상담하세요.,src/lib/otc/engine.ts:1016,,,provisional,inactive_candidate,machine_candidate_not_shortlisted,included,,true,text:OTC-V51-TEXT-1d70c5049f597492,false,,true,OTC-V51-TEXT-1d70c5049f597492,,,
SAFE-OTC-01-NB-P1-B18-renal_disease,OTC-V51-EU-6e12f0fa0844ab5c,OTC-RULE-008,renal_disease,released,high,SAFE-OTC-01,202106092,MFDS-202106092,타이레놀정500밀리그람(아세트아미노펜),ING-acetaminophen,아세트아미노펜,product_authorized_ingredient_set_not_excerpt_attribution,NB,MFDS-NEDRUG-DETAIL,https://nedrug.mfds.go.kr/dsie/pdf/drb/202106092/NB,sha256:0c8ea0d7eb164b27673fc8549c42a06d874fdfa26047db8d0681b3a2f79c9442,0c8ea0d7eb164b27673fc8549c42a06d874fdfa26047db8d0681b3a2f79c9442,08dc53ff678ba26602efd072c46ec0358aaa6a653d91dd9c42f3b6c51f59c289,2026-07-14,2026-07-14T02:14:48.264374+00:00,"사용상의주의사항 PDF p.1, 문단 18",5) 심한 신장(콩팥)장애 환자,false,,,,false,,,,,ibuprofen_kidney_disease,item_sequence=198601920|flags=renal_disease,신장질환과 관련해 주의가 필요한 제품이 포함되어 있습니다.,복용 전 의사 또는 약사와 상담하세요.,src/lib/otc/engine.ts:1023,,,provisional,inactive_candidate,machine_candidate_not_shortlisted,included,,true,text:OTC-V51-TEXT-eaf417e9308c3db1,false,,true,OTC-V51-TEXT-eaf417e9308c3db1,,,
SAFE-OTC-01-NB-P1-B19-decongestant_hypertension,OTC-V51-EU-d5ea5b7a9ccd8671,OTC-RULE-014,decongestant_hypertension,released,high,SAFE-OTC-01,202106092,MFDS-202106092,타이레놀정500밀리그람(아세트아미노펜),ING-acetaminophen,아세트아미노펜,product_authorized_ingredient_set_not_excerpt_attribution,NB,MFDS-NEDRUG-DETAIL,https://nedrug.mfds.go.kr/dsie/pdf/drb/202106092/NB,sha256:0c8ea0d7eb164b27673fc8549c42a06d874fdfa26047db8d0681b3a2f79c9442,0c8ea0d7eb164b27673fc8549c42a06d874fdfa26047db8d0681b3a2f79c9442,08dc53ff678ba26602efd072c46ec0358aaa6a653d91dd9c42f3b6c51f59c289,2026-07-14,2026-07-14T02:14:48.264374+00:00,"사용상의주의사항 PDF p.1, 문단 19",6) 심한 심장기능저하 환자,false,,,,false,,,,,pancol_a_phenylephrine_hypertension,item_sequence=196800036|flags=decongestant_hypertension,고혈압 또는 심혈관질환에서 비충혈제거제 주의가 필요할 수 있습니다.,복용 전 의사 또는 약사와 상담하세요.,src/lib/otc/engine.ts:1051,,,provisional,inactive_candidate,machine_candidate_not_shortlisted,included,,true,text:OTC-V51-TEXT-c375dae49c1c4846,false,,true,OTC-V51-TEXT-c375dae49c1c4846,,,
SAFE-OTC-01-NB-P1-B21-sedative_medication,OTC-V51-EU-e1fbe6a1e85a4290,OTC-RULE-013,sedative_medication,released,high,SAFE-OTC-01,202106092,MFDS-202106092,타이레놀정500밀리그람(아세트아미노펜),ING-acetaminophen,아세트아미노펜,product_authorized_ingredient_set_not_excerpt_attribution,NB,MFDS-NEDRUG-DETAIL,https://nedrug.mfds.go.kr/dsie/pdf/drb/202106092/NB,sha256:0c8ea0d7eb164b27673fc8549c42a06d874fdfa26047db8d0681b3a2f79c9442,0c8ea0d7eb164b27673fc8549c42a06d874fdfa26047db8d0681b3a2f79c9442,08dc53ff678ba26602efd072c46ec0358aaa6a653d91dd9c42f3b6c51f59c289,2026-07-14,2026-07-14T02:14:48.264374+00:00,"사용상의주의사항 PDF p.1, 문단 21","8) 다음의 약물을 복용한 환자 : 바르비탈계 약물, 삼환계 항우울제",false,,"사용상의주의사항 PDF p.1, 문단 21","8) 다음의 약물을 복용한 환자 : 바르비탈계 약물, 삼환계 항우울제",false,,,,,pancol_a_sedative_or_overlapping_cold_medicine,item_sequence=196800036|flags=sedative_medication,진정 작용이 있는 약물과 함께 복용할 때 주의가 필요할 수 있습니다.,복용 전 약사 또는 의사와 상담하세요.,src/lib/otc/engine.ts:1077,3,alternative_context,needs_expert_review,inactive_candidate,shortlisted_context_not_expert_verified,included,,true,text:OTC-V51-TEXT-8c3fa384a6c017a2,false,,true,OTC-V51-TEXT-8c3fa384a6c017a2,,,
SAFE-OTC-01-NB-P1-B22-alcohol,OTC-V51-EU-157a49cae510c460,OTC-RULE-011,alcohol,released,high,SAFE-OTC-01,202106092,MFDS-202106092,타이레놀정500밀리그람(아세트아미노펜),ING-acetaminophen,아세트아미노펜,product_authorized_ingredient_set_not_excerpt_attribution,NB,MFDS-NEDRUG-DETAIL,https://nedrug.mfds.go.kr/dsie/pdf/drb/202106092/NB,sha256:0c8ea0d7eb164b27673fc8549c42a06d874fdfa26047db8d0681b3a2f79c9442,0c8ea0d7eb164b27673fc8549c42a06d874fdfa26047db8d0681b3a2f79c9442,08dc53ff678ba26602efd072c46ec0358aaa6a653d91dd9c42f3b6c51f59c289,2026-07-14,2026-07-14T02:14:48.264374+00:00,"사용상의주의사항 PDF p.1, 문단 22",9) 알코올을 복용한 사람,false,,,,false,,,,,acetaminophen_regular_alcohol_use,item_sequence=202106092|ingredient_id=ING-acetaminophen|flags=alcohol,음주와 함께 복용할 때 주의가 필요한 제품이 포함되어 있습니다.,음주 중 복용 전 약사 또는 의사와 상담하세요.,src/lib/otc/engine.ts:1044,,,provisional,inactive_candidate,machine_candidate_not_shortlisted,included,,true,text:OTC-V51-TEXT-e700c8f4dd9789a6,false,,true,OTC-V51-TEXT-e700c8f4dd9789a6,,,
SAFE-OTC-01-NB-P1-B24-hepatic_disease,OTC-V51-EU-227148193b3ac24d,OTC-RULE-007,hepatic_disease,released,high,SAFE-OTC-01,202106092,MFDS-202106092,타이레놀정500밀리그람(아세트아미노펜),ING-acetaminophen,아세트아미노펜,product_authorized_ingredient_set_not_excerpt_attribution,NB,MFDS-NEDRUG-DETAIL,https://nedrug.mfds.go.kr/dsie/pdf/drb/202106092/NB,sha256:0c8ea0d7eb164b27673fc8549c42a06d874fdfa26047db8d0681b3a2f79c9442,0c8ea0d7eb164b27673fc8549c42a06d874fdfa26047db8d0681b3a2f79c9442,08dc53ff678ba26602efd072c46ec0358aaa6a653d91dd9c42f3b6c51f59c289,2026-07-14,2026-07-14T02:14:48.264374+00:00,"사용상의주의사항 PDF p.1, 문단 24",1) 간장애 또는 그 병력이 있는 환자,false,,"사용상의주의사항 PDF p.1, 문단 24",1) 간장애 또는 그 병력이 있는 환자,false,"사용상의주의사항 PDF p.1, 문단 24",1) 간장애 또는 그 병력이 있는 환자,"사용상의주의사항 PDF p.1, 문단 24",1) 간장애 또는 그 병력이 있는 환자,acetaminophen_liver_disease,item_sequence=202106092|ingredient_id=ING-acetaminophen|flags=hepatic_disease,간질환과 관련해 주의가 필요한 제품이 포함되어 있습니다.,복용 전 의사 또는 약사와 상담하세요.,src/lib/otc/engine.ts:1016,1,recommended_primary,verified_primary,active_existing_released_primary_evidence,expert_primary_released,included,,true,text:OTC-V51-TEXT-1c78ab5940c4ce18,false,,true,OTC-V51-TEXT-1c78ab5940c4ce18,EXT-PHARM-001,pharmacist_expert,2026-07-14T06:44:02.643Z
SAFE-OTC-01-NB-P1-B25-renal_disease,OTC-V51-EU-e2c0f19edcb4e005,OTC-RULE-008,renal_disease,released,high,SAFE-OTC-01,202106092,MFDS-202106092,타이레놀정500밀리그람(아세트아미노펜),ING-acetaminophen,아세트아미노펜,product_authorized_ingredient_set_not_excerpt_attribution,NB,MFDS-NEDRUG-DETAIL,https://nedrug.mfds.go.kr/dsie/pdf/drb/202106092/NB,sha256:0c8ea0d7eb164b27673fc8549c42a06d874fdfa26047db8d0681b3a2f79c9442,0c8ea0d7eb164b27673fc8549c42a06d874fdfa26047db8d0681b3a2f79c9442,08dc53ff678ba26602efd072c46ec0358aaa6a653d91dd9c42f3b6c51f59c289,2026-07-14,2026-07-14T02:14:48.264374+00:00,"사용상의주의사항 PDF p.1, 문단 25",2) 신장(콩팥)장애 또는 그 병력이 있는 환자,false,,,,false,,,,,ibuprofen_kidney_disease,item_sequence=198601920|flags=renal_disease,신장질환과 관련해 주의가 필요한 제품이 포함되어 있습니다.,복용 전 의사 또는 약사와 상담하세요.,src/lib/otc/engine.ts:1023,,,provisional,inactive_candidate,machine_candidate_not_shortlisted,included,,true,text:OTC-V51-TEXT-3738e16aa5d29d0f,false,,true,OTC-V51-TEXT-3738e16aa5d29d0f,,,
SAFE-OTC-01-NB-P1-B3-alcohol,OTC-V51-EU-7224e68e5ea591b8,OTC-RULE-011,alcohol,released,high,SAFE-OTC-01,202106092,MFDS-202106092,타이레놀정500밀리그람(아세트아미노펜),ING-acetaminophen,아세트아미노펜,product_authorized_ingredient_set_not_excerpt_attribution,NB,MFDS-NEDRUG-DETAIL,https://nedrug.mfds.go.kr/dsie/pdf/drb/202106092/NB,sha256:0c8ea0d7eb164b27673fc8549c42a06d874fdfa26047db8d0681b3a2f79c9442,0c8ea0d7eb164b27673fc8549c42a06d874fdfa26047db8d0681b3a2f79c9442,08dc53ff678ba26602efd072c46ec0358aaa6a653d91dd9c42f3b6c51f59c289,2026-07-14,2026-07-14T02:14:48.264374+00:00,"사용상의주의사항 PDF p.1, 문단 3",1) 매일 세잔 이상 정기적으로 술을 마시는 사람이 이 약이나 다른 해열 진통제를 복용해야 할 경우 반드시 의사 또는 약사와 상의해야 한다. 이러한 사람이 이 약을 복용하면 간손상이 유발될 수 있다.,true,PDF 시각 줄바꿈으로 나뉜 연속 문장 복원,"사용상의주의사항 PDF p.1, 문단 3",1) 매일 세잔 이상 정기적으로 술을 마시는 사람이 이 약이나 다른 해열 진통제를 복용해야 할 경우 반드시 의사 또는 약사와 상의해야 한다. 이러한 사람이 이 약을 복용하면 간손상이 유발될 수 있다.,false,"사용상의주의사항 PDF p.1, 문단 3",1) 매일 세잔 이상 정기적으로 술을 마시는 사람이 이 약이나 다른 해열 진통제를 복용해야 할 경우 반드시 의사 또는 약사와 상의해야 한다. 이러한 사람이 이 약을 복용하면 간손상이 유발될 수 있다.,"사용상의주의사항 PDF p.1, 문단 3",1) 매일 세잔 이상 정기적으로 술을 마시는 사람이 이 약이나 다른 해열 진통제를 복용해야 할 경우 반드시 의사 또는 약사와 상의해야 한다. 이러한 사람이 이 약을 복용하면 간손상이 유발될 수 있다.,acetaminophen_regular_alcohol_use,item_sequence=202106092|ingredient_id=ING-acetaminophen|flags=alcohol,음주와 함께 복용할 때 주의가 필요한 제품이 포함되어 있습니다.,음주 중 복용 전 약사 또는 의사와 상담하세요.,src/lib/otc/engine.ts:1044,1,recommended_primary,verified_primary,active_existing_released_primary_evidence,expert_primary_released,included,,true,location:OTC-V51-EU-7224e68e5ea591b8,true,OTC-V51-EU-7224e68e5ea591b8,false,,EXT-PHARM-001,pharmacist_expert,2026-07-14T06:44:02.643Z
SAFE-OTC-01-NB-P1-B3-duplicate_pharmacologic_class,OTC-V51-EU-7224e68e5ea591b8,OTC-RULE-002,duplicate_pharmacologic_class,released,high,SAFE-OTC-01,202106092,MFDS-202106092,타이레놀정500밀리그람(아세트아미노펜),ING-acetaminophen,아세트아미노펜,product_authorized_ingredient_set_not_excerpt_attribution,NB,MFDS-NEDRUG-DETAIL,https://nedrug.mfds.go.kr/dsie/pdf/drb/202106092/NB,sha256:0c8ea0d7eb164b27673fc8549c42a06d874fdfa26047db8d0681b3a2f79c9442,0c8ea0d7eb164b27673fc8549c42a06d874fdfa26047db8d0681b3a2f79c9442,08dc53ff678ba26602efd072c46ec0358aaa6a653d91dd9c42f3b6c51f59c289,2026-07-14,2026-07-14T02:14:48.264374+00:00,"사용상의주의사항 PDF p.1, 문단 3",1) 매일 세잔 이상 정기적으로 술을 마시는 사람이 이 약이나 다른 해열 진통제를 복용해야 할 경우 반드시 의,false,,,,false,,,,,ibuprofen_and_other_NSAIDs,scope_only_no_structured_binding,같은 NSAID 계열 성분을 함께 복용할 수 있습니다.,함께 복용하지 말고 복용 전 약사 또는 의사와 상담하세요.,src/lib/otc/engine.ts:759,,,provisional,inactive_candidate,machine_candidate_not_shortlisted,included,,true,location:OTC-V51-EU-7224e68e5ea591b8;text:OTC-V51-TEXT-376e19a8d2c6c54d,true,OTC-V51-EU-7224e68e5ea591b8,true,OTC-V51-TEXT-376e19a8d2c6c54d,,,
SAFE-OTC-01-NB-P1-B4-hepatic_disease,OTC-V51-EU-7eccb0898ae7a60c,OTC-RULE-007,hepatic_disease,released,high,SAFE-OTC-01,202106092,MFDS-202106092,타이레놀정500밀리그람(아세트아미노펜),ING-acetaminophen,아세트아미노펜,product_authorized_ingredient_set_not_excerpt_attribution,NB,MFDS-NEDRUG-DETAIL,https://nedrug.mfds.go.kr/dsie/pdf/drb/202106092/NB,sha256:0c8ea0d7eb164b27673fc8549c42a06d874fdfa26047db8d0681b3a2f79c9442,0c8ea0d7eb164b27673fc8549c42a06d874fdfa26047db8d0681b3a2f79c9442,08dc53ff678ba26602efd072c46ec0358aaa6a653d91dd9c42f3b6c51f59c289,2026-07-14,2026-07-14T02:14:48.264374+00:00,"사용상의주의사항 PDF p.1, 문단 4",사 또는 약사와 상의해야 한다. 이러한 사람이 이 약을 복용하면 간손상이 유발될 수 있다.,false,,,,false,,,,,acetaminophen_liver_disease,item_sequence=202106092|ingredient_id=ING-acetaminophen|flags=hepatic_disease,간질환과 관련해 주의가 필요한 제품이 포함되어 있습니다.,복용 전 의사 또는 약사와 상담하세요.,src/lib/otc/engine.ts:1016,,,provisional,inactive_candidate,machine_candidate_not_shortlisted,included,,true,text:OTC-V51-TEXT-320859651b76dcc5,false,,true,OTC-V51-TEXT-320859651b76dcc5,,,
SAFE-OTC-01-NB-P1-B9-urgent_referral,OTC-V51-EU-69471f9f739a21c5,OTC-RULE-016,urgent_referral,released,urgent,SAFE-OTC-01,202106092,MFDS-202106092,타이레놀정500밀리그람(아세트아미노펜),ING-acetaminophen,아세트아미노펜,product_authorized_ingredient_set_not_excerpt_attribution,NB,MFDS-NEDRUG-DETAIL,https://nedrug.mfds.go.kr/dsie/pdf/drb/202106092/NB,sha256:0c8ea0d7eb164b27673fc8549c42a06d874fdfa26047db8d0681b3a2f79c9442,0c8ea0d7eb164b27673fc8549c42a06d874fdfa26047db8d0681b3a2f79c9442,08dc53ff678ba26602efd072c46ec0358aaa6a653d91dd9c42f3b6c51f59c289,2026-07-14,2026-07-14T02:14:48.264374+00:00,"사용상의주의사항 PDF p.1, 문단 9",응의 징후가 나타나면 즉시 복용을 중단하도록 하여야 한다.,false,,,,false,,,,,tylenol500_stop_and_consult_symptoms,item_sequence=202106092|red_flag_terms=호흡곤란;온몸이 붉어짐;혈관부기;두드러기;천식발작;얼굴부기;저혈압;쇽;스티븐스-존슨;스티븐스 존슨;독성표피괴사;리엘 증후군,즉시 상담 또는 진료가 필요한 증상이 입력되었습니다.,지체하지 말고 의료기관 또는 응급상담을 이용하세요.,src/lib/otc/engine.ts:1214,,,provisional,inactive_candidate,machine_candidate_not_shortlisted,included,,true,text:OTC-V51-TEXT-23a600af23897eef,false,,true,OTC-V51-TEXT-23a600af23897eef,,,
SAFE-OTC-01-NB-P2-B1-renal_disease,OTC-V51-EU-11057daac113f888,OTC-RULE-008,renal_disease,released,high,SAFE-OTC-01,202106092,MFDS-202106092,타이레놀정500밀리그람(아세트아미노펜),ING-acetaminophen,아세트아미노펜,product_authorized_ingredient_set_not_excerpt_attribution,NB,MFDS-NEDRUG-DETAIL,https://nedrug.mfds.go.kr/dsie/pdf/drb/202106092/NB,sha256:0c8ea0d7eb164b27673fc8549c42a06d874fdfa26047db8d0681b3a2f79c9442,0c8ea0d7eb164b27673fc8549c42a06d874fdfa26047db8d0681b3a2f79c9442,ca432bb358666a3b1abb16796c7b9a37e5b721fab299b2862ccfc9732b131d2e,2026-07-14,2026-07-14T02:14:48.264374+00:00,"사용상의주의사항 PDF p.2, 문단 1",2) 신장(콩팥)장애 또는 그 병력이 있는 환자,false,,,,false,,,,,ibuprofen_kidney_disease,item_sequence=198601920|flags=renal_disease,신장질환과 관련해 주의가 필요한 제품이 포함되어 있습니다.,복용 전 의사 또는 약사와 상담하세요.,src/lib/otc/engine.ts:1023,,,provisional,inactive_candidate,machine_candidate_not_shortlisted,included,,true,text:OTC-V51-TEXT-3738e16aa5d29d0f,false,,true,OTC-V51-TEXT-3738e16aa5d29d0f,,,
SAFE-OTC-01-NB-P2-B10-anticoagulant_antiplatelet,OTC-V51-EU-d35eb84c932fb881,OTC-RULE-012,anticoagulant_antiplatelet,released,high,SAFE-OTC-01,202106092,MFDS-202106092,타이레놀정500밀리그람(아세트아미노펜),ING-acetaminophen,아세트아미노펜,product_authorized_ingredient_set_not_excerpt_attribution,NB,MFDS-NEDRUG-DETAIL,https://nedrug.mfds.go.kr/dsie/pdf/drb/202106092/NB,sha256:0c8ea0d7eb164b27673fc8549c42a06d874fdfa26047db8d0681b3a2f79c9442,0c8ea0d7eb164b27673fc8549c42a06d874fdfa26047db8d0681b3a2f79c9442,ca432bb358666a3b1abb16796c7b9a37e5b721fab299b2862ccfc9732b131d2e,2026-07-14,2026-07-14T02:14:48.264374+00:00,"사용상의주의사항 PDF p.2, 문단 10","11) 다음의 약물을 복용하는 환자 : 와파린, 플루클록사실린",false,,,,false,,,,,ibuprofen_warfarin_or_coumarin_anticoagulant,item_sequence=198601920|flags=anticoagulant_antiplatelet,항응고제 또는 항혈소판제와 병용할 때 주의가 필요할 수 있습니다.,복용 전 처방한 의료진 또는 약사와 상담하세요.,src/lib/otc/engine.ts:1061,,,provisional,inactive_candidate,machine_candidate_not_shortlisted,included,,false,,false,,false,,,,
SAFE-OTC-01-NB-P2-B12-urgent_referral,OTC-V51-EU-314edd6739bb3ddd,OTC-RULE-016,urgent_referral,released,urgent,SAFE-OTC-01,202106092,MFDS-202106092,타이레놀정500밀리그람(아세트아미노펜),ING-acetaminophen,아세트아미노펜,product_authorized_ingredient_set_not_excerpt_attribution,NB,MFDS-NEDRUG-DETAIL,https://nedrug.mfds.go.kr/dsie/pdf/drb/202106092/NB,sha256:0c8ea0d7eb164b27673fc8549c42a06d874fdfa26047db8d0681b3a2f79c9442,0c8ea0d7eb164b27673fc8549c42a06d874fdfa26047db8d0681b3a2f79c9442,ca432bb358666a3b1abb16796c7b9a37e5b721fab299b2862ccfc9732b131d2e,2026-07-14,2026-07-14T02:14:48.264374+00:00,"사용상의주의사항 PDF p.2, 문단 12","4. 다음과 같을 경우 이 약의 복용을 즉각 중지하고 의사, 치과의사, 약사와 상의할 것. 상담시 가능한 한 이 첨부",false,,"사용상의주의사항 PDF p.2, 문단 12-19","복용을 즉각 중지하고 의사·치과의사·약사와 상의할 것. 쇽·아나필락시양 증상(호흡곤란·온몸이 붉어짐·혈관부기·두드러기), 천식발작, 얼굴부기·저혈압·쇽, 스티븐스-존슨 증후군·독성표피괴사용해 등",true,"사용상의주의사항 PDF p.2, 문단 12-19","복용을 즉각 중지하고 의사·치과의사·약사와 상의할 것. 쇽·아나필락시양 증상(호흡곤란·온몸이 붉어짐·혈관부기·두드러기), 천식발작, 얼굴부기·저혈압·쇽, 스티븐스-존슨 증후군·독성표피괴사용해 등","사용상의주의사항 PDF p.2, 문단 12-19","복용을 즉각 중지하고 의사·치과의사·약사와 상의할 것. 쇽·아나필락시양 증상(호흡곤란·온몸이 붉어짐·혈관부기·두드러기), 천식발작, 얼굴부기·저혈압·쇽, 스티븐스-존슨 증후군·독성표피괴사용해 등",tylenol500_stop_and_consult_symptoms,item_sequence=202106092|red_flag_terms=호흡곤란;온몸이 붉어짐;혈관부기;두드러기;천식발작;얼굴부기;저혈압;쇽;스티븐스-존슨;스티븐스 존슨;독성표피괴사;리엘 증후군,즉시 상담 또는 진료가 필요한 증상이 입력되었습니다.,지체하지 말고 의료기관 또는 응급상담을 이용하세요.,src/lib/otc/engine.ts:1214,1,recommended_primary,verified_primary,active_existing_released_primary_evidence,expert_primary_released,included,,true,text:OTC-V51-TEXT-3bb04a2e003670d1,false,,true,OTC-V51-TEXT-3bb04a2e003670d1,EXT-PHARM-001,pharmacist_expert,2026-07-14T06:44:02.643Z
SAFE-OTC-01-NB-P2-B18-gi_bleeding_ulcer,OTC-V51-EU-9f61b462c02517fd,OTC-RULE-009,gi_bleeding_ulcer,released,high,SAFE-OTC-01,202106092,MFDS-202106092,타이레놀정500밀리그람(아세트아미노펜),ING-acetaminophen,아세트아미노펜,product_authorized_ingredient_set_not_excerpt_attribution,NB,MFDS-NEDRUG-DETAIL,https://nedrug.mfds.go.kr/dsie/pdf/drb/202106092/NB,sha256:0c8ea0d7eb164b27673fc8549c42a06d874fdfa26047db8d0681b3a2f79c9442,0c8ea0d7eb164b27673fc8549c42a06d874fdfa26047db8d0681b3a2f79c9442,ca432bb358666a3b1abb16796c7b9a37e5b721fab299b2862ccfc9732b131d2e,2026-07-14,2026-07-14T02:14:48.264374+00:00,"사용상의주의사항 PDF p.2, 문단 18","4) 소화기: 구역, 구토, 식욕부진, 장기복용시 위장출혈, 소화성궤양, 천공(뚫림) 등의 위장관계 이상반응",false,,,,false,,,,,ibuprofen_gi_bleeding_or_ulcer,item_sequence=198601920|flags=gi_bleeding_ulcer,위장관 출혈 또는 궤양 위험과 관련된 제품이 포함되어 있습니다.,복용 전 의사 또는 약사와 상담하세요.,src/lib/otc/engine.ts:1030,,,provisional,inactive_candidate,machine_candidate_not_shortlisted,included,,true,location:OTC-V51-EU-9f61b462c02517fd;text:OTC-V51-TEXT-3ddb8e50b20ac492,true,OTC-V51-EU-9f61b462c02517fd,true,OTC-V51-TEXT-3ddb8e50b20ac492,,,
SAFE-OTC-01-NB-P2-B18-maximum_duration,OTC-V51-EU-9f61b462c02517fd,OTC-RULE-015,maximum_duration,draft,caution,SAFE-OTC-01,202106092,MFDS-202106092,타이레놀정500밀리그람(아세트아미노펜),ING-acetaminophen,아세트아미노펜,product_authorized_ingredient_set_not_excerpt_attribution,NB,MFDS-NEDRUG-DETAIL,https://nedrug.mfds.go.kr/dsie/pdf/drb/202106092/NB,sha256:0c8ea0d7eb164b27673fc8549c42a06d874fdfa26047db8d0681b3a2f79c9442,0c8ea0d7eb164b27673fc8549c42a06d874fdfa26047db8d0681b3a2f79c9442,ca432bb358666a3b1abb16796c7b9a37e5b721fab299b2862ccfc9732b131d2e,2026-07-14,2026-07-14T02:14:48.264374+00:00,"사용상의주의사항 PDF p.2, 문단 18","4) 소화기: 구역, 구토, 식욕부진, 장기복용시 위장출혈, 소화성궤양, 천공(뚫림) 등의 위장관계 이상반응",false,,,,false,,,,,pancol_a_continuous_use,scope_only_no_structured_binding,허가된 연속 복용 기간을 넘었을 수 있습니다.,증상이 지속되면 추가 복용 대신 약사 또는 의사와 상담하세요.,src/lib/otc/engine.ts:991,,,provisional,inactive_candidate,machine_candidate_not_shortlisted,included,,true,location:OTC-V51-EU-9f61b462c02517fd;text:OTC-V51-TEXT-3ddb8e50b20ac492,true,OTC-V51-EU-9f61b462c02517fd,true,OTC-V51-TEXT-3ddb8e50b20ac492,,,
SAFE-OTC-01-NB-P2-B2-gi_bleeding_ulcer,OTC-V51-EU-49bc871f23f23ed7,OTC-RULE-009,gi_bleeding_ulcer,released,high,SAFE-OTC-01,202106092,MFDS-202106092,타이레놀정500밀리그람(아세트아미노펜),ING-acetaminophen,아세트아미노펜,product_authorized_ingredient_set_not_excerpt_attribution,NB,MFDS-NEDRUG-DETAIL,https://nedrug.mfds.go.kr/dsie/pdf/drb/202106092/NB,sha256:0c8ea0d7eb164b27673fc8549c42a06d874fdfa26047db8d0681b3a2f79c9442,0c8ea0d7eb164b27673fc8549c42a06d874fdfa26047db8d0681b3a2f79c9442,ca432bb358666a3b1abb16796c7b9a37e5b721fab299b2862ccfc9732b131d2e,2026-07-14,2026-07-14T02:14:48.264374+00:00,"사용상의주의사항 PDF p.2, 문단 2",3) 소화성궤양의 병력이 있는 환자,false,,,,false,,,,,ibuprofen_gi_bleeding_or_ulcer,item_sequence=198601920|flags=gi_bleeding_ulcer,위장관 출혈 또는 궤양 위험과 관련된 제품이 포함되어 있습니다.,복용 전 의사 또는 약사와 상담하세요.,src/lib/otc/engine.ts:1030,,,provisional,inactive_candidate,machine_candidate_not_shortlisted,included,,true,text:OTC-V51-TEXT-d0952213b48addb2,false,,true,OTC-V51-TEXT-d0952213b48addb2,,,
SAFE-OTC-01-NB-P2-B5-decongestant_hypertension,OTC-V51-EU-3909e9b1e596ca98,OTC-RULE-014,decongestant_hypertension,released,high,SAFE-OTC-01,202106092,MFDS-202106092,타이레놀정500밀리그람(아세트아미노펜),ING-acetaminophen,아세트아미노펜,product_authorized_ingredient_set_not_excerpt_attribution,NB,MFDS-NEDRUG-DETAIL,https://nedrug.mfds.go.kr/dsie/pdf/drb/202106092/NB,sha256:0c8ea0d7eb164b27673fc8549c42a06d874fdfa26047db8d0681b3a2f79c9442,0c8ea0d7eb164b27673fc8549c42a06d874fdfa26047db8d0681b3a2f79c9442,ca432bb358666a3b1abb16796c7b9a37e5b721fab299b2862ccfc9732b131d2e,2026-07-14,2026-07-14T02:14:48.264374+00:00,"사용상의주의사항 PDF p.2, 문단 5",6) 심장기능이상이 있는 환자,false,,,,false,,,,,pancol_a_phenylephrine_hypertension,item_sequence=196800036|flags=decongestant_hypertension,고혈압 또는 심혈관질환에서 비충혈제거제 주의가 필요할 수 있습니다.,복용 전 의사 또는 약사와 상담하세요.,src/lib/otc/engine.ts:1051,,,provisional,inactive_candidate,machine_candidate_not_shortlisted,included,,true,text:OTC-V51-TEXT-f4410503dbf38dda,false,,true,OTC-V51-TEXT-f4410503dbf38dda,,,
SAFE-OTC-01-NB-P2-B8-age_restriction,OTC-V51-EU-779dafe5e3342e9d,OTC-RULE-005,age_restriction,released,high,SAFE-OTC-01,202106092,MFDS-202106092,타이레놀정500밀리그람(아세트아미노펜),ING-acetaminophen,아세트아미노펜,product_authorized_ingredient_set_not_excerpt_attribution,NB,MFDS-NEDRUG-DETAIL,https://nedrug.mfds.go.kr/dsie/pdf/drb/202106092/NB,sha256:0c8ea0d7eb164b27673fc8549c42a06d874fdfa26047db8d0681b3a2f79c9442,0c8ea0d7eb164b27673fc8549c42a06d874fdfa26047db8d0681b3a2f79c9442,ca432bb358666a3b1abb16796c7b9a37e5b721fab299b2862ccfc9732b131d2e,2026-07-14,2026-07-14T02:14:48.264374+00:00,"사용상의주의사항 PDF p.2, 문단 8",9) 고령자(노인),false,,,,false,,,,,tylenol500_minimum_age_12,item_sequence=202106092|minimum_age_years=12,입력한 연령에 적용되는 제한 또는 별도 용량 기준이 있습니다.,소아·고령자 용법을 제품 허가사항과 전문가에게 확인하세요.,src/lib/otc/engine.ts:971,,,provisional,inactive_candidate,machine_candidate_not_shortlisted,included,,true,text:OTC-V51-TEXT-62d243bdcf783995,false,,true,OTC-V51-TEXT-62d243bdcf783995,,,
SAFE-OTC-01-NB-P2-B9-pregnancy_lactation,OTC-V51-EU-2ad67172fb29d36b,OTC-RULE-006,pregnancy_lactation,released,high,SAFE-OTC-01,202106092,MFDS-202106092,타이레놀정500밀리그람(아세트아미노펜),ING-acetaminophen,아세트아미노펜,product_authorized_ingredient_set_not_excerpt_attribution,NB,MFDS-NEDRUG-DETAIL,https://nedrug.mfds.go.kr/dsie/pdf/drb/202106092/NB,sha256:0c8ea0d7eb164b27673fc8549c42a06d874fdfa26047db8d0681b3a2f79c9442,0c8ea0d7eb164b27673fc8549c42a06d874fdfa26047db8d0681b3a2f79c9442,ca432bb358666a3b1abb16796c7b9a37e5b721fab299b2862ccfc9732b131d2e,2026-07-14,2026-07-14T02:14:48.264374+00:00,"사용상의주의사항 PDF p.2, 문단 9",10) 임부 또는 수유부,false,,,,false,,,,,ibuprofen_pregnancy_lactation,item_sequence=198601920|flags=pregnancy_lactation,임신 또는 수유 중 주의가 필요한 제품이 포함되어 있습니다.,복용 전 의사 또는 약사와 상담하세요.,src/lib/otc/engine.ts:1094,,,provisional,inactive_candidate,machine_candidate_not_shortlisted,included,,false,,false,,false,,,,
SAFE-OTC-01-NB-P3-B17-maximum_duration,OTC-V51-EU-50d5e2fac1e765ca,OTC-RULE-015,maximum_duration,draft,caution,SAFE-OTC-01,202106092,MFDS-202106092,타이레놀정500밀리그람(아세트아미노펜),ING-acetaminophen,아세트아미노펜,product_authorized_ingredient_set_not_excerpt_attribution,NB,MFDS-NEDRUG-DETAIL,https://nedrug.mfds.go.kr/dsie/pdf/drb/202106092/NB,sha256:0c8ea0d7eb164b27673fc8549c42a06d874fdfa26047db8d0681b3a2f79c9442,0c8ea0d7eb164b27673fc8549c42a06d874fdfa26047db8d0681b3a2f79c9442,4fe316a6ce6ae1ea1737e0f81a8e2118aa3921fce321befac1e61a9dd3f96723,2026-07-14,2026-07-14T02:14:48.264374+00:00,"사용상의주의사항 PDF p.3, 문단 17","가. 장기복용하는 경우 정기적인 임상검사(요검사, 혈액검사, 간기능검사 등)를 받고 이상이 있을 경우",false,,,,false,,,,,pancol_a_continuous_use,scope_only_no_structured_binding,허가된 연속 복용 기간을 넘었을 수 있습니다.,증상이 지속되면 추가 복용 대신 약사 또는 의사와 상담하세요.,src/lib/otc/engine.ts:991,,,provisional,inactive_candidate,machine_candidate_not_shortlisted,included,,true,text:OTC-V51-TEXT-10f2a764f698d034,false,,true,OTC-V51-TEXT-10f2a764f698d034,,,
SAFE-OTC-01-NB-P3-B22-maximum_duration,OTC-V51-EU-9452dc98c68841c8,OTC-RULE-015,maximum_duration,draft,caution,SAFE-OTC-01,202106092,MFDS-202106092,타이레놀정500밀리그람(아세트아미노펜),ING-acetaminophen,아세트아미노펜,product_authorized_ingredient_set_not_excerpt_attribution,NB,MFDS-NEDRUG-DETAIL,https://nedrug.mfds.go.kr/dsie/pdf/drb/202106092/NB,sha256:0c8ea0d7eb164b27673fc8549c42a06d874fdfa26047db8d0681b3a2f79c9442,0c8ea0d7eb164b27673fc8549c42a06d874fdfa26047db8d0681b3a2f79c9442,4fe316a6ce6ae1ea1737e0f81a8e2118aa3921fce321befac1e61a9dd3f96723,2026-07-14,2026-07-14T02:14:48.264374+00:00,"사용상의주의사항 PDF p.3, 문단 22",나. 원칙적으로 동일한 약물의 장기복용은 피한다.,false,,,,false,,,,,pancol_a_continuous_use,scope_only_no_structured_binding,허가된 연속 복용 기간을 넘었을 수 있습니다.,증상이 지속되면 추가 복용 대신 약사 또는 의사와 상담하세요.,src/lib/otc/engine.ts:991,,,provisional,inactive_candidate,machine_candidate_not_shortlisted,included,,true,text:OTC-V51-TEXT-3426caf5e029b3c4,false,,true,OTC-V51-TEXT-3426caf5e029b3c4,,,
SAFE-OTC-01-NB-P3-B24-age_restriction,OTC-V51-EU-56ba96feb01cc6a6,OTC-RULE-005,age_restriction,released,high,SAFE-OTC-01,202106092,MFDS-202106092,타이레놀정500밀리그람(아세트아미노펜),ING-acetaminophen,아세트아미노펜,product_authorized_ingredient_set_not_excerpt_attribution,NB,MFDS-NEDRUG-DETAIL,https://nedrug.mfds.go.kr/dsie/pdf/drb/202106092/NB,sha256:0c8ea0d7eb164b27673fc8549c42a06d874fdfa26047db8d0681b3a2f79c9442,0c8ea0d7eb164b27673fc8549c42a06d874fdfa26047db8d0681b3a2f79c9442,4fe316a6ce6ae1ea1737e0f81a8e2118aa3921fce321befac1e61a9dd3f96723,2026-07-14,2026-07-14T02:14:48.264374+00:00,"사용상의주의사항 PDF p.3, 문단 24","(5) 소아 및 고령자(노인)는 최소 필요량을 복용하고 이상반응에 유의한다. 과도한 체온강하, 허탈, 사지냉",false,,,,false,,,,,tylenol500_minimum_age_12,item_sequence=202106092|minimum_age_years=12,입력한 연령에 적용되는 제한 또는 별도 용량 기준이 있습니다.,소아·고령자 용법을 제품 허가사항과 전문가에게 확인하세요.,src/lib/otc/engine.ts:971,,,provisional,inactive_candidate,machine_candidate_not_shortlisted,included,,true,text:OTC-V51-TEXT-4c7337a869e2584a,false,,true,OTC-V51-TEXT-4c7337a869e2584a,,,
SAFE-OTC-01-NB-P3-B25-age_restriction,OTC-V51-EU-50e994b7e9dc2f0b,OTC-RULE-005,age_restriction,released,high,SAFE-OTC-01,202106092,MFDS-202106092,타이레놀정500밀리그람(아세트아미노펜),ING-acetaminophen,아세트아미노펜,product_authorized_ingredient_set_not_excerpt_attribution,NB,MFDS-NEDRUG-DETAIL,https://nedrug.mfds.go.kr/dsie/pdf/drb/202106092/NB,sha256:0c8ea0d7eb164b27673fc8549c42a06d874fdfa26047db8d0681b3a2f79c9442,0c8ea0d7eb164b27673fc8549c42a06d874fdfa26047db8d0681b3a2f79c9442,4fe316a6ce6ae1ea1737e0f81a8e2118aa3921fce321befac1e61a9dd3f96723,2026-07-14,2026-07-14T02:14:48.264374+00:00,"사용상의주의사항 PDF p.3, 문단 25","각 등이 나타날 수 있으므로, 특히 고열을 수반하는 소아 및 고령자(노인) 또는 소모성 질환 환자의 경우 복",false,,,,false,,,,,tylenol500_minimum_age_12,item_sequence=202106092|minimum_age_years=12,입력한 연령에 적용되는 제한 또는 별도 용량 기준이 있습니다.,소아·고령자 용법을 제품 허가사항과 전문가에게 확인하세요.,src/lib/otc/engine.ts:971,,,provisional,inactive_candidate,machine_candidate_not_shortlisted,included,,true,text:OTC-V51-TEXT-da7ae5e06f37ca34,false,,true,OTC-V51-TEXT-da7ae5e06f37ca34,,,
SAFE-OTC-01-NB-P4-B2-age_restriction,OTC-V51-EU-ffb73a45367ddaa1,OTC-RULE-005,age_restriction,released,high,SAFE-OTC-01,202106092,MFDS-202106092,타이레놀정500밀리그람(아세트아미노펜),ING-acetaminophen,아세트아미노펜,product_authorized_ingredient_set_not_excerpt_attribution,NB,MFDS-NEDRUG-DETAIL,https://nedrug.mfds.go.kr/dsie/pdf/drb/202106092/NB,sha256:0c8ea0d7eb164b27673fc8549c42a06d874fdfa26047db8d0681b3a2f79c9442,0c8ea0d7eb164b27673fc8549c42a06d874fdfa26047db8d0681b3a2f79c9442,65b871badcac22c0ed9388d1688b91548e03db0aabbe206a763af0ee7393e763,2026-07-14,2026-07-14T02:14:48.264374+00:00,"사용상의주의사항 PDF p.4, 문단 2",(7) 의사 또는 약사의 지시없이 통증에 10일 이상(성인) 또는 5일 이상(소아) 복용하지 않고 발열에 3일 이,false,,,,false,,,,,tylenol500_minimum_age_12,item_sequence=202106092|minimum_age_years=12,입력한 연령에 적용되는 제한 또는 별도 용량 기준이 있습니다.,소아·고령자 용법을 제품 허가사항과 전문가에게 확인하세요.,src/lib/otc/engine.ts:971,,,provisional,inactive_candidate,machine_candidate_not_shortlisted,included,,true,text:OTC-V51-TEXT-5adaa0caf8728c6b,false,,true,OTC-V51-TEXT-5adaa0caf8728c6b,,,
SAFE-OTC-01-NB-P4-B5-decongestant_hypertension,OTC-V51-EU-74a703e16a3db8eb,OTC-RULE-014,decongestant_hypertension,released,high,SAFE-OTC-01,202106092,MFDS-202106092,타이레놀정500밀리그람(아세트아미노펜),ING-acetaminophen,아세트아미노펜,product_authorized_ingredient_set_not_excerpt_attribution,NB,MFDS-NEDRUG-DETAIL,https://nedrug.mfds.go.kr/dsie/pdf/drb/202106092/NB,sha256:0c8ea0d7eb164b27673fc8549c42a06d874fdfa26047db8d0681b3a2f79c9442,0c8ea0d7eb164b27673fc8549c42a06d874fdfa26047db8d0681b3a2f79c9442,65b871badcac22c0ed9388d1688b91548e03db0aabbe206a763af0ee7393e763,2026-07-14,2026-07-14T02:14:48.264374+00:00,"사용상의주의사항 PDF p.4, 문단 5",(8) 고혈압 환자의 경우 의사 또는 약사의 지시가 없는 한 상기 명시된 기간보다 더 길게 이 약을 복용하지,false,,,,false,,,,,pancol_a_phenylephrine_hypertension,item_sequence=196800036|flags=decongestant_hypertension,고혈압 또는 심혈관질환에서 비충혈제거제 주의가 필요할 수 있습니다.,복용 전 의사 또는 약사와 상담하세요.,src/lib/otc/engine.ts:1051,,,provisional,inactive_candidate,machine_candidate_not_shortlisted,included,,true,text:OTC-V51-TEXT-3db2c7a318f9cc15,false,,true,OTC-V51-TEXT-3db2c7a318f9cc15,,,
SAFE-OTC-01-UD-P1-B2-age_restriction,OTC-V51-EU-90cac1c63ebda52f,OTC-RULE-005,age_restriction,released,high,SAFE-OTC-01,202106092,MFDS-202106092,타이레놀정500밀리그람(아세트아미노펜),ING-acetaminophen,아세트아미노펜,product_authorized_ingredient_set_not_excerpt_attribution,UD,MFDS-NEDRUG-DETAIL,https://nedrug.mfds.go.kr/dsie/pdf/drb/202106092/UD,sha256:570dbb88246895d1a6ebfd95231d814ce7391a851cc0d1cc64db99b13f6cdaf2,570dbb88246895d1a6ebfd95231d814ce7391a851cc0d1cc64db99b13f6cdaf2,908cd0563ac6c4c9a1814cd30eb155a6084ebd9380964b79234fd8795f47409e,2026-07-14,2026-07-14T02:14:48.264374+00:00,"용법용량 PDF p.1, 문단 2",만 12세 이상 소아 및 성인:,false,,"용법용량 PDF p.1, 문단 2",만 12세 이상 소아 및 성인:,false,"용법용량 PDF p.1, 문단 2",만 12세 이상 소아 및 성인:,"용법용량 PDF p.1, 문단 2",만 12세 이상 소아 및 성인:,tylenol500_minimum_age_12,item_sequence=202106092|minimum_age_years=12,입력한 연령에 적용되는 제한 또는 별도 용량 기준이 있습니다.,소아·고령자 용법을 제품 허가사항과 전문가에게 확인하세요.,src/lib/otc/engine.ts:971,1,recommended_primary,verified_primary,active_existing_released_primary_evidence,expert_primary_released,included,,false,,false,,false,,EXT-PHARM-001,pharmacist_expert,2026-07-14T06:44:02.643Z
SAFE-OTC-01-UD-P1-B3-minimum_interval,OTC-V51-EU-5c6fcdbb196a4024,OTC-RULE-004,minimum_interval,released,high,SAFE-OTC-01,202106092,MFDS-202106092,타이레놀정500밀리그람(아세트아미노펜),ING-acetaminophen,아세트아미노펜,product_authorized_ingredient_set_not_excerpt_attribution,UD,MFDS-NEDRUG-DETAIL,https://nedrug.mfds.go.kr/dsie/pdf/drb/202106092/UD,sha256:570dbb88246895d1a6ebfd95231d814ce7391a851cc0d1cc64db99b13f6cdaf2,570dbb88246895d1a6ebfd95231d814ce7391a851cc0d1cc64db99b13f6cdaf2,908cd0563ac6c4c9a1814cd30eb155a6084ebd9380964b79234fd8795f47409e,2026-07-14,2026-07-14T02:14:48.264374+00:00,"용법용량 PDF p.1, 문단 3",1회 1~2정씩 1일 3-4회 (4-6시간 마다) 필요시 복용한다.,false,,"용법용량 PDF p.1, 문단 3",1회 1~2정씩 1일 3-4회 (4-6시간 마다) 필요시 복용한다.,false,"용법용량 PDF p.1, 문단 3",1회 1~2정씩 1일 3-4회 (4-6시간 마다) 필요시 복용한다.,"용법용량 PDF p.1, 문단 3",1회 1~2정씩 1일 3-4회 (4-6시간 마다) 필요시 복용한다.,tylenol500_age_12_plus,item_sequence=202106092|ingredient_id=ING-acetaminophen|minimum_interval_hours=4,이전 복용 후 확인된 최소 간격이 지나지 않았습니다.,다음 복용 시점을 약사 또는 의사에게 확인하세요.,src/lib/otc/engine.ts:69,1,recommended_primary,verified_primary,active_existing_released_primary_evidence,expert_primary_released,included,,false,,false,,false,,EXT-PHARM-001,pharmacist_expert,2026-07-14T06:44:02.643Z
SAFE-OTC-01-UD-P1-B4-max_daily_dose,OTC-V51-EU-fe02ad94c90b9876,OTC-RULE-003,max_daily_dose,released,high,SAFE-OTC-01,202106092,MFDS-202106092,타이레놀정500밀리그람(아세트아미노펜),ING-acetaminophen,아세트아미노펜,product_authorized_ingredient_set_not_excerpt_attribution,UD,MFDS-NEDRUG-DETAIL,https://nedrug.mfds.go.kr/dsie/pdf/drb/202106092/UD,sha256:570dbb88246895d1a6ebfd95231d814ce7391a851cc0d1cc64db99b13f6cdaf2,570dbb88246895d1a6ebfd95231d814ce7391a851cc0d1cc64db99b13f6cdaf2,908cd0563ac6c4c9a1814cd30eb155a6084ebd9380964b79234fd8795f47409e,2026-07-14,2026-07-14T02:14:48.264374+00:00,"용법용량 PDF p.1, 문단 4",1일 최대 4그램 (8정)을 초과하여 복용하지 않는다.,false,,"용법용량 PDF p.1, 문단 4",1일 최대 4그램 (8정)을 초과하여 복용하지 않는다.,false,"용법용량 PDF p.1, 문단 4",1일 최대 4그램 (8정)을 초과하여 복용하지 않는다.,"용법용량 PDF p.1, 문단 4",1일 최대 4그램 (8정)을 초과하여 복용하지 않는다.,acetaminophen_tylenol500_age_12_plus,item_sequence=202106092|ingredient_id=ING-acetaminophen|max_daily_amount=4000,계산된 하루 총량이 확인된 최대 1일 용량을 초과합니다.,추가 복용 전 약사 또는 의사와 상담하세요.,src/lib/otc/engine.ts:69,1,recommended_primary,verified_primary,active_existing_released_primary_evidence,expert_primary_released,included,,false,,false,,false,,EXT-PHARM-001,pharmacist_expert,2026-07-14T06:44:02.643Z
SAFE-OTC-04-NB-P1-B10-max_daily_dose,OTC-V51-EU-fc47fe23e8a99907,OTC-RULE-003,max_daily_dose,released,high,SAFE-OTC-04,202200525,MFDS-202200525,어린이타이레놀현탁액(아세트아미노펜),ING-acetaminophen,아세트아미노펜,product_authorized_ingredient_set_not_excerpt_attribution,NB,MFDS-NEDRUG-DETAIL,https://nedrug.mfds.go.kr/dsie/pdf/drb/202200525/NB,sha256:5150a7cae99a092b9795b19c9fa1622f0ed1c1bcdd7f34613c0c4a09c0930d4b,5150a7cae99a092b9795b19c9fa1622f0ed1c1bcdd7f34613c0c4a09c0930d4b,6b7aaf74b6b0679aeb69f962fbcaa38c37630c3ba738ea7315268184227150f1,2026-07-14,2026-07-14T02:10:14.255342+00:00,"사용상의주의사항 PDF p.1, 문단 10","3) 이 약은 아세트아미노펜을 함유하고 있다. 아세트아미노펜으로 일일 최대 용량(4,000mg)을 초과할 경우",false,,"사용상의주의사항 PDF p.1, 문단 10","3) 이 약은 아세트아미노펜을 함유하고 있다. 아세트아미노펜으로 일일 최대 용량(4,000mg)을 초과할 경우",false,,,,,acetaminophen_tylenol500_age_12_plus,item_sequence=202106092|ingredient_id=ING-acetaminophen|max_daily_amount=4000,계산된 하루 총량이 확인된 최대 1일 용량을 초과합니다.,추가 복용 전 약사 또는 의사와 상담하세요.,src/lib/otc/engine.ts:69,2,alternative_context,needs_expert_review,inactive_candidate,shortlisted_context_not_expert_verified,included,,true,text:OTC-V51-TEXT-e838e5f7e2ce0091,false,,true,OTC-V51-TEXT-e838e5f7e2ce0091,,,
SAFE-OTC-04-NB-P1-B11-hepatic_disease,OTC-V51-EU-e87e56ffdbb0ed5c,OTC-RULE-007,hepatic_disease,released,high,SAFE-OTC-04,202200525,MFDS-202200525,어린이타이레놀현탁액(아세트아미노펜),ING-acetaminophen,아세트아미노펜,product_authorized_ingredient_set_not_excerpt_attribution,NB,MFDS-NEDRUG-DETAIL,https://nedrug.mfds.go.kr/dsie/pdf/drb/202200525/NB,sha256:5150a7cae99a092b9795b19c9fa1622f0ed1c1bcdd7f34613c0c4a09c0930d4b,5150a7cae99a092b9795b19c9fa1622f0ed1c1bcdd7f34613c0c4a09c0930d4b,6b7aaf74b6b0679aeb69f962fbcaa38c37630c3ba738ea7315268184227150f1,2026-07-14,2026-07-14T02:10:14.255342+00:00,"사용상의주의사항 PDF p.1, 문단 11","간손상을 일으킬 수 있으므로 이 약을 일일 최대 용량(4,000mg)을 초과하여 복용하여서는 아니되며, 아세트",false,,,,false,,,,,acetaminophen_liver_disease,item_sequence=202106092|ingredient_id=ING-acetaminophen|flags=hepatic_disease,간질환과 관련해 주의가 필요한 제품이 포함되어 있습니다.,복용 전 의사 또는 약사와 상담하세요.,src/lib/otc/engine.ts:1016,,,provisional,inactive_candidate,machine_candidate_not_shortlisted,included,,true,location:OTC-V51-EU-e87e56ffdbb0ed5c;text:OTC-V51-TEXT-4a27950adeffee61,true,OTC-V51-EU-e87e56ffdbb0ed5c,true,OTC-V51-TEXT-4a27950adeffee61,,,
SAFE-OTC-04-NB-P1-B11-max_daily_dose,OTC-V51-EU-e87e56ffdbb0ed5c,OTC-RULE-003,max_daily_dose,released,high,SAFE-OTC-04,202200525,MFDS-202200525,어린이타이레놀현탁액(아세트아미노펜),ING-acetaminophen,아세트아미노펜,product_authorized_ingredient_set_not_excerpt_attribution,NB,MFDS-NEDRUG-DETAIL,https://nedrug.mfds.go.kr/dsie/pdf/drb/202200525/NB,sha256:5150a7cae99a092b9795b19c9fa1622f0ed1c1bcdd7f34613c0c4a09c0930d4b,5150a7cae99a092b9795b19c9fa1622f0ed1c1bcdd7f34613c0c4a09c0930d4b,6b7aaf74b6b0679aeb69f962fbcaa38c37630c3ba738ea7315268184227150f1,2026-07-14,2026-07-14T02:10:14.255342+00:00,"사용상의주의사항 PDF p.1, 문단 11","간손상을 일으킬 수 있으므로 이 약을 일일 최대 용량(4,000mg)을 초과하여 복용하여서는 아니되며, 아세트",false,,,,false,,,,,acetaminophen_tylenol500_age_12_plus,item_sequence=202106092|ingredient_id=ING-acetaminophen|max_daily_amount=4000,계산된 하루 총량이 확인된 최대 1일 용량을 초과합니다.,추가 복용 전 약사 또는 의사와 상담하세요.,src/lib/otc/engine.ts:69,,,provisional,inactive_candidate,machine_candidate_not_shortlisted,included,,true,location:OTC-V51-EU-e87e56ffdbb0ed5c;text:OTC-V51-TEXT-4a27950adeffee61,true,OTC-V51-EU-e87e56ffdbb0ed5c,true,OTC-V51-TEXT-4a27950adeffee61,,,
SAFE-OTC-04-NB-P1-B12-duplicate_ingredient,OTC-V51-EU-0bc6e865a0f89c5a,OTC-RULE-001,duplicate_ingredient,released,high,SAFE-OTC-04,202200525,MFDS-202200525,어린이타이레놀현탁액(아세트아미노펜),ING-acetaminophen,아세트아미노펜,product_authorized_ingredient_set_not_excerpt_attribution,NB,MFDS-NEDRUG-DETAIL,https://nedrug.mfds.go.kr/dsie/pdf/drb/202200525/NB,sha256:5150a7cae99a092b9795b19c9fa1622f0ed1c1bcdd7f34613c0c4a09c0930d4b,5150a7cae99a092b9795b19c9fa1622f0ed1c1bcdd7f34613c0c4a09c0930d4b,6b7aaf74b6b0679aeb69f962fbcaa38c37630c3ba738ea7315268184227150f1,2026-07-14,2026-07-14T02:10:14.255342+00:00,"사용상의주의사항 PDF p.1, 문단 12",아미노펜을 포함하는 다른 제품과 함께 복용하여서는 안 된다.,false,,"사용상의주의사항 PDF p.1, 문단 12",아미노펜을 포함하는 다른 제품과 함께 복용하여서는 안 된다.,false,,,,,acetaminophen_containing_selected_products,scope_only_no_structured_binding,같은 유효성분이 여러 제품에 포함되어 있습니다.,각 제품의 성분과 총 복용량을 확인하고 복용 전 약사 또는 의사와 상담하세요.,src/lib/otc/engine.ts:586,2,alternative_context,needs_expert_review,inactive_candidate,shortlisted_context_not_expert_verified,included,,true,text:OTC-V51-TEXT-6aface40f4e3dcdf,false,,true,OTC-V51-TEXT-6aface40f4e3dcdf,,,
SAFE-OTC-04-NB-P1-B15-gi_bleeding_ulcer,OTC-V51-EU-5aea7803fefc3638,OTC-RULE-009,gi_bleeding_ulcer,released,high,SAFE-OTC-04,202200525,MFDS-202200525,어린이타이레놀현탁액(아세트아미노펜),ING-acetaminophen,아세트아미노펜,product_authorized_ingredient_set_not_excerpt_attribution,NB,MFDS-NEDRUG-DETAIL,https://nedrug.mfds.go.kr/dsie/pdf/drb/202200525/NB,sha256:5150a7cae99a092b9795b19c9fa1622f0ed1c1bcdd7f34613c0c4a09c0930d4b,5150a7cae99a092b9795b19c9fa1622f0ed1c1bcdd7f34613c0c4a09c0930d4b,6b7aaf74b6b0679aeb69f962fbcaa38c37630c3ba738ea7315268184227150f1,2026-07-14,2026-07-14T02:10:14.255342+00:00,"사용상의주의사항 PDF p.1, 문단 15",2) 소화성궤양 환자,false,,,,false,,,,,ibuprofen_gi_bleeding_or_ulcer,item_sequence=198601920|flags=gi_bleeding_ulcer,위장관 출혈 또는 궤양 위험과 관련된 제품이 포함되어 있습니다.,복용 전 의사 또는 약사와 상담하세요.,src/lib/otc/engine.ts:1030,,,provisional,inactive_candidate,machine_candidate_not_shortlisted,included,,true,text:OTC-V51-TEXT-2c7514a886983413,false,,true,OTC-V51-TEXT-2c7514a886983413,,,
SAFE-OTC-04-NB-P1-B17-hepatic_disease,OTC-V51-EU-7bfff186ce22e2c3,OTC-RULE-007,hepatic_disease,released,high,SAFE-OTC-04,202200525,MFDS-202200525,어린이타이레놀현탁액(아세트아미노펜),ING-acetaminophen,아세트아미노펜,product_authorized_ingredient_set_not_excerpt_attribution,NB,MFDS-NEDRUG-DETAIL,https://nedrug.mfds.go.kr/dsie/pdf/drb/202200525/NB,sha256:5150a7cae99a092b9795b19c9fa1622f0ed1c1bcdd7f34613c0c4a09c0930d4b,5150a7cae99a092b9795b19c9fa1622f0ed1c1bcdd7f34613c0c4a09c0930d4b,6b7aaf74b6b0679aeb69f962fbcaa38c37630c3ba738ea7315268184227150f1,2026-07-14,2026-07-14T02:10:14.255342+00:00,"사용상의주의사항 PDF p.1, 문단 17",4) 심한 간장애 환자,false,,,,false,,,,,acetaminophen_liver_disease,item_sequence=202106092|ingredient_id=ING-acetaminophen|flags=hepatic_disease,간질환과 관련해 주의가 필요한 제품이 포함되어 있습니다.,복용 전 의사 또는 약사와 상담하세요.,src/lib/otc/engine.ts:1016,,,provisional,inactive_candidate,machine_candidate_not_shortlisted,included,,true,text:OTC-V51-TEXT-1d70c5049f597492,false,,true,OTC-V51-TEXT-1d70c5049f597492,,,
SAFE-OTC-04-NB-P1-B18-renal_disease,OTC-V51-EU-06b4444db2d421a3,OTC-RULE-008,renal_disease,released,high,SAFE-OTC-04,202200525,MFDS-202200525,어린이타이레놀현탁액(아세트아미노펜),ING-acetaminophen,아세트아미노펜,product_authorized_ingredient_set_not_excerpt_attribution,NB,MFDS-NEDRUG-DETAIL,https://nedrug.mfds.go.kr/dsie/pdf/drb/202200525/NB,sha256:5150a7cae99a092b9795b19c9fa1622f0ed1c1bcdd7f34613c0c4a09c0930d4b,5150a7cae99a092b9795b19c9fa1622f0ed1c1bcdd7f34613c0c4a09c0930d4b,6b7aaf74b6b0679aeb69f962fbcaa38c37630c3ba738ea7315268184227150f1,2026-07-14,2026-07-14T02:10:14.255342+00:00,"사용상의주의사항 PDF p.1, 문단 18",5) 심한 신장(콩팥)장애 환자,false,,,,false,,,,,ibuprofen_kidney_disease,item_sequence=198601920|flags=renal_disease,신장질환과 관련해 주의가 필요한 제품이 포함되어 있습니다.,복용 전 의사 또는 약사와 상담하세요.,src/lib/otc/engine.ts:1023,,,provisional,inactive_candidate,machine_candidate_not_shortlisted,included,,true,text:OTC-V51-TEXT-eaf417e9308c3db1,false,,true,OTC-V51-TEXT-eaf417e9308c3db1,,,
SAFE-OTC-04-NB-P1-B19-decongestant_hypertension,OTC-V51-EU-74c150f3f67619ee,OTC-RULE-014,decongestant_hypertension,released,high,SAFE-OTC-04,202200525,MFDS-202200525,어린이타이레놀현탁액(아세트아미노펜),ING-acetaminophen,아세트아미노펜,product_authorized_ingredient_set_not_excerpt_attribution,NB,MFDS-NEDRUG-DETAIL,https://nedrug.mfds.go.kr/dsie/pdf/drb/202200525/NB,sha256:5150a7cae99a092b9795b19c9fa1622f0ed1c1bcdd7f34613c0c4a09c0930d4b,5150a7cae99a092b9795b19c9fa1622f0ed1c1bcdd7f34613c0c4a09c0930d4b,6b7aaf74b6b0679aeb69f962fbcaa38c37630c3ba738ea7315268184227150f1,2026-07-14,2026-07-14T02:10:14.255342+00:00,"사용상의주의사항 PDF p.1, 문단 19",6) 심한 심장기능저하 환자,false,,,,false,,,,,pancol_a_phenylephrine_hypertension,item_sequence=196800036|flags=decongestant_hypertension,고혈압 또는 심혈관질환에서 비충혈제거제 주의가 필요할 수 있습니다.,복용 전 의사 또는 약사와 상담하세요.,src/lib/otc/engine.ts:1051,,,provisional,inactive_candidate,machine_candidate_not_shortlisted,included,,true,text:OTC-V51-TEXT-c375dae49c1c4846,false,,true,OTC-V51-TEXT-c375dae49c1c4846,,,
SAFE-OTC-04-NB-P1-B21-sedative_medication,OTC-V51-EU-65dbab4f0d94a4e5,OTC-RULE-013,sedative_medication,released,high,SAFE-OTC-04,202200525,MFDS-202200525,어린이타이레놀현탁액(아세트아미노펜),ING-acetaminophen,아세트아미노펜,product_authorized_ingredient_set_not_excerpt_attribution,NB,MFDS-NEDRUG-DETAIL,https://nedrug.mfds.go.kr/dsie/pdf/drb/202200525/NB,sha256:5150a7cae99a092b9795b19c9fa1622f0ed1c1bcdd7f34613c0c4a09c0930d4b,5150a7cae99a092b9795b19c9fa1622f0ed1c1bcdd7f34613c0c4a09c0930d4b,6b7aaf74b6b0679aeb69f962fbcaa38c37630c3ba738ea7315268184227150f1,2026-07-14,2026-07-14T02:10:14.255342+00:00,"사용상의주의사항 PDF p.1, 문단 21","8) 다음의 약물을 복용한 환자: 바르비탈계 약물, 삼환계 항우울제",false,,,,false,,,,,pancol_a_sedative_or_overlapping_cold_medicine,item_sequence=196800036|flags=sedative_medication,진정 작용이 있는 약물과 함께 복용할 때 주의가 필요할 수 있습니다.,복용 전 약사 또는 의사와 상담하세요.,src/lib/otc/engine.ts:1077,,,provisional,inactive_candidate,machine_candidate_not_shortlisted,included,,true,text:OTC-V51-TEXT-8c3fa384a6c017a2,false,,true,OTC-V51-TEXT-8c3fa384a6c017a2,,,
SAFE-OTC-04-NB-P1-B22-alcohol,OTC-V51-EU-6138cc552996abb5,OTC-RULE-011,alcohol,released,high,SAFE-OTC-04,202200525,MFDS-202200525,어린이타이레놀현탁액(아세트아미노펜),ING-acetaminophen,아세트아미노펜,product_authorized_ingredient_set_not_excerpt_attribution,NB,MFDS-NEDRUG-DETAIL,https://nedrug.mfds.go.kr/dsie/pdf/drb/202200525/NB,sha256:5150a7cae99a092b9795b19c9fa1622f0ed1c1bcdd7f34613c0c4a09c0930d4b,5150a7cae99a092b9795b19c9fa1622f0ed1c1bcdd7f34613c0c4a09c0930d4b,6b7aaf74b6b0679aeb69f962fbcaa38c37630c3ba738ea7315268184227150f1,2026-07-14,2026-07-14T02:10:14.255342+00:00,"사용상의주의사항 PDF p.1, 문단 22",9) 알코올을 복용한 사람,false,,,,false,,,,,acetaminophen_regular_alcohol_use,item_sequence=202106092|ingredient_id=ING-acetaminophen|flags=alcohol,음주와 함께 복용할 때 주의가 필요한 제품이 포함되어 있습니다.,음주 중 복용 전 약사 또는 의사와 상담하세요.,src/lib/otc/engine.ts:1044,,,provisional,inactive_candidate,machine_candidate_not_shortlisted,included,,true,text:OTC-V51-TEXT-e700c8f4dd9789a6,false,,true,OTC-V51-TEXT-e700c8f4dd9789a6,,,
SAFE-OTC-04-NB-P1-B24-hepatic_disease,OTC-V51-EU-126fc3598e652202,OTC-RULE-007,hepatic_disease,released,high,SAFE-OTC-04,202200525,MFDS-202200525,어린이타이레놀현탁액(아세트아미노펜),ING-acetaminophen,아세트아미노펜,product_authorized_ingredient_set_not_excerpt_attribution,NB,MFDS-NEDRUG-DETAIL,https://nedrug.mfds.go.kr/dsie/pdf/drb/202200525/NB,sha256:5150a7cae99a092b9795b19c9fa1622f0ed1c1bcdd7f34613c0c4a09c0930d4b,5150a7cae99a092b9795b19c9fa1622f0ed1c1bcdd7f34613c0c4a09c0930d4b,6b7aaf74b6b0679aeb69f962fbcaa38c37630c3ba738ea7315268184227150f1,2026-07-14,2026-07-14T02:10:14.255342+00:00,"사용상의주의사항 PDF p.1, 문단 24",1) 간장애 또는 그 병력이 있는 환자,false,,,,false,,,,,acetaminophen_liver_disease,item_sequence=202106092|ingredient_id=ING-acetaminophen|flags=hepatic_disease,간질환과 관련해 주의가 필요한 제품이 포함되어 있습니다.,복용 전 의사 또는 약사와 상담하세요.,src/lib/otc/engine.ts:1016,,,provisional,inactive_candidate,machine_candidate_not_shortlisted,included,,true,text:OTC-V51-TEXT-1c78ab5940c4ce18,false,,true,OTC-V51-TEXT-1c78ab5940c4ce18,,,
SAFE-OTC-04-NB-P1-B25-renal_disease,OTC-V51-EU-fed771304d95b73e,OTC-RULE-008,renal_disease,released,high,SAFE-OTC-04,202200525,MFDS-202200525,어린이타이레놀현탁액(아세트아미노펜),ING-acetaminophen,아세트아미노펜,product_authorized_ingredient_set_not_excerpt_attribution,NB,MFDS-NEDRUG-DETAIL,https://nedrug.mfds.go.kr/dsie/pdf/drb/202200525/NB,sha256:5150a7cae99a092b9795b19c9fa1622f0ed1c1bcdd7f34613c0c4a09c0930d4b,5150a7cae99a092b9795b19c9fa1622f0ed1c1bcdd7f34613c0c4a09c0930d4b,6b7aaf74b6b0679aeb69f962fbcaa38c37630c3ba738ea7315268184227150f1,2026-07-14,2026-07-14T02:10:14.255342+00:00,"사용상의주의사항 PDF p.1, 문단 25",2) 신장(콩팥)장애 또는 그 병력이 있는 환자,false,,,,false,,,,,ibuprofen_kidney_disease,item_sequence=198601920|flags=renal_disease,신장질환과 관련해 주의가 필요한 제품이 포함되어 있습니다.,복용 전 의사 또는 약사와 상담하세요.,src/lib/otc/engine.ts:1023,,,provisional,inactive_candidate,machine_candidate_not_shortlisted,included,,true,text:OTC-V51-TEXT-3738e16aa5d29d0f,false,,true,OTC-V51-TEXT-3738e16aa5d29d0f,,,
SAFE-OTC-04-NB-P1-B3-alcohol,OTC-V51-EU-e80f6e43cbf74bd6,OTC-RULE-011,alcohol,released,high,SAFE-OTC-04,202200525,MFDS-202200525,어린이타이레놀현탁액(아세트아미노펜),ING-acetaminophen,아세트아미노펜,product_authorized_ingredient_set_not_excerpt_attribution,NB,MFDS-NEDRUG-DETAIL,https://nedrug.mfds.go.kr/dsie/pdf/drb/202200525/NB,sha256:5150a7cae99a092b9795b19c9fa1622f0ed1c1bcdd7f34613c0c4a09c0930d4b,5150a7cae99a092b9795b19c9fa1622f0ed1c1bcdd7f34613c0c4a09c0930d4b,6b7aaf74b6b0679aeb69f962fbcaa38c37630c3ba738ea7315268184227150f1,2026-07-14,2026-07-14T02:10:14.255342+00:00,"사용상의주의사항 PDF p.1, 문단 3",1) 매일 세 잔 이상 정기적으로 술을 마시는 사람이 이 약이나 다른 해열 진통제를 복용해야 할 경우 반드시,false,,,,false,,,,,acetaminophen_regular_alcohol_use,item_sequence=202106092|ingredient_id=ING-acetaminophen|flags=alcohol,음주와 함께 복용할 때 주의가 필요한 제품이 포함되어 있습니다.,음주 중 복용 전 약사 또는 의사와 상담하세요.,src/lib/otc/engine.ts:1044,,,provisional,inactive_candidate,machine_candidate_not_shortlisted,included,,true,location:OTC-V51-EU-e80f6e43cbf74bd6,true,OTC-V51-EU-e80f6e43cbf74bd6,false,,,,
SAFE-OTC-04-NB-P1-B3-duplicate_pharmacologic_class,OTC-V51-EU-e80f6e43cbf74bd6,OTC-RULE-002,duplicate_pharmacologic_class,released,high,SAFE-OTC-04,202200525,MFDS-202200525,어린이타이레놀현탁액(아세트아미노펜),ING-acetaminophen,아세트아미노펜,product_authorized_ingredient_set_not_excerpt_attribution,NB,MFDS-NEDRUG-DETAIL,https://nedrug.mfds.go.kr/dsie/pdf/drb/202200525/NB,sha256:5150a7cae99a092b9795b19c9fa1622f0ed1c1bcdd7f34613c0c4a09c0930d4b,5150a7cae99a092b9795b19c9fa1622f0ed1c1bcdd7f34613c0c4a09c0930d4b,6b7aaf74b6b0679aeb69f962fbcaa38c37630c3ba738ea7315268184227150f1,2026-07-14,2026-07-14T02:10:14.255342+00:00,"사용상의주의사항 PDF p.1, 문단 3",1) 매일 세 잔 이상 정기적으로 술을 마시는 사람이 이 약이나 다른 해열 진통제를 복용해야 할 경우 반드시,false,,,,false,,,,,ibuprofen_and_other_NSAIDs,scope_only_no_structured_binding,같은 NSAID 계열 성분을 함께 복용할 수 있습니다.,함께 복용하지 말고 복용 전 약사 또는 의사와 상담하세요.,src/lib/otc/engine.ts:759,,,provisional,inactive_candidate,machine_candidate_not_shortlisted,included,,true,location:OTC-V51-EU-e80f6e43cbf74bd6,true,OTC-V51-EU-e80f6e43cbf74bd6,false,,,,
SAFE-OTC-04-NB-P1-B4-hepatic_disease,OTC-V51-EU-e1f747f21a981f43,OTC-RULE-007,hepatic_disease,released,high,SAFE-OTC-04,202200525,MFDS-202200525,어린이타이레놀현탁액(아세트아미노펜),ING-acetaminophen,아세트아미노펜,product_authorized_ingredient_set_not_excerpt_attribution,NB,MFDS-NEDRUG-DETAIL,https://nedrug.mfds.go.kr/dsie/pdf/drb/202200525/NB,sha256:5150a7cae99a092b9795b19c9fa1622f0ed1c1bcdd7f34613c0c4a09c0930d4b,5150a7cae99a092b9795b19c9fa1622f0ed1c1bcdd7f34613c0c4a09c0930d4b,6b7aaf74b6b0679aeb69f962fbcaa38c37630c3ba738ea7315268184227150f1,2026-07-14,2026-07-14T02:10:14.255342+00:00,"사용상의주의사항 PDF p.1, 문단 4",의사 또는 약사와 상의해야 한다. 이러한 사람이 이 약을 복용하면 간손상이 유발될 수 있다.,false,,,,false,,,,,acetaminophen_liver_disease,item_sequence=202106092|ingredient_id=ING-acetaminophen|flags=hepatic_disease,간질환과 관련해 주의가 필요한 제품이 포함되어 있습니다.,복용 전 의사 또는 약사와 상담하세요.,src/lib/otc/engine.ts:1016,,,provisional,inactive_candidate,machine_candidate_not_shortlisted,included,,false,,false,,false,,,,
SAFE-OTC-04-NB-P1-B9-urgent_referral,OTC-V51-EU-c98612efda2841b4,OTC-RULE-016,urgent_referral,released,urgent,SAFE-OTC-04,202200525,MFDS-202200525,어린이타이레놀현탁액(아세트아미노펜),ING-acetaminophen,아세트아미노펜,product_authorized_ingredient_set_not_excerpt_attribution,NB,MFDS-NEDRUG-DETAIL,https://nedrug.mfds.go.kr/dsie/pdf/drb/202200525/NB,sha256:5150a7cae99a092b9795b19c9fa1622f0ed1c1bcdd7f34613c0c4a09c0930d4b,5150a7cae99a092b9795b19c9fa1622f0ed1c1bcdd7f34613c0c4a09c0930d4b,6b7aaf74b6b0679aeb69f962fbcaa38c37630c3ba738ea7315268184227150f1,2026-07-14,2026-07-14T02:10:14.255342+00:00,"사용상의주의사항 PDF p.1, 문단 9",응의 징후가 나타나면 즉시 복용을 중단하도록 하여야 한다.,false,,,,false,,,,,tylenol500_stop_and_consult_symptoms,item_sequence=202106092|red_flag_terms=호흡곤란;온몸이 붉어짐;혈관부기;두드러기;천식발작;얼굴부기;저혈압;쇽;스티븐스-존슨;스티븐스 존슨;독성표피괴사;리엘 증후군,즉시 상담 또는 진료가 필요한 증상이 입력되었습니다.,지체하지 말고 의료기관 또는 응급상담을 이용하세요.,src/lib/otc/engine.ts:1214,,,provisional,inactive_candidate,machine_candidate_not_shortlisted,included,,true,text:OTC-V51-TEXT-23a600af23897eef,false,,true,OTC-V51-TEXT-23a600af23897eef,,,
SAFE-OTC-04-NB-P2-B1-renal_disease,OTC-V51-EU-34b04ba44eb37d32,OTC-RULE-008,renal_disease,released,high,SAFE-OTC-04,202200525,MFDS-202200525,어린이타이레놀현탁액(아세트아미노펜),ING-acetaminophen,아세트아미노펜,product_authorized_ingredient_set_not_excerpt_attribution,NB,MFDS-NEDRUG-DETAIL,https://nedrug.mfds.go.kr/dsie/pdf/drb/202200525/NB,sha256:5150a7cae99a092b9795b19c9fa1622f0ed1c1bcdd7f34613c0c4a09c0930d4b,5150a7cae99a092b9795b19c9fa1622f0ed1c1bcdd7f34613c0c4a09c0930d4b,e32e909742eb5e3d63770c76e2831d13a5bc54d69f3a63f741ac8078e8807deb,2026-07-14,2026-07-14T02:10:14.255342+00:00,"사용상의주의사항 PDF p.2, 문단 1",2) 신장(콩팥)장애 또는 그 병력이 있는 환자,false,,,,false,,,,,ibuprofen_kidney_disease,item_sequence=198601920|flags=renal_disease,신장질환과 관련해 주의가 필요한 제품이 포함되어 있습니다.,복용 전 의사 또는 약사와 상담하세요.,src/lib/otc/engine.ts:1023,,,provisional,inactive_candidate,machine_candidate_not_shortlisted,included,,true,text:OTC-V51-TEXT-3738e16aa5d29d0f,false,,true,OTC-V51-TEXT-3738e16aa5d29d0f,,,
SAFE-OTC-04-NB-P2-B10-pregnancy_lactation,OTC-V51-EU-dff876defb84b6b4,OTC-RULE-006,pregnancy_lactation,released,high,SAFE-OTC-04,202200525,MFDS-202200525,어린이타이레놀현탁액(아세트아미노펜),ING-acetaminophen,아세트아미노펜,product_authorized_ingredient_set_not_excerpt_attribution,NB,MFDS-NEDRUG-DETAIL,https://nedrug.mfds.go.kr/dsie/pdf/drb/202200525/NB,sha256:5150a7cae99a092b9795b19c9fa1622f0ed1c1bcdd7f34613c0c4a09c0930d4b,5150a7cae99a092b9795b19c9fa1622f0ed1c1bcdd7f34613c0c4a09c0930d4b,e32e909742eb5e3d63770c76e2831d13a5bc54d69f3a63f741ac8078e8807deb,2026-07-14,2026-07-14T02:10:14.255342+00:00,"사용상의주의사항 PDF p.2, 문단 10",11) 임부 또는 수유부,false,,,,false,,,,,ibuprofen_pregnancy_lactation,item_sequence=198601920|flags=pregnancy_lactation,임신 또는 수유 중 주의가 필요한 제품이 포함되어 있습니다.,복용 전 의사 또는 약사와 상담하세요.,src/lib/otc/engine.ts:1094,,,provisional,inactive_candidate,machine_candidate_not_shortlisted,included,,false,,false,,false,,,,
SAFE-OTC-04-NB-P2-B11-anticoagulant_antiplatelet,OTC-V51-EU-bdbc851844b3ae44,OTC-RULE-012,anticoagulant_antiplatelet,released,high,SAFE-OTC-04,202200525,MFDS-202200525,어린이타이레놀현탁액(아세트아미노펜),ING-acetaminophen,아세트아미노펜,product_authorized_ingredient_set_not_excerpt_attribution,NB,MFDS-NEDRUG-DETAIL,https://nedrug.mfds.go.kr/dsie/pdf/drb/202200525/NB,sha256:5150a7cae99a092b9795b19c9fa1622f0ed1c1bcdd7f34613c0c4a09c0930d4b,5150a7cae99a092b9795b19c9fa1622f0ed1c1bcdd7f34613c0c4a09c0930d4b,e32e909742eb5e3d63770c76e2831d13a5bc54d69f3a63f741ac8078e8807deb,2026-07-14,2026-07-14T02:10:14.255342+00:00,"사용상의주의사항 PDF p.2, 문단 11","12) 다음의 약물을 복용하는 환자 : 와파린, 플루클록사실린",false,,,,false,,,,,ibuprofen_warfarin_or_coumarin_anticoagulant,item_sequence=198601920|flags=anticoagulant_antiplatelet,항응고제 또는 항혈소판제와 병용할 때 주의가 필요할 수 있습니다.,복용 전 처방한 의료진 또는 약사와 상담하세요.,src/lib/otc/engine.ts:1061,,,provisional,inactive_candidate,machine_candidate_not_shortlisted,included,,false,,false,,false,,,,
SAFE-OTC-04-NB-P2-B13-urgent_referral,OTC-V51-EU-726a072f255bdbc3,OTC-RULE-016,urgent_referral,released,urgent,SAFE-OTC-04,202200525,MFDS-202200525,어린이타이레놀현탁액(아세트아미노펜),ING-acetaminophen,아세트아미노펜,product_authorized_ingredient_set_not_excerpt_attribution,NB,MFDS-NEDRUG-DETAIL,https://nedrug.mfds.go.kr/dsie/pdf/drb/202200525/NB,sha256:5150a7cae99a092b9795b19c9fa1622f0ed1c1bcdd7f34613c0c4a09c0930d4b,5150a7cae99a092b9795b19c9fa1622f0ed1c1bcdd7f34613c0c4a09c0930d4b,e32e909742eb5e3d63770c76e2831d13a5bc54d69f3a63f741ac8078e8807deb,2026-07-14,2026-07-14T02:10:14.255342+00:00,"사용상의주의사항 PDF p.2, 문단 13","4. 다음과 같을 경우 이 약의 복용을 즉각 중지하고 의사, 치과의사, 약사와 상의할 것. 상담시 가능한한 이 첨부",false,,,,false,,,,,tylenol500_stop_and_consult_symptoms,item_sequence=202106092|red_flag_terms=호흡곤란;온몸이 붉어짐;혈관부기;두드러기;천식발작;얼굴부기;저혈압;쇽;스티븐스-존슨;스티븐스 존슨;독성표피괴사;리엘 증후군,즉시 상담 또는 진료가 필요한 증상이 입력되었습니다.,지체하지 말고 의료기관 또는 응급상담을 이용하세요.,src/lib/otc/engine.ts:1214,,,provisional,inactive_candidate,machine_candidate_not_shortlisted,included,,true,text:OTC-V51-TEXT-3bb04a2e003670d1,false,,true,OTC-V51-TEXT-3bb04a2e003670d1,,,
SAFE-OTC-04-NB-P2-B19-gi_bleeding_ulcer,OTC-V51-EU-90cd3233e324a7d7,OTC-RULE-009,gi_bleeding_ulcer,released,high,SAFE-OTC-04,202200525,MFDS-202200525,어린이타이레놀현탁액(아세트아미노펜),ING-acetaminophen,아세트아미노펜,product_authorized_ingredient_set_not_excerpt_attribution,NB,MFDS-NEDRUG-DETAIL,https://nedrug.mfds.go.kr/dsie/pdf/drb/202200525/NB,sha256:5150a7cae99a092b9795b19c9fa1622f0ed1c1bcdd7f34613c0c4a09c0930d4b,5150a7cae99a092b9795b19c9fa1622f0ed1c1bcdd7f34613c0c4a09c0930d4b,e32e909742eb5e3d63770c76e2831d13a5bc54d69f3a63f741ac8078e8807deb,2026-07-14,2026-07-14T02:10:14.255342+00:00,"사용상의주의사항 PDF p.2, 문단 19","4) 소화기: 구역, 구토, 식욕부진, 장기복용 시 위장출혈, 소화성궤양, 천공(뚫림) 등의 위장관계 이상반응",false,,,,false,,,,,ibuprofen_gi_bleeding_or_ulcer,item_sequence=198601920|flags=gi_bleeding_ulcer,위장관 출혈 또는 궤양 위험과 관련된 제품이 포함되어 있습니다.,복용 전 의사 또는 약사와 상담하세요.,src/lib/otc/engine.ts:1030,,,provisional,inactive_candidate,machine_candidate_not_shortlisted,included,,true,location:OTC-V51-EU-90cd3233e324a7d7;text:OTC-V51-TEXT-3ddb8e50b20ac492,true,OTC-V51-EU-90cd3233e324a7d7,true,OTC-V51-TEXT-3ddb8e50b20ac492,,,
SAFE-OTC-04-NB-P2-B19-maximum_duration,OTC-V51-EU-90cd3233e324a7d7,OTC-RULE-015,maximum_duration,draft,caution,SAFE-OTC-04,202200525,MFDS-202200525,어린이타이레놀현탁액(아세트아미노펜),ING-acetaminophen,아세트아미노펜,product_authorized_ingredient_set_not_excerpt_attribution,NB,MFDS-NEDRUG-DETAIL,https://nedrug.mfds.go.kr/dsie/pdf/drb/202200525/NB,sha256:5150a7cae99a092b9795b19c9fa1622f0ed1c1bcdd7f34613c0c4a09c0930d4b,5150a7cae99a092b9795b19c9fa1622f0ed1c1bcdd7f34613c0c4a09c0930d4b,e32e909742eb5e3d63770c76e2831d13a5bc54d69f3a63f741ac8078e8807deb,2026-07-14,2026-07-14T02:10:14.255342+00:00,"사용상의주의사항 PDF p.2, 문단 19","4) 소화기: 구역, 구토, 식욕부진, 장기복용 시 위장출혈, 소화성궤양, 천공(뚫림) 등의 위장관계 이상반응",false,,,,false,,,,,pancol_a_continuous_use,scope_only_no_structured_binding,허가된 연속 복용 기간을 넘었을 수 있습니다.,증상이 지속되면 추가 복용 대신 약사 또는 의사와 상담하세요.,src/lib/otc/engine.ts:991,,,provisional,inactive_candidate,machine_candidate_not_shortlisted,included,,true,location:OTC-V51-EU-90cd3233e324a7d7;text:OTC-V51-TEXT-3ddb8e50b20ac492,true,OTC-V51-EU-90cd3233e324a7d7,true,OTC-V51-TEXT-3ddb8e50b20ac492,,,
SAFE-OTC-04-NB-P2-B2-gi_bleeding_ulcer,OTC-V51-EU-6fceb2e0b61f7971,OTC-RULE-009,gi_bleeding_ulcer,released,high,SAFE-OTC-04,202200525,MFDS-202200525,어린이타이레놀현탁액(아세트아미노펜),ING-acetaminophen,아세트아미노펜,product_authorized_ingredient_set_not_excerpt_attribution,NB,MFDS-NEDRUG-DETAIL,https://nedrug.mfds.go.kr/dsie/pdf/drb/202200525/NB,sha256:5150a7cae99a092b9795b19c9fa1622f0ed1c1bcdd7f34613c0c4a09c0930d4b,5150a7cae99a092b9795b19c9fa1622f0ed1c1bcdd7f34613c0c4a09c0930d4b,e32e909742eb5e3d63770c76e2831d13a5bc54d69f3a63f741ac8078e8807deb,2026-07-14,2026-07-14T02:10:14.255342+00:00,"사용상의주의사항 PDF p.2, 문단 2",3) 소화성궤양의 병력이 있는 환자,false,,,,false,,,,,ibuprofen_gi_bleeding_or_ulcer,item_sequence=198601920|flags=gi_bleeding_ulcer,위장관 출혈 또는 궤양 위험과 관련된 제품이 포함되어 있습니다.,복용 전 의사 또는 약사와 상담하세요.,src/lib/otc/engine.ts:1030,,,provisional,inactive_candidate,machine_candidate_not_shortlisted,included,,true,text:OTC-V51-TEXT-d0952213b48addb2,false,,true,OTC-V51-TEXT-d0952213b48addb2,,,
SAFE-OTC-04-NB-P2-B5-decongestant_hypertension,OTC-V51-EU-2da348815cac2b62,OTC-RULE-014,decongestant_hypertension,released,high,SAFE-OTC-04,202200525,MFDS-202200525,어린이타이레놀현탁액(아세트아미노펜),ING-acetaminophen,아세트아미노펜,product_authorized_ingredient_set_not_excerpt_attribution,NB,MFDS-NEDRUG-DETAIL,https://nedrug.mfds.go.kr/dsie/pdf/drb/202200525/NB,sha256:5150a7cae99a092b9795b19c9fa1622f0ed1c1bcdd7f34613c0c4a09c0930d4b,5150a7cae99a092b9795b19c9fa1622f0ed1c1bcdd7f34613c0c4a09c0930d4b,e32e909742eb5e3d63770c76e2831d13a5bc54d69f3a63f741ac8078e8807deb,2026-07-14,2026-07-14T02:10:14.255342+00:00,"사용상의주의사항 PDF p.2, 문단 5",6) 심장기능이상이 있는 환자,false,,,,false,,,,,pancol_a_phenylephrine_hypertension,item_sequence=196800036|flags=decongestant_hypertension,고혈압 또는 심혈관질환에서 비충혈제거제 주의가 필요할 수 있습니다.,복용 전 의사 또는 약사와 상담하세요.,src/lib/otc/engine.ts:1051,,,provisional,inactive_candidate,machine_candidate_not_shortlisted,included,,true,text:OTC-V51-TEXT-f4410503dbf38dda,false,,true,OTC-V51-TEXT-f4410503dbf38dda,,,
SAFE-OTC-04-NB-P2-B8-age_restriction,OTC-V51-EU-bf71d0e7a5e6d0c8,OTC-RULE-005,age_restriction,released,high,SAFE-OTC-04,202200525,MFDS-202200525,어린이타이레놀현탁액(아세트아미노펜),ING-acetaminophen,아세트아미노펜,product_authorized_ingredient_set_not_excerpt_attribution,NB,MFDS-NEDRUG-DETAIL,https://nedrug.mfds.go.kr/dsie/pdf/drb/202200525/NB,sha256:5150a7cae99a092b9795b19c9fa1622f0ed1c1bcdd7f34613c0c4a09c0930d4b,5150a7cae99a092b9795b19c9fa1622f0ed1c1bcdd7f34613c0c4a09c0930d4b,e32e909742eb5e3d63770c76e2831d13a5bc54d69f3a63f741ac8078e8807deb,2026-07-14,2026-07-14T02:10:14.255342+00:00,"사용상의주의사항 PDF p.2, 문단 8",9) 고령자(노인),false,,,,false,,,,,tylenol500_minimum_age_12,item_sequence=202106092|minimum_age_years=12,입력한 연령에 적용되는 제한 또는 별도 용량 기준이 있습니다.,소아·고령자 용법을 제품 허가사항과 전문가에게 확인하세요.,src/lib/otc/engine.ts:971,,,provisional,inactive_candidate,machine_candidate_not_shortlisted,included,,true,text:OTC-V51-TEXT-62d243bdcf783995,false,,true,OTC-V51-TEXT-62d243bdcf783995,,,
SAFE-OTC-04-NB-P2-B9-age_restriction,OTC-V51-EU-1e5dce5e3c3e00ef,OTC-RULE-005,age_restriction,released,high,SAFE-OTC-04,202200525,MFDS-202200525,어린이타이레놀현탁액(아세트아미노펜),ING-acetaminophen,아세트아미노펜,product_authorized_ingredient_set_not_excerpt_attribution,NB,MFDS-NEDRUG-DETAIL,https://nedrug.mfds.go.kr/dsie/pdf/drb/202200525/NB,sha256:5150a7cae99a092b9795b19c9fa1622f0ed1c1bcdd7f34613c0c4a09c0930d4b,5150a7cae99a092b9795b19c9fa1622f0ed1c1bcdd7f34613c0c4a09c0930d4b,e32e909742eb5e3d63770c76e2831d13a5bc54d69f3a63f741ac8078e8807deb,2026-07-14,2026-07-14T02:10:14.255342+00:00,"사용상의주의사항 PDF p.2, 문단 9",10) 만 2세 미만의 소아,false,,,,false,,,,,tylenol500_minimum_age_12,item_sequence=202106092|minimum_age_years=12,입력한 연령에 적용되는 제한 또는 별도 용량 기준이 있습니다.,소아·고령자 용법을 제품 허가사항과 전문가에게 확인하세요.,src/lib/otc/engine.ts:971,,,provisional,inactive_candidate,machine_candidate_not_shortlisted,included,,false,,false,,false,,,,
SAFE-OTC-04-NB-P3-B17-maximum_duration,OTC-V51-EU-f3011b2ef75a5e51,OTC-RULE-015,maximum_duration,draft,caution,SAFE-OTC-04,202200525,MFDS-202200525,어린이타이레놀현탁액(아세트아미노펜),ING-acetaminophen,아세트아미노펜,product_authorized_ingredient_set_not_excerpt_attribution,NB,MFDS-NEDRUG-DETAIL,https://nedrug.mfds.go.kr/dsie/pdf/drb/202200525/NB,sha256:5150a7cae99a092b9795b19c9fa1622f0ed1c1bcdd7f34613c0c4a09c0930d4b,5150a7cae99a092b9795b19c9fa1622f0ed1c1bcdd7f34613c0c4a09c0930d4b,6ed90f3da2b3ff1a7964a7eb2d6b99064c1b320441e3047c1ebb6a2b1d24cc10,2026-07-14,2026-07-14T02:10:14.255342+00:00,"사용상의주의사항 PDF p.3, 문단 17","가. 장기복용하는 경우 정기적인 임상검사(요검사, 혈액검사, 간기능검사 등)를 받고 이상이 있을 경우",false,,,,false,,,,,pancol_a_continuous_use,scope_only_no_structured_binding,허가된 연속 복용 기간을 넘었을 수 있습니다.,증상이 지속되면 추가 복용 대신 약사 또는 의사와 상담하세요.,src/lib/otc/engine.ts:991,,,provisional,inactive_candidate,machine_candidate_not_shortlisted,included,,true,text:OTC-V51-TEXT-10f2a764f698d034,false,,true,OTC-V51-TEXT-10f2a764f698d034,,,
SAFE-OTC-04-NB-P3-B22-maximum_duration,OTC-V51-EU-cd0604644f82d85b,OTC-RULE-015,maximum_duration,draft,caution,SAFE-OTC-04,202200525,MFDS-202200525,어린이타이레놀현탁액(아세트아미노펜),ING-acetaminophen,아세트아미노펜,product_authorized_ingredient_set_not_excerpt_attribution,NB,MFDS-NEDRUG-DETAIL,https://nedrug.mfds.go.kr/dsie/pdf/drb/202200525/NB,sha256:5150a7cae99a092b9795b19c9fa1622f0ed1c1bcdd7f34613c0c4a09c0930d4b,5150a7cae99a092b9795b19c9fa1622f0ed1c1bcdd7f34613c0c4a09c0930d4b,6ed90f3da2b3ff1a7964a7eb2d6b99064c1b320441e3047c1ebb6a2b1d24cc10,2026-07-14,2026-07-14T02:10:14.255342+00:00,"사용상의주의사항 PDF p.3, 문단 22",나. 원칙적으로 동일한 약물의 장기복용은 피한다.,false,,,,false,,,,,pancol_a_continuous_use,scope_only_no_structured_binding,허가된 연속 복용 기간을 넘었을 수 있습니다.,증상이 지속되면 추가 복용 대신 약사 또는 의사와 상담하세요.,src/lib/otc/engine.ts:991,,,provisional,inactive_candidate,machine_candidate_not_shortlisted,included,,true,text:OTC-V51-TEXT-3426caf5e029b3c4,false,,true,OTC-V51-TEXT-3426caf5e029b3c4,,,
SAFE-OTC-04-NB-P3-B24-age_restriction,OTC-V51-EU-765d2bff2bfa2615,OTC-RULE-005,age_restriction,released,high,SAFE-OTC-04,202200525,MFDS-202200525,어린이타이레놀현탁액(아세트아미노펜),ING-acetaminophen,아세트아미노펜,product_authorized_ingredient_set_not_excerpt_attribution,NB,MFDS-NEDRUG-DETAIL,https://nedrug.mfds.go.kr/dsie/pdf/drb/202200525/NB,sha256:5150a7cae99a092b9795b19c9fa1622f0ed1c1bcdd7f34613c0c4a09c0930d4b,5150a7cae99a092b9795b19c9fa1622f0ed1c1bcdd7f34613c0c4a09c0930d4b,6ed90f3da2b3ff1a7964a7eb2d6b99064c1b320441e3047c1ebb6a2b1d24cc10,2026-07-14,2026-07-14T02:10:14.255342+00:00,"사용상의주의사항 PDF p.3, 문단 24","(5) 소아 및 고령자(노인)는 최소 필요량을 복용하고 이상반응에 유의한다. 과도한 체온강하, 허탈, 사지냉",false,,,,false,,,,,tylenol500_minimum_age_12,item_sequence=202106092|minimum_age_years=12,입력한 연령에 적용되는 제한 또는 별도 용량 기준이 있습니다.,소아·고령자 용법을 제품 허가사항과 전문가에게 확인하세요.,src/lib/otc/engine.ts:971,,,provisional,inactive_candidate,machine_candidate_not_shortlisted,included,,true,text:OTC-V51-TEXT-4c7337a869e2584a,false,,true,OTC-V51-TEXT-4c7337a869e2584a,,,
SAFE-OTC-04-NB-P3-B25-age_restriction,OTC-V51-EU-a8246b21fa38ef37,OTC-RULE-005,age_restriction,released,high,SAFE-OTC-04,202200525,MFDS-202200525,어린이타이레놀현탁액(아세트아미노펜),ING-acetaminophen,아세트아미노펜,product_authorized_ingredient_set_not_excerpt_attribution,NB,MFDS-NEDRUG-DETAIL,https://nedrug.mfds.go.kr/dsie/pdf/drb/202200525/NB,sha256:5150a7cae99a092b9795b19c9fa1622f0ed1c1bcdd7f34613c0c4a09c0930d4b,5150a7cae99a092b9795b19c9fa1622f0ed1c1bcdd7f34613c0c4a09c0930d4b,6ed90f3da2b3ff1a7964a7eb2d6b99064c1b320441e3047c1ebb6a2b1d24cc10,2026-07-14,2026-07-14T02:10:14.255342+00:00,"사용상의주의사항 PDF p.3, 문단 25","각 등이 나타날 수 있으므로 특히 고열을 수반하는 소아 및 고령자(노인) 또는 소모성 질환 환자의 경우, 복",false,,,,false,,,,,tylenol500_minimum_age_12,item_sequence=202106092|minimum_age_years=12,입력한 연령에 적용되는 제한 또는 별도 용량 기준이 있습니다.,소아·고령자 용법을 제품 허가사항과 전문가에게 확인하세요.,src/lib/otc/engine.ts:971,,,provisional,inactive_candidate,machine_candidate_not_shortlisted,included,,true,text:OTC-V51-TEXT-da7ae5e06f37ca34,false,,true,OTC-V51-TEXT-da7ae5e06f37ca34,,,
SAFE-OTC-04-NB-P4-B2-age_restriction,OTC-V51-EU-2b2d3eb0789dd93f,OTC-RULE-005,age_restriction,released,high,SAFE-OTC-04,202200525,MFDS-202200525,어린이타이레놀현탁액(아세트아미노펜),ING-acetaminophen,아세트아미노펜,product_authorized_ingredient_set_not_excerpt_attribution,NB,MFDS-NEDRUG-DETAIL,https://nedrug.mfds.go.kr/dsie/pdf/drb/202200525/NB,sha256:5150a7cae99a092b9795b19c9fa1622f0ed1c1bcdd7f34613c0c4a09c0930d4b,5150a7cae99a092b9795b19c9fa1622f0ed1c1bcdd7f34613c0c4a09c0930d4b,9bcf71216170213771a5d777764fbd9dda2ee35ddf238e56b1f4e469c0ea4a61,2026-07-14,2026-07-14T02:10:14.255342+00:00,"사용상의주의사항 PDF p.4, 문단 2",(7) 의사 또는 약사의 지시없이 통증에 10일 이상(성인)또는 5일 이상(소아) 복용하지 않고 발열에 3일 이,false,,,,false,,,,,tylenol500_minimum_age_12,item_sequence=202106092|minimum_age_years=12,입력한 연령에 적용되는 제한 또는 별도 용량 기준이 있습니다.,소아·고령자 용법을 제품 허가사항과 전문가에게 확인하세요.,src/lib/otc/engine.ts:971,,,provisional,inactive_candidate,machine_candidate_not_shortlisted,included,,true,text:OTC-V51-TEXT-5adaa0caf8728c6b,false,,true,OTC-V51-TEXT-5adaa0caf8728c6b,,,
SAFE-OTC-04-NB-P4-B5-decongestant_hypertension,OTC-V51-EU-50de1463d93419d3,OTC-RULE-014,decongestant_hypertension,released,high,SAFE-OTC-04,202200525,MFDS-202200525,어린이타이레놀현탁액(아세트아미노펜),ING-acetaminophen,아세트아미노펜,product_authorized_ingredient_set_not_excerpt_attribution,NB,MFDS-NEDRUG-DETAIL,https://nedrug.mfds.go.kr/dsie/pdf/drb/202200525/NB,sha256:5150a7cae99a092b9795b19c9fa1622f0ed1c1bcdd7f34613c0c4a09c0930d4b,5150a7cae99a092b9795b19c9fa1622f0ed1c1bcdd7f34613c0c4a09c0930d4b,9bcf71216170213771a5d777764fbd9dda2ee35ddf238e56b1f4e469c0ea4a61,2026-07-14,2026-07-14T02:10:14.255342+00:00,"사용상의주의사항 PDF p.4, 문단 5",(8) 고혈압 환자의 경우 의사 또는 약사의 지시가 없는 한 상기 명시된 기간보다 더 길게 이 약을 복용하지,false,,,,false,,,,,pancol_a_phenylephrine_hypertension,item_sequence=196800036|flags=decongestant_hypertension,고혈압 또는 심혈관질환에서 비충혈제거제 주의가 필요할 수 있습니다.,복용 전 의사 또는 약사와 상담하세요.,src/lib/otc/engine.ts:1051,,,provisional,inactive_candidate,machine_candidate_not_shortlisted,included,,true,text:OTC-V51-TEXT-3db2c7a318f9cc15,false,,true,OTC-V51-TEXT-3db2c7a318f9cc15,,,
SAFE-OTC-04-UD-P1-B2-age_restriction,OTC-V51-EU-a2dc27284d2b14d4,OTC-RULE-005,age_restriction,released,high,SAFE-OTC-04,202200525,MFDS-202200525,어린이타이레놀현탁액(아세트아미노펜),ING-acetaminophen,아세트아미노펜,product_authorized_ingredient_set_not_excerpt_attribution,UD,MFDS-NEDRUG-DETAIL,https://nedrug.mfds.go.kr/dsie/pdf/drb/202200525/UD,sha256:c1cc41edcfa122cf1d0f48546e702504e04a18fe11560d752e789b34dd354300,c1cc41edcfa122cf1d0f48546e702504e04a18fe11560d752e789b34dd354300,ba961bfed3afff01fa99abaa62eb628ad3789de9f9a1802b7995c233bb1ef4c5,2026-07-14,2026-07-14T02:10:14.255342+00:00,"용법용량 PDF p.1, 문단 2",만 12세 이하의 소아:,false,,,,false,,,,,tylenol500_minimum_age_12,item_sequence=202106092|minimum_age_years=12,입력한 연령에 적용되는 제한 또는 별도 용량 기준이 있습니다.,소아·고령자 용법을 제품 허가사항과 전문가에게 확인하세요.,src/lib/otc/engine.ts:971,,,provisional,inactive_candidate,machine_candidate_not_shortlisted,included,,false,,false,,false,,,,
SAFE-OTC-04-UD-P1-B3-minimum_interval,OTC-V51-EU-e8118938ac57d287,OTC-RULE-004,minimum_interval,released,high,SAFE-OTC-04,202200525,MFDS-202200525,어린이타이레놀현탁액(아세트아미노펜),ING-acetaminophen,아세트아미노펜,product_authorized_ingredient_set_not_excerpt_attribution,UD,MFDS-NEDRUG-DETAIL,https://nedrug.mfds.go.kr/dsie/pdf/drb/202200525/UD,sha256:c1cc41edcfa122cf1d0f48546e702504e04a18fe11560d752e789b34dd354300,c1cc41edcfa122cf1d0f48546e702504e04a18fe11560d752e789b34dd354300,ba961bfed3afff01fa99abaa62eb628ad3789de9f9a1802b7995c233bb1ef4c5,2026-07-14,2026-07-14T02:10:14.255342+00:00,"용법용량 PDF p.1, 문단 3",다음 1회 권장용량을 4-6시간 마다 필요시 복용한다.,false,,"용법용량 PDF p.1, 문단 3",다음 1회 권장용량을 4-6시간 마다 필요시 복용한다.,false,,,,,tylenol500_age_12_plus,item_sequence=202106092|ingredient_id=ING-acetaminophen|minimum_interval_hours=4,이전 복용 후 확인된 최소 간격이 지나지 않았습니다.,다음 복용 시점을 약사 또는 의사에게 확인하세요.,src/lib/otc/engine.ts:69,3,alternative_context,needs_expert_review,inactive_candidate,shortlisted_context_not_expert_verified,included,,false,,false,,false,,,,
SAFE-OTC-05-NB-P1-B10-decongestant_hypertension,OTC-V51-EU-c766757af6334ae3,OTC-RULE-014,decongestant_hypertension,released,high,SAFE-OTC-05,198601920,MFDS-198601920,어린이부루펜시럽(이부프로펜),ING-ibuprofen,이부프로펜,product_authorized_ingredient_set_not_excerpt_attribution,NB,MFDS-NEDRUG-DETAIL,https://nedrug.mfds.go.kr/dsie/pdf/drb/198601920/NB,sha256:56a65a632347d0b38b6b0707e872564af4c139683559beafa0f66c99bea322ba,56a65a632347d0b38b6b0707e872564af4c139683559beafa0f66c99bea322ba,f6deaa453e8f185136bb7ab9bcbc0659fbaf5cbeddb2e83d9176c18184a64e38,2026-07-14,2026-07-14T02:10:14.255342+00:00,"사용상의주의사항 PDF p.1, 문단 10","조절되지 않는 고혈압, 울혈심부전증(NYHA II-III), 확립된 허혈성 심장질환, 말초동맥질환, 뇌혈관질환을 가",false,,,,false,,,,,pancol_a_phenylephrine_hypertension,item_sequence=196800036|flags=decongestant_hypertension,고혈압 또는 심혈관질환에서 비충혈제거제 주의가 필요할 수 있습니다.,복용 전 의사 또는 약사와 상담하세요.,src/lib/otc/engine.ts:1051,,,provisional,inactive_candidate,machine_candidate_not_shortlisted,included,,true,text:OTC-V51-TEXT-edc7dea5461e60fb,false,,true,OTC-V51-TEXT-edc7dea5461e60fb,,,
SAFE-OTC-05-NB-P1-B12-decongestant_hypertension,OTC-V51-EU-4bce104a73838235,OTC-RULE-014,decongestant_hypertension,released,high,SAFE-OTC-05,198601920,MFDS-198601920,어린이부루펜시럽(이부프로펜),ING-ibuprofen,이부프로펜,product_authorized_ingredient_set_not_excerpt_attribution,NB,MFDS-NEDRUG-DETAIL,https://nedrug.mfds.go.kr/dsie/pdf/drb/198601920/NB,sha256:56a65a632347d0b38b6b0707e872564af4c139683559beafa0f66c99bea322ba,56a65a632347d0b38b6b0707e872564af4c139683559beafa0f66c99bea322ba,f6deaa453e8f185136bb7ab9bcbc0659fbaf5cbeddb2e83d9176c18184a64e38,2026-07-14,2026-07-14T02:10:14.255342+00:00,"사용상의주의사항 PDF p.1, 문단 12","야 한다. 또한 심혈관계 위험 요소(예. 고혈압, 고지혈증, 당뇨병, 흡연)를 가지고 있는 환자가 고용량 이부프",false,,,,false,,,,,pancol_a_phenylephrine_hypertension,item_sequence=196800036|flags=decongestant_hypertension,고혈압 또는 심혈관질환에서 비충혈제거제 주의가 필요할 수 있습니다.,복용 전 의사 또는 약사와 상담하세요.,src/lib/otc/engine.ts:1051,,,provisional,inactive_candidate,machine_candidate_not_shortlisted,included,,false,,false,,false,,,,
SAFE-OTC-05-NB-P1-B17-gi_bleeding_ulcer,OTC-V51-EU-6947c5246a46fc36,OTC-RULE-009,gi_bleeding_ulcer,released,high,SAFE-OTC-05,198601920,MFDS-198601920,어린이부루펜시럽(이부프로펜),ING-ibuprofen,이부프로펜,product_authorized_ingredient_set_not_excerpt_attribution,NB,MFDS-NEDRUG-DETAIL,https://nedrug.mfds.go.kr/dsie/pdf/drb/198601920/NB,sha256:56a65a632347d0b38b6b0707e872564af4c139683559beafa0f66c99bea322ba,56a65a632347d0b38b6b0707e872564af4c139683559beafa0f66c99bea322ba,f6deaa453e8f185136bb7ab9bcbc0659fbaf5cbeddb2e83d9176c18184a64e38,2026-07-14,2026-07-14T02:10:14.255342+00:00,"사용상의주의사항 PDF p.1, 문단 17","3) 위장관계 위험: 이 약을 포함한 비스테로이드성 소염진통제 복용 시 위장관의 출혈, 궤양 및 천공(뚫림) 등 치명적일 수 있는 중대한 위장관계 이상반응이 나타날 수 있다.",true,PDF 시각 줄바꿈으로 나뉜 연속 문장 복원,"사용상의주의사항 PDF p.1, 문단 17","3) 위장관계 위험: 이 약을 포함한 비스테로이드성 소염진통제 복용 시 위장관의 출혈, 궤양 및 천공(뚫림) 등 치명적일 수 있는 중대한 위장관계 이상반응이 나타날 수 있다.",false,"사용상의주의사항 PDF p.1, 문단 17","3) 위장관계 위험: 이 약을 포함한 비스테로이드성 소염진통제 복용 시 위장관의 출혈, 궤양 및 천공(뚫림) 등 치명적일 수 있는 중대한 위장관계 이상반응이 나타날 수 있다.","사용상의주의사항 PDF p.1, 문단 17","3) 위장관계 위험: 이 약을 포함한 비스테로이드성 소염진통제 복용 시 위장관의 출혈, 궤양 및 천공(뚫림) 등 치명적일 수 있는 중대한 위장관계 이상반응이 나타날 수 있다.",ibuprofen_gi_bleeding_or_ulcer,item_sequence=198601920|flags=gi_bleeding_ulcer,위장관 출혈 또는 궤양 위험과 관련된 제품이 포함되어 있습니다.,복용 전 의사 또는 약사와 상담하세요.,src/lib/otc/engine.ts:1030,1,recommended_primary,verified_primary,active_existing_released_primary_evidence,expert_primary_released,included,,false,,false,,false,,EXT-PHARM-001,pharmacist_expert,2026-07-14T06:44:02.643Z
SAFE-OTC-05-NB-P1-B19-age_restriction,OTC-V51-EU-36ddbcb5d431dcc8,OTC-RULE-005,age_restriction,released,high,SAFE-OTC-05,198601920,MFDS-198601920,어린이부루펜시럽(이부프로펜),ING-ibuprofen,이부프로펜,product_authorized_ingredient_set_not_excerpt_attribution,NB,MFDS-NEDRUG-DETAIL,https://nedrug.mfds.go.kr/dsie/pdf/drb/198601920/NB,sha256:56a65a632347d0b38b6b0707e872564af4c139683559beafa0f66c99bea322ba,56a65a632347d0b38b6b0707e872564af4c139683559beafa0f66c99bea322ba,f6deaa453e8f185136bb7ab9bcbc0659fbaf5cbeddb2e83d9176c18184a64e38,2026-07-14,2026-07-14T02:10:14.255342+00:00,"사용상의주의사항 PDF p.1, 문단 19",상 없이 발생할 수 있다. 고령자(노인)이거나 이 약을 장기복용한 환자일수록 위장관계 이상반응 발생가능성,false,,,,false,,,,,tylenol500_minimum_age_12,item_sequence=202106092|minimum_age_years=12,입력한 연령에 적용되는 제한 또는 별도 용량 기준이 있습니다.,소아·고령자 용법을 제품 허가사항과 전문가에게 확인하세요.,src/lib/otc/engine.ts:971,,,provisional,inactive_candidate,machine_candidate_not_shortlisted,included,,true,location:OTC-V51-EU-36ddbcb5d431dcc8,true,OTC-V51-EU-36ddbcb5d431dcc8,false,,,,
SAFE-OTC-05-NB-P1-B19-maximum_duration,OTC-V51-EU-36ddbcb5d431dcc8,OTC-RULE-015,maximum_duration,draft,caution,SAFE-OTC-05,198601920,MFDS-198601920,어린이부루펜시럽(이부프로펜),ING-ibuprofen,이부프로펜,product_authorized_ingredient_set_not_excerpt_attribution,NB,MFDS-NEDRUG-DETAIL,https://nedrug.mfds.go.kr/dsie/pdf/drb/198601920/NB,sha256:56a65a632347d0b38b6b0707e872564af4c139683559beafa0f66c99bea322ba,56a65a632347d0b38b6b0707e872564af4c139683559beafa0f66c99bea322ba,f6deaa453e8f185136bb7ab9bcbc0659fbaf5cbeddb2e83d9176c18184a64e38,2026-07-14,2026-07-14T02:10:14.255342+00:00,"사용상의주의사항 PDF p.1, 문단 19",상 없이 발생할 수 있다. 고령자(노인)이거나 이 약을 장기복용한 환자일수록 위장관계 이상반응 발생가능성,false,,,,false,,,,,pancol_a_continuous_use,scope_only_no_structured_binding,허가된 연속 복용 기간을 넘었을 수 있습니다.,증상이 지속되면 추가 복용 대신 약사 또는 의사와 상담하세요.,src/lib/otc/engine.ts:991,,,provisional,inactive_candidate,machine_candidate_not_shortlisted,included,,true,location:OTC-V51-EU-36ddbcb5d431dcc8,true,OTC-V51-EU-36ddbcb5d431dcc8,false,,,,
SAFE-OTC-05-NB-P1-B24-gi_bleeding_ulcer,OTC-V51-EU-2580efda3ff18cfd,OTC-RULE-009,gi_bleeding_ulcer,released,high,SAFE-OTC-05,198601920,MFDS-198601920,어린이부루펜시럽(이부프로펜),ING-ibuprofen,이부프로펜,product_authorized_ingredient_set_not_excerpt_attribution,NB,MFDS-NEDRUG-DETAIL,https://nedrug.mfds.go.kr/dsie/pdf/drb/198601920/NB,sha256:56a65a632347d0b38b6b0707e872564af4c139683559beafa0f66c99bea322ba,56a65a632347d0b38b6b0707e872564af4c139683559beafa0f66c99bea322ba,f6deaa453e8f185136bb7ab9bcbc0659fbaf5cbeddb2e83d9176c18184a64e38,2026-07-14,2026-07-14T02:10:14.255342+00:00,"사용상의주의사항 PDF p.1, 문단 24","1) 위장관 궤양, 위장관 출혈환자 또는 그 병력이 있는 환자",false,,,,false,,,,,ibuprofen_gi_bleeding_or_ulcer,item_sequence=198601920|flags=gi_bleeding_ulcer,위장관 출혈 또는 궤양 위험과 관련된 제품이 포함되어 있습니다.,복용 전 의사 또는 약사와 상담하세요.,src/lib/otc/engine.ts:1030,,,provisional,inactive_candidate,machine_candidate_not_shortlisted,included,,false,,false,,false,,,,
SAFE-OTC-05-NB-P1-B26-hepatic_disease,OTC-V51-EU-f397732300946809,OTC-RULE-007,hepatic_disease,released,high,SAFE-OTC-05,198601920,MFDS-198601920,어린이부루펜시럽(이부프로펜),ING-ibuprofen,이부프로펜,product_authorized_ingredient_set_not_excerpt_attribution,NB,MFDS-NEDRUG-DETAIL,https://nedrug.mfds.go.kr/dsie/pdf/drb/198601920/NB,sha256:56a65a632347d0b38b6b0707e872564af4c139683559beafa0f66c99bea322ba,56a65a632347d0b38b6b0707e872564af4c139683559beafa0f66c99bea322ba,f6deaa453e8f185136bb7ab9bcbc0659fbaf5cbeddb2e83d9176c18184a64e38,2026-07-14,2026-07-14T02:10:14.255342+00:00,"사용상의주의사항 PDF p.1, 문단 26",3) 심한 간장애 환자,false,,,,false,,,,,acetaminophen_liver_disease,item_sequence=202106092|ingredient_id=ING-acetaminophen|flags=hepatic_disease,간질환과 관련해 주의가 필요한 제품이 포함되어 있습니다.,복용 전 의사 또는 약사와 상담하세요.,src/lib/otc/engine.ts:1016,,,provisional,inactive_candidate,machine_candidate_not_shortlisted,included,,true,text:OTC-V51-TEXT-663860aa9bc97155,false,,true,OTC-V51-TEXT-663860aa9bc97155,,,
SAFE-OTC-05-NB-P1-B27-renal_disease,OTC-V51-EU-e3382fb074c94a7b,OTC-RULE-008,renal_disease,released,high,SAFE-OTC-05,198601920,MFDS-198601920,어린이부루펜시럽(이부프로펜),ING-ibuprofen,이부프로펜,product_authorized_ingredient_set_not_excerpt_attribution,NB,MFDS-NEDRUG-DETAIL,https://nedrug.mfds.go.kr/dsie/pdf/drb/198601920/NB,sha256:56a65a632347d0b38b6b0707e872564af4c139683559beafa0f66c99bea322ba,56a65a632347d0b38b6b0707e872564af4c139683559beafa0f66c99bea322ba,f6deaa453e8f185136bb7ab9bcbc0659fbaf5cbeddb2e83d9176c18184a64e38,2026-07-14,2026-07-14T02:10:14.255342+00:00,"사용상의주의사항 PDF p.1, 문단 27",4) 심한 신장장애 환자,false,,,,false,,,,,ibuprofen_kidney_disease,item_sequence=198601920|flags=renal_disease,신장질환과 관련해 주의가 필요한 제품이 포함되어 있습니다.,복용 전 의사 또는 약사와 상담하세요.,src/lib/otc/engine.ts:1023,,,provisional,inactive_candidate,machine_candidate_not_shortlisted,included,,true,text:OTC-V51-TEXT-aae1e4d37e708622,false,,true,OTC-V51-TEXT-aae1e4d37e708622,,,
SAFE-OTC-05-NB-P1-B3-alcohol,OTC-V51-EU-51b01b0ded56355a,OTC-RULE-011,alcohol,released,high,SAFE-OTC-05,198601920,MFDS-198601920,어린이부루펜시럽(이부프로펜),ING-ibuprofen,이부프로펜,product_authorized_ingredient_set_not_excerpt_attribution,NB,MFDS-NEDRUG-DETAIL,https://nedrug.mfds.go.kr/dsie/pdf/drb/198601920/NB,sha256:56a65a632347d0b38b6b0707e872564af4c139683559beafa0f66c99bea322ba,56a65a632347d0b38b6b0707e872564af4c139683559beafa0f66c99bea322ba,f6deaa453e8f185136bb7ab9bcbc0659fbaf5cbeddb2e83d9176c18184a64e38,2026-07-14,2026-07-14T02:10:14.255342+00:00,"사용상의주의사항 PDF p.1, 문단 3",1) 매일 세잔 이상 정기적으로 술을 마시는 사람이 이 약이나 다른 해열진통제를 복용해야 할 경우 반드시 의,false,,,,false,,,,,acetaminophen_regular_alcohol_use,item_sequence=202106092|ingredient_id=ING-acetaminophen|flags=alcohol,음주와 함께 복용할 때 주의가 필요한 제품이 포함되어 있습니다.,음주 중 복용 전 약사 또는 의사와 상담하세요.,src/lib/otc/engine.ts:1044,,,provisional,inactive_candidate,machine_candidate_not_shortlisted,included,,true,location:OTC-V51-EU-51b01b0ded56355a;text:OTC-V51-TEXT-376e19a8d2c6c54d,true,OTC-V51-EU-51b01b0ded56355a,true,OTC-V51-TEXT-376e19a8d2c6c54d,,,
SAFE-OTC-05-NB-P1-B3-duplicate_pharmacologic_class,OTC-V51-EU-51b01b0ded56355a,OTC-RULE-002,duplicate_pharmacologic_class,released,high,SAFE-OTC-05,198601920,MFDS-198601920,어린이부루펜시럽(이부프로펜),ING-ibuprofen,이부프로펜,product_authorized_ingredient_set_not_excerpt_attribution,NB,MFDS-NEDRUG-DETAIL,https://nedrug.mfds.go.kr/dsie/pdf/drb/198601920/NB,sha256:56a65a632347d0b38b6b0707e872564af4c139683559beafa0f66c99bea322ba,56a65a632347d0b38b6b0707e872564af4c139683559beafa0f66c99bea322ba,f6deaa453e8f185136bb7ab9bcbc0659fbaf5cbeddb2e83d9176c18184a64e38,2026-07-14,2026-07-14T02:10:14.255342+00:00,"사용상의주의사항 PDF p.1, 문단 3",1) 매일 세잔 이상 정기적으로 술을 마시는 사람이 이 약이나 다른 해열진통제를 복용해야 할 경우 반드시 의,false,,,,false,,,,,ibuprofen_and_other_NSAIDs,scope_only_no_structured_binding,같은 NSAID 계열 성분을 함께 복용할 수 있습니다.,함께 복용하지 말고 복용 전 약사 또는 의사와 상담하세요.,src/lib/otc/engine.ts:759,,,provisional,inactive_candidate,machine_candidate_not_shortlisted,included,,true,location:OTC-V51-EU-51b01b0ded56355a;text:OTC-V51-TEXT-376e19a8d2c6c54d,true,OTC-V51-EU-51b01b0ded56355a,true,OTC-V51-TEXT-376e19a8d2c6c54d,,,
SAFE-OTC-05-NB-P1-B4-gi_bleeding_ulcer,OTC-V51-EU-be229613f5804931,OTC-RULE-009,gi_bleeding_ulcer,released,high,SAFE-OTC-05,198601920,MFDS-198601920,어린이부루펜시럽(이부프로펜),ING-ibuprofen,이부프로펜,product_authorized_ingredient_set_not_excerpt_attribution,NB,MFDS-NEDRUG-DETAIL,https://nedrug.mfds.go.kr/dsie/pdf/drb/198601920/NB,sha256:56a65a632347d0b38b6b0707e872564af4c139683559beafa0f66c99bea322ba,56a65a632347d0b38b6b0707e872564af4c139683559beafa0f66c99bea322ba,f6deaa453e8f185136bb7ab9bcbc0659fbaf5cbeddb2e83d9176c18184a64e38,2026-07-14,2026-07-14T02:10:14.255342+00:00,"사용상의주의사항 PDF p.1, 문단 4",사 또는 약사와 상의해야 한다. 이러한 사람이 이 약을 복용하면 위장출혈이 유발될 수 있다.,false,,,,false,,,,,ibuprofen_gi_bleeding_or_ulcer,item_sequence=198601920|flags=gi_bleeding_ulcer,위장관 출혈 또는 궤양 위험과 관련된 제품이 포함되어 있습니다.,복용 전 의사 또는 약사와 상담하세요.,src/lib/otc/engine.ts:1030,,,provisional,inactive_candidate,machine_candidate_not_shortlisted,included,,true,text:OTC-V51-TEXT-c339e9a702b3d921,false,,true,OTC-V51-TEXT-c339e9a702b3d921,,,
SAFE-OTC-05-NB-P1-B5-decongestant_hypertension,OTC-V51-EU-eb9f857b55193ab3,OTC-RULE-014,decongestant_hypertension,released,high,SAFE-OTC-05,198601920,MFDS-198601920,어린이부루펜시럽(이부프로펜),ING-ibuprofen,이부프로펜,product_authorized_ingredient_set_not_excerpt_attribution,NB,MFDS-NEDRUG-DETAIL,https://nedrug.mfds.go.kr/dsie/pdf/drb/198601920/NB,sha256:56a65a632347d0b38b6b0707e872564af4c139683559beafa0f66c99bea322ba,56a65a632347d0b38b6b0707e872564af4c139683559beafa0f66c99bea322ba,f6deaa453e8f185136bb7ab9bcbc0659fbaf5cbeddb2e83d9176c18184a64e38,2026-07-14,2026-07-14T02:10:14.255342+00:00,"사용상의주의사항 PDF p.1, 문단 5",2) 심혈관계 위험: 이 약을 포함한 비스테로이드성 소염진통제 복용 시 치명적일 수 있는 중대한 심혈관계 혈,false,,,,false,,,,,pancol_a_phenylephrine_hypertension,item_sequence=196800036|flags=decongestant_hypertension,고혈압 또는 심혈관질환에서 비충혈제거제 주의가 필요할 수 있습니다.,복용 전 의사 또는 약사와 상담하세요.,src/lib/otc/engine.ts:1051,,,provisional,inactive_candidate,machine_candidate_not_shortlisted,included,,false,,false,,false,,,,
SAFE-OTC-05-NB-P1-B6-decongestant_hypertension,OTC-V51-EU-43fa19fc5d41b493,OTC-RULE-014,decongestant_hypertension,released,high,SAFE-OTC-05,198601920,MFDS-198601920,어린이부루펜시럽(이부프로펜),ING-ibuprofen,이부프로펜,product_authorized_ingredient_set_not_excerpt_attribution,NB,MFDS-NEDRUG-DETAIL,https://nedrug.mfds.go.kr/dsie/pdf/drb/198601920/NB,sha256:56a65a632347d0b38b6b0707e872564af4c139683559beafa0f66c99bea322ba,56a65a632347d0b38b6b0707e872564af4c139683559beafa0f66c99bea322ba,f6deaa453e8f185136bb7ab9bcbc0659fbaf5cbeddb2e83d9176c18184a64e38,2026-07-14,2026-07-14T02:10:14.255342+00:00,"사용상의주의사항 PDF p.1, 문단 6","전 반응, 심근경색증 및 뇌졸중의 위험이 증가한다. 심혈관계 질환 또는 심혈관계 질환의 위험 인자가 있는 환",false,,,,false,,,,,pancol_a_phenylephrine_hypertension,item_sequence=196800036|flags=decongestant_hypertension,고혈압 또는 심혈관질환에서 비충혈제거제 주의가 필요할 수 있습니다.,복용 전 의사 또는 약사와 상담하세요.,src/lib/otc/engine.ts:1051,,,provisional,inactive_candidate,machine_candidate_not_shortlisted,included,,false,,false,,false,,,,
SAFE-OTC-05-NB-P1-B7-decongestant_hypertension,OTC-V51-EU-8c725fb1b58150e8,OTC-RULE-014,decongestant_hypertension,released,high,SAFE-OTC-05,198601920,MFDS-198601920,어린이부루펜시럽(이부프로펜),ING-ibuprofen,이부프로펜,product_authorized_ingredient_set_not_excerpt_attribution,NB,MFDS-NEDRUG-DETAIL,https://nedrug.mfds.go.kr/dsie/pdf/drb/198601920/NB,sha256:56a65a632347d0b38b6b0707e872564af4c139683559beafa0f66c99bea322ba,56a65a632347d0b38b6b0707e872564af4c139683559beafa0f66c99bea322ba,f6deaa453e8f185136bb7ab9bcbc0659fbaf5cbeddb2e83d9176c18184a64e38,2026-07-14,2026-07-14T02:10:14.255342+00:00,"사용상의주의사항 PDF p.1, 문단 7",자이거나 이 약을 장기 복용한 환자일수록 심혈관계 이상반응 발생가능성은 증가한다.,false,,,,false,,,,,pancol_a_phenylephrine_hypertension,item_sequence=196800036|flags=decongestant_hypertension,고혈압 또는 심혈관질환에서 비충혈제거제 주의가 필요할 수 있습니다.,복용 전 의사 또는 약사와 상담하세요.,src/lib/otc/engine.ts:1051,,,provisional,inactive_candidate,machine_candidate_not_shortlisted,included,,true,location:OTC-V51-EU-8c725fb1b58150e8,true,OTC-V51-EU-8c725fb1b58150e8,false,,,,
SAFE-OTC-05-NB-P1-B7-maximum_duration,OTC-V51-EU-8c725fb1b58150e8,OTC-RULE-015,maximum_duration,draft,caution,SAFE-OTC-05,198601920,MFDS-198601920,어린이부루펜시럽(이부프로펜),ING-ibuprofen,이부프로펜,product_authorized_ingredient_set_not_excerpt_attribution,NB,MFDS-NEDRUG-DETAIL,https://nedrug.mfds.go.kr/dsie/pdf/drb/198601920/NB,sha256:56a65a632347d0b38b6b0707e872564af4c139683559beafa0f66c99bea322ba,56a65a632347d0b38b6b0707e872564af4c139683559beafa0f66c99bea322ba,f6deaa453e8f185136bb7ab9bcbc0659fbaf5cbeddb2e83d9176c18184a64e38,2026-07-14,2026-07-14T02:10:14.255342+00:00,"사용상의주의사항 PDF p.1, 문단 7",자이거나 이 약을 장기 복용한 환자일수록 심혈관계 이상반응 발생가능성은 증가한다.,false,,,,false,,,,,pancol_a_continuous_use,scope_only_no_structured_binding,허가된 연속 복용 기간을 넘었을 수 있습니다.,증상이 지속되면 추가 복용 대신 약사 또는 의사와 상담하세요.,src/lib/otc/engine.ts:991,,,provisional,inactive_candidate,machine_candidate_not_shortlisted,included,,true,location:OTC-V51-EU-8c725fb1b58150e8,true,OTC-V51-EU-8c725fb1b58150e8,false,,,,
SAFE-OTC-05-NB-P2-B1-renal_disease,OTC-V51-EU-94134c9801da30df,OTC-RULE-008,renal_disease,released,high,SAFE-OTC-05,198601920,MFDS-198601920,어린이부루펜시럽(이부프로펜),ING-ibuprofen,이부프로펜,product_authorized_ingredient_set_not_excerpt_attribution,NB,MFDS-NEDRUG-DETAIL,https://nedrug.mfds.go.kr/dsie/pdf/drb/198601920/NB,sha256:56a65a632347d0b38b6b0707e872564af4c139683559beafa0f66c99bea322ba,56a65a632347d0b38b6b0707e872564af4c139683559beafa0f66c99bea322ba,14615a754fc607e9403a18a9b2412fdd78700445695de73bcefc08c66eb74f1a,2026-07-14,2026-07-14T02:10:14.255342+00:00,"사용상의주의사항 PDF p.2, 문단 1",4) 심한 신장장애 환자,false,,,,false,,,,,ibuprofen_kidney_disease,item_sequence=198601920|flags=renal_disease,신장질환과 관련해 주의가 필요한 제품이 포함되어 있습니다.,복용 전 의사 또는 약사와 상담하세요.,src/lib/otc/engine.ts:1023,,,provisional,inactive_candidate,machine_candidate_not_shortlisted,included,,true,text:OTC-V51-TEXT-aae1e4d37e708622,false,,true,OTC-V51-TEXT-aae1e4d37e708622,,,
SAFE-OTC-05-NB-P2-B17-duplicate_pharmacologic_class,OTC-V51-EU-68ae7400234c3c30,OTC-RULE-002,duplicate_pharmacologic_class,released,high,SAFE-OTC-05,198601920,MFDS-198601920,어린이부루펜시럽(이부프로펜),ING-ibuprofen,이부프로펜,product_authorized_ingredient_set_not_excerpt_attribution,NB,MFDS-NEDRUG-DETAIL,https://nedrug.mfds.go.kr/dsie/pdf/drb/198601920/NB,sha256:56a65a632347d0b38b6b0707e872564af4c139683559beafa0f66c99bea322ba,56a65a632347d0b38b6b0707e872564af4c139683559beafa0f66c99bea322ba,14615a754fc607e9403a18a9b2412fdd78700445695de73bcefc08c66eb74f1a,2026-07-14,2026-07-14T02:10:14.255342+00:00,"사용상의주의사항 PDF p.2, 문단 17",2) 일반적으로 다른 비스테로이드성 소염진통제(NSAIDs)와 함께 복용하지 않는다.,false,,"사용상의주의사항 PDF p.2, 문단 17",2) 일반적으로 다른 비스테로이드성 소염진통제(NSAIDs)와 함께 복용하지 않는다.,false,"사용상의주의사항 PDF p.2, 문단 17",2) 일반적으로 다른 비스테로이드성 소염진통제(NSAIDs)와 함께 복용하지 않는다.,"사용상의주의사항 PDF p.2, 문단 17",2) 일반적으로 다른 비스테로이드성 소염진통제(NSAIDs)와 함께 복용하지 않는다.,ibuprofen_and_other_NSAIDs,scope_only_no_structured_binding,같은 NSAID 계열 성분을 함께 복용할 수 있습니다.,함께 복용하지 말고 복용 전 약사 또는 의사와 상담하세요.,src/lib/otc/engine.ts:759,1,recommended_primary,verified_primary,active_existing_released_primary_evidence,expert_primary_released,included,,false,,false,,false,,EXT-PHARM-001,pharmacist_expert,2026-07-14T06:44:02.643Z
SAFE-OTC-05-NB-P2-B2-decongestant_hypertension,OTC-V51-EU-7e0e0d7ac0a0bf5d,OTC-RULE-014,decongestant_hypertension,released,high,SAFE-OTC-05,198601920,MFDS-198601920,어린이부루펜시럽(이부프로펜),ING-ibuprofen,이부프로펜,product_authorized_ingredient_set_not_excerpt_attribution,NB,MFDS-NEDRUG-DETAIL,https://nedrug.mfds.go.kr/dsie/pdf/drb/198601920/NB,sha256:56a65a632347d0b38b6b0707e872564af4c139683559beafa0f66c99bea322ba,56a65a632347d0b38b6b0707e872564af4c139683559beafa0f66c99bea322ba,14615a754fc607e9403a18a9b2412fdd78700445695de73bcefc08c66eb74f1a,2026-07-14,2026-07-14T02:10:14.255342+00:00,"사용상의주의사항 PDF p.2, 문단 2",5) 심한 심장기능부전 환자,false,,,,false,,,,,pancol_a_phenylephrine_hypertension,item_sequence=196800036|flags=decongestant_hypertension,고혈압 또는 심혈관질환에서 비충혈제거제 주의가 필요할 수 있습니다.,복용 전 의사 또는 약사와 상담하세요.,src/lib/otc/engine.ts:1051,,,provisional,inactive_candidate,machine_candidate_not_shortlisted,included,,false,,false,,false,,,,
SAFE-OTC-05-NB-P2-B20-sedation_driving,OTC-V51-EU-2dc0998bfd262347,OTC-RULE-010,sedation_driving,released,high,SAFE-OTC-05,198601920,MFDS-198601920,어린이부루펜시럽(이부프로펜),ING-ibuprofen,이부프로펜,product_authorized_ingredient_set_not_excerpt_attribution,NB,MFDS-NEDRUG-DETAIL,https://nedrug.mfds.go.kr/dsie/pdf/drb/198601920/NB,sha256:56a65a632347d0b38b6b0707e872564af4c139683559beafa0f66c99bea322ba,56a65a632347d0b38b6b0707e872564af4c139683559beafa0f66c99bea322ba,14615a754fc607e9403a18a9b2412fdd78700445695de73bcefc08c66eb74f1a,2026-07-14,2026-07-14T02:10:14.255342+00:00,"사용상의주의사항 PDF p.2, 문단 20",4) 복용하는 동안 환자의 반응시간에 영향을 미칠 수 있으므로 운전을 할 때나 기계조작 시 주의가 필요하다.,false,,,,false,,,,,pancol_a_driving,item_sequence=196800036|flags=sedation_driving,졸림을 유발해 운전이나 기계 조작에 영향을 줄 수 있습니다.,운전·기계 조작을 피하고 허가사항을 확인하세요.,src/lib/otc/engine.ts:1037,,,provisional,inactive_candidate,machine_candidate_not_shortlisted,included,,false,,false,,false,,,,
SAFE-OTC-05-NB-P2-B21-alcohol,OTC-V51-EU-ef775612b8c92727,OTC-RULE-011,alcohol,released,high,SAFE-OTC-05,198601920,MFDS-198601920,어린이부루펜시럽(이부프로펜),ING-ibuprofen,이부프로펜,product_authorized_ingredient_set_not_excerpt_attribution,NB,MFDS-NEDRUG-DETAIL,https://nedrug.mfds.go.kr/dsie/pdf/drb/198601920/NB,sha256:56a65a632347d0b38b6b0707e872564af4c139683559beafa0f66c99bea322ba,56a65a632347d0b38b6b0707e872564af4c139683559beafa0f66c99bea322ba,14615a754fc607e9403a18a9b2412fdd78700445695de73bcefc08c66eb74f1a,2026-07-14,2026-07-14T02:10:14.255342+00:00,"사용상의주의사항 PDF p.2, 문단 21",알코올과의 병용 시 더 크게 영향을 미칠 수 있다.,false,,,,false,,,,,acetaminophen_regular_alcohol_use,item_sequence=202106092|ingredient_id=ING-acetaminophen|flags=alcohol,음주와 함께 복용할 때 주의가 필요한 제품이 포함되어 있습니다.,음주 중 복용 전 약사 또는 의사와 상담하세요.,src/lib/otc/engine.ts:1044,,,provisional,inactive_candidate,machine_candidate_not_shortlisted,included,,false,,false,,false,,,,
SAFE-OTC-05-NB-P2-B25-hepatic_disease,OTC-V51-EU-9bd5b60c8bd5de03,OTC-RULE-007,hepatic_disease,released,high,SAFE-OTC-05,198601920,MFDS-198601920,어린이부루펜시럽(이부프로펜),ING-ibuprofen,이부프로펜,product_authorized_ingredient_set_not_excerpt_attribution,NB,MFDS-NEDRUG-DETAIL,https://nedrug.mfds.go.kr/dsie/pdf/drb/198601920/NB,sha256:56a65a632347d0b38b6b0707e872564af4c139683559beafa0f66c99bea322ba,56a65a632347d0b38b6b0707e872564af4c139683559beafa0f66c99bea322ba,14615a754fc607e9403a18a9b2412fdd78700445695de73bcefc08c66eb74f1a,2026-07-14,2026-07-14T02:10:14.255342+00:00,"사용상의주의사항 PDF p.2, 문단 25","3) 간경화, 간장애 또는 그 병력이 있는 환자",false,,,,false,,,,,acetaminophen_liver_disease,item_sequence=202106092|ingredient_id=ING-acetaminophen|flags=hepatic_disease,간질환과 관련해 주의가 필요한 제품이 포함되어 있습니다.,복용 전 의사 또는 약사와 상담하세요.,src/lib/otc/engine.ts:1016,,,provisional,inactive_candidate,machine_candidate_not_shortlisted,included,,true,text:OTC-V51-TEXT-6e8b831000f7376c,false,,true,OTC-V51-TEXT-6e8b831000f7376c,,,
SAFE-OTC-05-NB-P2-B3-decongestant_hypertension,OTC-V51-EU-0cb8981ac5bd46da,OTC-RULE-014,decongestant_hypertension,released,high,SAFE-OTC-05,198601920,MFDS-198601920,어린이부루펜시럽(이부프로펜),ING-ibuprofen,이부프로펜,product_authorized_ingredient_set_not_excerpt_attribution,NB,MFDS-NEDRUG-DETAIL,https://nedrug.mfds.go.kr/dsie/pdf/drb/198601920/NB,sha256:56a65a632347d0b38b6b0707e872564af4c139683559beafa0f66c99bea322ba,56a65a632347d0b38b6b0707e872564af4c139683559beafa0f66c99bea322ba,14615a754fc607e9403a18a9b2412fdd78700445695de73bcefc08c66eb74f1a,2026-07-14,2026-07-14T02:10:14.255342+00:00,"사용상의주의사항 PDF p.2, 문단 3",6) 심한 고혈압 환자,false,,,,false,,,,,pancol_a_phenylephrine_hypertension,item_sequence=196800036|flags=decongestant_hypertension,고혈압 또는 심혈관질환에서 비충혈제거제 주의가 필요할 수 있습니다.,복용 전 의사 또는 약사와 상담하세요.,src/lib/otc/engine.ts:1051,,,provisional,inactive_candidate,machine_candidate_not_shortlisted,included,,true,text:OTC-V51-TEXT-26ff3eb28aa410fb,false,,true,OTC-V51-TEXT-26ff3eb28aa410fb,,,
SAFE-OTC-05-NB-P2-B9-pregnancy_lactation,OTC-V51-EU-9c34f5ff6bc9e33a,OTC-RULE-006,pregnancy_lactation,released,high,SAFE-OTC-05,198601920,MFDS-198601920,어린이부루펜시럽(이부프로펜),ING-ibuprofen,이부프로펜,product_authorized_ingredient_set_not_excerpt_attribution,NB,MFDS-NEDRUG-DETAIL,https://nedrug.mfds.go.kr/dsie/pdf/drb/198601920/NB,sha256:56a65a632347d0b38b6b0707e872564af4c139683559beafa0f66c99bea322ba,56a65a632347d0b38b6b0707e872564af4c139683559beafa0f66c99bea322ba,14615a754fc607e9403a18a9b2412fdd78700445695de73bcefc08c66eb74f1a,2026-07-14,2026-07-14T02:10:14.255342+00:00,"사용상의주의사항 PDF p.2, 문단 9",11) 임신 말기 3개월 기간에 해당하는 임부(비스테로이드성 소염진통제와 마찬가지로 임신 말기에 이 약을 투여 시 태아의 동맥관을 조기 폐쇄시킬 수 있다),true,PDF 시각 줄바꿈으로 나뉜 연속 문장 복원,"사용상의주의사항 PDF p.2, 문단 9",11) 임신 말기 3개월 기간에 해당하는 임부(비스테로이드성 소염진통제와 마찬가지로 임신 말기에 이 약을 투여 시 태아의 동맥관을 조기 폐쇄시킬 수 있다),false,"사용상의주의사항 PDF p.2, 문단 9",11) 임신 말기 3개월 기간에 해당하는 임부(비스테로이드성 소염진통제와 마찬가지로 임신 말기에 이 약을 투여 시 태아의 동맥관을 조기 폐쇄시킬 수 있다),"사용상의주의사항 PDF p.2, 문단 9",11) 임신 말기 3개월 기간에 해당하는 임부(비스테로이드성 소염진통제와 마찬가지로 임신 말기에 이 약을 투여 시 태아의 동맥관을 조기 폐쇄시킬 수 있다),ibuprofen_pregnancy_lactation,item_sequence=198601920|flags=pregnancy_lactation,임신 또는 수유 중 주의가 필요한 제품이 포함되어 있습니다.,복용 전 의사 또는 약사와 상담하세요.,src/lib/otc/engine.ts:1094,1,recommended_primary,verified_primary,active_existing_released_primary_evidence,expert_primary_released,included,,false,,false,,false,,EXT-PHARM-001,pharmacist_expert,2026-07-14T06:44:02.643Z
SAFE-OTC-05-NB-P3-B1-hepatic_disease,OTC-V51-EU-53d23fe54dd9f116,OTC-RULE-007,hepatic_disease,released,high,SAFE-OTC-05,198601920,MFDS-198601920,어린이부루펜시럽(이부프로펜),ING-ibuprofen,이부프로펜,product_authorized_ingredient_set_not_excerpt_attribution,NB,MFDS-NEDRUG-DETAIL,https://nedrug.mfds.go.kr/dsie/pdf/drb/198601920/NB,sha256:56a65a632347d0b38b6b0707e872564af4c139683559beafa0f66c99bea322ba,56a65a632347d0b38b6b0707e872564af4c139683559beafa0f66c99bea322ba,78fb371571e9a92ac97a268b66a54e58d4f32b84650876741850ef712185a15e,2026-07-14,2026-07-14T02:10:14.255342+00:00,"사용상의주의사항 PDF p.3, 문단 1","3) 간경화, 간장애 또는 그 병력이 있는 환자",false,,,,false,,,,,acetaminophen_liver_disease,item_sequence=202106092|ingredient_id=ING-acetaminophen|flags=hepatic_disease,간질환과 관련해 주의가 필요한 제품이 포함되어 있습니다.,복용 전 의사 또는 약사와 상담하세요.,src/lib/otc/engine.ts:1016,,,provisional,inactive_candidate,machine_candidate_not_shortlisted,included,,true,text:OTC-V51-TEXT-6e8b831000f7376c,false,,true,OTC-V51-TEXT-6e8b831000f7376c,,,
SAFE-OTC-05-NB-P3-B10-age_restriction,OTC-V51-EU-53f31b218d267b29,OTC-RULE-005,age_restriction,released,high,SAFE-OTC-05,198601920,MFDS-198601920,어린이부루펜시럽(이부프로펜),ING-ibuprofen,이부프로펜,product_authorized_ingredient_set_not_excerpt_attribution,NB,MFDS-NEDRUG-DETAIL,https://nedrug.mfds.go.kr/dsie/pdf/drb/198601920/NB,sha256:56a65a632347d0b38b6b0707e872564af4c139683559beafa0f66c99bea322ba,56a65a632347d0b38b6b0707e872564af4c139683559beafa0f66c99bea322ba,78fb371571e9a92ac97a268b66a54e58d4f32b84650876741850ef712185a15e,2026-07-14,2026-07-14T02:10:14.255342+00:00,"사용상의주의사항 PDF p.3, 문단 10",12) 만 2세 미만의 소아,false,,,,false,,,,,tylenol500_minimum_age_12,item_sequence=202106092|minimum_age_years=12,입력한 연령에 적용되는 제한 또는 별도 용량 기준이 있습니다.,소아·고령자 용법을 제품 허가사항과 전문가에게 확인하세요.,src/lib/otc/engine.ts:971,,,provisional,inactive_candidate,machine_candidate_not_shortlisted,included,,false,,false,,false,,,,
SAFE-OTC-05-NB-P3-B11-pregnancy_lactation,OTC-V51-EU-215076d16705c609,OTC-RULE-006,pregnancy_lactation,released,high,SAFE-OTC-05,198601920,MFDS-198601920,어린이부루펜시럽(이부프로펜),ING-ibuprofen,이부프로펜,product_authorized_ingredient_set_not_excerpt_attribution,NB,MFDS-NEDRUG-DETAIL,https://nedrug.mfds.go.kr/dsie/pdf/drb/198601920/NB,sha256:56a65a632347d0b38b6b0707e872564af4c139683559beafa0f66c99bea322ba,56a65a632347d0b38b6b0707e872564af4c139683559beafa0f66c99bea322ba,78fb371571e9a92ac97a268b66a54e58d4f32b84650876741850ef712185a15e,2026-07-14,2026-07-14T02:10:14.255342+00:00,"사용상의주의사항 PDF p.3, 문단 11",13) 임부 (동물실험에서 태자독성이 보고되어 있고 임부에 대한 안전성은 확립되어 있지 않으므로 투여하지,false,,,,false,,,,,ibuprofen_pregnancy_lactation,item_sequence=198601920|flags=pregnancy_lactation,임신 또는 수유 중 주의가 필요한 제품이 포함되어 있습니다.,복용 전 의사 또는 약사와 상담하세요.,src/lib/otc/engine.ts:1094,,,provisional,inactive_candidate,machine_candidate_not_shortlisted,included,,false,,false,,false,,,,
SAFE-OTC-05-NB-P3-B13-pregnancy_lactation,OTC-V51-EU-de4ee4bb144dedd8,OTC-RULE-006,pregnancy_lactation,released,high,SAFE-OTC-05,198601920,MFDS-198601920,어린이부루펜시럽(이부프로펜),ING-ibuprofen,이부프로펜,product_authorized_ingredient_set_not_excerpt_attribution,NB,MFDS-NEDRUG-DETAIL,https://nedrug.mfds.go.kr/dsie/pdf/drb/198601920/NB,sha256:56a65a632347d0b38b6b0707e872564af4c139683559beafa0f66c99bea322ba,56a65a632347d0b38b6b0707e872564af4c139683559beafa0f66c99bea322ba,78fb371571e9a92ac97a268b66a54e58d4f32b84650876741850ef712185a15e,2026-07-14,2026-07-14T02:10:14.255342+00:00,"사용상의주의사항 PDF p.3, 문단 13",임신 20주 이후 이부프로펜을 복용하면 태아의 신장 기능 장애로 인한 양수과소증이 발생할 수 있다. 이러한,false,,,,false,,,,,ibuprofen_pregnancy_lactation,item_sequence=198601920|flags=pregnancy_lactation,임신 또는 수유 중 주의가 필요한 제품이 포함되어 있습니다.,복용 전 의사 또는 약사와 상담하세요.,src/lib/otc/engine.ts:1094,,,provisional,inactive_candidate,machine_candidate_not_shortlisted,included,,true,location:OTC-V51-EU-de4ee4bb144dedd8,true,OTC-V51-EU-de4ee4bb144dedd8,false,,,,
SAFE-OTC-05-NB-P3-B13-renal_disease,OTC-V51-EU-de4ee4bb144dedd8,OTC-RULE-008,renal_disease,released,high,SAFE-OTC-05,198601920,MFDS-198601920,어린이부루펜시럽(이부프로펜),ING-ibuprofen,이부프로펜,product_authorized_ingredient_set_not_excerpt_attribution,NB,MFDS-NEDRUG-DETAIL,https://nedrug.mfds.go.kr/dsie/pdf/drb/198601920/NB,sha256:56a65a632347d0b38b6b0707e872564af4c139683559beafa0f66c99bea322ba,56a65a632347d0b38b6b0707e872564af4c139683559beafa0f66c99bea322ba,78fb371571e9a92ac97a268b66a54e58d4f32b84650876741850ef712185a15e,2026-07-14,2026-07-14T02:10:14.255342+00:00,"사용상의주의사항 PDF p.3, 문단 13",임신 20주 이후 이부프로펜을 복용하면 태아의 신장 기능 장애로 인한 양수과소증이 발생할 수 있다. 이러한,false,,,,false,,,,,ibuprofen_kidney_disease,item_sequence=198601920|flags=renal_disease,신장질환과 관련해 주의가 필요한 제품이 포함되어 있습니다.,복용 전 의사 또는 약사와 상담하세요.,src/lib/otc/engine.ts:1023,,,provisional,inactive_candidate,machine_candidate_not_shortlisted,included,,true,location:OTC-V51-EU-de4ee4bb144dedd8,true,OTC-V51-EU-de4ee4bb144dedd8,false,,,,
SAFE-OTC-05-NB-P3-B14-pregnancy_lactation,OTC-V51-EU-fbb63146a7e583a3,OTC-RULE-006,pregnancy_lactation,released,high,SAFE-OTC-05,198601920,MFDS-198601920,어린이부루펜시럽(이부프로펜),ING-ibuprofen,이부프로펜,product_authorized_ingredient_set_not_excerpt_attribution,NB,MFDS-NEDRUG-DETAIL,https://nedrug.mfds.go.kr/dsie/pdf/drb/198601920/NB,sha256:56a65a632347d0b38b6b0707e872564af4c139683559beafa0f66c99bea322ba,56a65a632347d0b38b6b0707e872564af4c139683559beafa0f66c99bea322ba,78fb371571e9a92ac97a268b66a54e58d4f32b84650876741850ef712185a15e,2026-07-14,2026-07-14T02:10:14.255342+00:00,"사용상의주의사항 PDF p.3, 문단 14","증상은 치료를 시작하자마자 발생할 수 있으며, 일반적으로 치료를 중단하면 회복되었다. 또한 임신 제2삼분",false,,,,false,,,,,ibuprofen_pregnancy_lactation,item_sequence=198601920|flags=pregnancy_lactation,임신 또는 수유 중 주의가 필요한 제품이 포함되어 있습니다.,복용 전 의사 또는 약사와 상담하세요.,src/lib/otc/engine.ts:1094,,,provisional,inactive_candidate,machine_candidate_not_shortlisted,included,,false,,false,,false,,,,
SAFE-OTC-05-NB-P3-B15-pregnancy_lactation,OTC-V51-EU-59d6f078cb6d184d,OTC-RULE-006,pregnancy_lactation,released,high,SAFE-OTC-05,198601920,MFDS-198601920,어린이부루펜시럽(이부프로펜),ING-ibuprofen,이부프로펜,product_authorized_ingredient_set_not_excerpt_attribution,NB,MFDS-NEDRUG-DETAIL,https://nedrug.mfds.go.kr/dsie/pdf/drb/198601920/NB,sha256:56a65a632347d0b38b6b0707e872564af4c139683559beafa0f66c99bea322ba,56a65a632347d0b38b6b0707e872564af4c139683559beafa0f66c99bea322ba,78fb371571e9a92ac97a268b66a54e58d4f32b84650876741850ef712185a15e,2026-07-14,2026-07-14T02:10:14.255342+00:00,"사용상의주의사항 PDF p.3, 문단 15","기에 이 약 복용 후 동맥관 수축이 보고되었으며, 대부분 복용 중단 후 회복되었다. 임신 20주 이후 이 약을",false,,,,false,,,,,ibuprofen_pregnancy_lactation,item_sequence=198601920|flags=pregnancy_lactation,임신 또는 수유 중 주의가 필요한 제품이 포함되어 있습니다.,복용 전 의사 또는 약사와 상담하세요.,src/lib/otc/engine.ts:1094,,,provisional,inactive_candidate,machine_candidate_not_shortlisted,included,,false,,false,,false,,,,
SAFE-OTC-05-NB-P3-B18-pregnancy_lactation,OTC-V51-EU-1f37aa5725492d5a,OTC-RULE-006,pregnancy_lactation,released,high,SAFE-OTC-05,198601920,MFDS-198601920,어린이부루펜시럽(이부프로펜),ING-ibuprofen,이부프로펜,product_authorized_ingredient_set_not_excerpt_attribution,NB,MFDS-NEDRUG-DETAIL,https://nedrug.mfds.go.kr/dsie/pdf/drb/198601920/NB,sha256:56a65a632347d0b38b6b0707e872564af4c139683559beafa0f66c99bea322ba,56a65a632347d0b38b6b0707e872564af4c139683559beafa0f66c99bea322ba,78fb371571e9a92ac97a268b66a54e58d4f32b84650876741850ef712185a15e,2026-07-14,2026-07-14T02:10:14.255342+00:00,"사용상의주의사항 PDF p.3, 문단 18",14) 수유부,false,,,,false,,,,,ibuprofen_pregnancy_lactation,item_sequence=198601920|flags=pregnancy_lactation,임신 또는 수유 중 주의가 필요한 제품이 포함되어 있습니다.,복용 전 의사 또는 약사와 상담하세요.,src/lib/otc/engine.ts:1094,,,provisional,inactive_candidate,machine_candidate_not_shortlisted,included,,false,,false,,false,,,,
SAFE-OTC-05-NB-P3-B2-renal_disease,OTC-V51-EU-4824424d7ffe8897,OTC-RULE-008,renal_disease,released,high,SAFE-OTC-05,198601920,MFDS-198601920,어린이부루펜시럽(이부프로펜),ING-ibuprofen,이부프로펜,product_authorized_ingredient_set_not_excerpt_attribution,NB,MFDS-NEDRUG-DETAIL,https://nedrug.mfds.go.kr/dsie/pdf/drb/198601920/NB,sha256:56a65a632347d0b38b6b0707e872564af4c139683559beafa0f66c99bea322ba,56a65a632347d0b38b6b0707e872564af4c139683559beafa0f66c99bea322ba,78fb371571e9a92ac97a268b66a54e58d4f32b84650876741850ef712185a15e,2026-07-14,2026-07-14T02:10:14.255342+00:00,"사용상의주의사항 PDF p.3, 문단 2",4) 신장장애 또는 그 병력이 있는 환자,false,,"사용상의주의사항 PDF p.3, 문단 2",4) 신장장애 또는 그 병력이 있는 환자,false,"사용상의주의사항 PDF p.3, 문단 2",4) 신장장애 또는 그 병력이 있는 환자,"사용상의주의사항 PDF p.3, 문단 2",4) 신장장애 또는 그 병력이 있는 환자,ibuprofen_kidney_disease,item_sequence=198601920|flags=renal_disease,신장질환과 관련해 주의가 필요한 제품이 포함되어 있습니다.,복용 전 의사 또는 약사와 상담하세요.,src/lib/otc/engine.ts:1023,1,recommended_primary,verified_primary,active_existing_released_primary_evidence,expert_primary_released,included,,false,,false,,false,,EXT-PHARM-001,pharmacist_expert,2026-07-14T06:44:02.643Z
SAFE-OTC-05-NB-P3-B3-decongestant_hypertension,OTC-V51-EU-fb6c8f0d30328c95,OTC-RULE-014,decongestant_hypertension,released,high,SAFE-OTC-05,198601920,MFDS-198601920,어린이부루펜시럽(이부프로펜),ING-ibuprofen,이부프로펜,product_authorized_ingredient_set_not_excerpt_attribution,NB,MFDS-NEDRUG-DETAIL,https://nedrug.mfds.go.kr/dsie/pdf/drb/198601920/NB,sha256:56a65a632347d0b38b6b0707e872564af4c139683559beafa0f66c99bea322ba,56a65a632347d0b38b6b0707e872564af4c139683559beafa0f66c99bea322ba,78fb371571e9a92ac97a268b66a54e58d4f32b84650876741850ef712185a15e,2026-07-14,2026-07-14T02:10:14.255342+00:00,"사용상의주의사항 PDF p.3, 문단 3",5) 심장기능부전 또는 심질환 환자,false,,,,false,,,,,pancol_a_phenylephrine_hypertension,item_sequence=196800036|flags=decongestant_hypertension,고혈압 또는 심혈관질환에서 비충혈제거제 주의가 필요할 수 있습니다.,복용 전 의사 또는 약사와 상담하세요.,src/lib/otc/engine.ts:1051,,,provisional,inactive_candidate,machine_candidate_not_shortlisted,included,,false,,false,,false,,,,
SAFE-OTC-05-NB-P3-B4-decongestant_hypertension,OTC-V51-EU-08ff7c5f10a36269,OTC-RULE-014,decongestant_hypertension,released,high,SAFE-OTC-05,198601920,MFDS-198601920,어린이부루펜시럽(이부프로펜),ING-ibuprofen,이부프로펜,product_authorized_ingredient_set_not_excerpt_attribution,NB,MFDS-NEDRUG-DETAIL,https://nedrug.mfds.go.kr/dsie/pdf/drb/198601920/NB,sha256:56a65a632347d0b38b6b0707e872564af4c139683559beafa0f66c99bea322ba,56a65a632347d0b38b6b0707e872564af4c139683559beafa0f66c99bea322ba,78fb371571e9a92ac97a268b66a54e58d4f32b84650876741850ef712185a15e,2026-07-14,2026-07-14T02:10:14.255342+00:00,"사용상의주의사항 PDF p.3, 문단 4",6) 고혈압 환자,false,,,,false,,,,,pancol_a_phenylephrine_hypertension,item_sequence=196800036|flags=decongestant_hypertension,고혈압 또는 심혈관질환에서 비충혈제거제 주의가 필요할 수 있습니다.,복용 전 의사 또는 약사와 상담하세요.,src/lib/otc/engine.ts:1051,,,provisional,inactive_candidate,machine_candidate_not_shortlisted,included,,true,text:OTC-V51-TEXT-f1ce6a443fc14131,false,,true,OTC-V51-TEXT-f1ce6a443fc14131,,,
SAFE-OTC-05-NB-P3-B9-age_restriction,OTC-V51-EU-80d6dc8e406d40ba,OTC-RULE-005,age_restriction,released,high,SAFE-OTC-05,198601920,MFDS-198601920,어린이부루펜시럽(이부프로펜),ING-ibuprofen,이부프로펜,product_authorized_ingredient_set_not_excerpt_attribution,NB,MFDS-NEDRUG-DETAIL,https://nedrug.mfds.go.kr/dsie/pdf/drb/198601920/NB,sha256:56a65a632347d0b38b6b0707e872564af4c139683559beafa0f66c99bea322ba,56a65a632347d0b38b6b0707e872564af4c139683559beafa0f66c99bea322ba,78fb371571e9a92ac97a268b66a54e58d4f32b84650876741850ef712185a15e,2026-07-14,2026-07-14T02:10:14.255342+00:00,"사용상의주의사항 PDF p.3, 문단 9",11) 고령자(노인),false,,,,false,,,,,tylenol500_minimum_age_12,item_sequence=202106092|minimum_age_years=12,입력한 연령에 적용되는 제한 또는 별도 용량 기준이 있습니다.,소아·고령자 용법을 제품 허가사항과 전문가에게 확인하세요.,src/lib/otc/engine.ts:971,,,provisional,inactive_candidate,machine_candidate_not_shortlisted,included,,true,text:OTC-V51-TEXT-37cc2c7c4f28acc1,false,,true,OTC-V51-TEXT-37cc2c7c4f28acc1,,,
SAFE-OTC-05-NB-P4-B10-anticoagulant_antiplatelet,OTC-V51-EU-9e7f904b86ef8b0a,OTC-RULE-012,anticoagulant_antiplatelet,released,high,SAFE-OTC-05,198601920,MFDS-198601920,어린이부루펜시럽(이부프로펜),ING-ibuprofen,이부프로펜,product_authorized_ingredient_set_not_excerpt_attribution,NB,MFDS-NEDRUG-DETAIL,https://nedrug.mfds.go.kr/dsie/pdf/drb/198601920/NB,sha256:56a65a632347d0b38b6b0707e872564af4c139683559beafa0f66c99bea322ba,56a65a632347d0b38b6b0707e872564af4c139683559beafa0f66c99bea322ba,a431c092dc86127ac770bac0bd9bca8863938b277a3b315921dcc305a9dcd57a,2026-07-14,2026-07-14T02:10:14.255342+00:00,"사용상의주의사항 PDF p.4, 문단 10","5) 쿠마린계 항응혈제(와파린 등) (쿠마린계 항응혈제와 병용투여 시 그 작용을 증강시킬 수 있고, 중증의 위장관계 출혈의 위험이 높아질 수 있다.)",true,PDF 시각 줄바꿈으로 나뉜 연속 문장 복원,"사용상의주의사항 PDF p.4, 문단 10","5) 쿠마린계 항응혈제(와파린 등) (쿠마린계 항응혈제와 병용투여 시 그 작용을 증강시킬 수 있고, 중증의 위장관계 출혈의 위험이 높아질 수 있다.)",false,"사용상의주의사항 PDF p.4, 문단 10","5) 쿠마린계 항응혈제(와파린 등) (쿠마린계 항응혈제와 병용투여 시 그 작용을 증강시킬 수 있고, 중증의 위장관계 출혈의 위험이 높아질 수 있다.)","사용상의주의사항 PDF p.4, 문단 10","5) 쿠마린계 항응혈제(와파린 등) (쿠마린계 항응혈제와 병용투여 시 그 작용을 증강시킬 수 있고, 중증의 위장관계 출혈의 위험이 높아질 수 있다.)",ibuprofen_warfarin_or_coumarin_anticoagulant,item_sequence=198601920|flags=anticoagulant_antiplatelet,항응고제 또는 항혈소판제와 병용할 때 주의가 필요할 수 있습니다.,복용 전 처방한 의료진 또는 약사와 상담하세요.,src/lib/otc/engine.ts:1061,1,recommended_primary,verified_primary,active_existing_released_primary_evidence,expert_primary_released,included,,false,,false,,false,,EXT-PHARM-001,pharmacist_expert,2026-07-14T06:44:02.643Z
SAFE-OTC-05-NB-P4-B12-gi_bleeding_ulcer,OTC-V51-EU-1ed62cbc7099b7ba,OTC-RULE-009,gi_bleeding_ulcer,released,high,SAFE-OTC-05,198601920,MFDS-198601920,어린이부루펜시럽(이부프로펜),ING-ibuprofen,이부프로펜,product_authorized_ingredient_set_not_excerpt_attribution,NB,MFDS-NEDRUG-DETAIL,https://nedrug.mfds.go.kr/dsie/pdf/drb/198601920/NB,sha256:56a65a632347d0b38b6b0707e872564af4c139683559beafa0f66c99bea322ba,56a65a632347d0b38b6b0707e872564af4c139683559beafa0f66c99bea322ba,a431c092dc86127ac770bac0bd9bca8863938b277a3b315921dcc305a9dcd57a,2026-07-14,2026-07-14T02:10:14.255342+00:00,"사용상의주의사항 PDF p.4, 문단 12","6) 선택적 세로토닌 재흡수억제제(SSRI, 함께 복용 시 위장관 출혈 위험이 증가한다.)",false,,,,false,,,,,ibuprofen_gi_bleeding_or_ulcer,item_sequence=198601920|flags=gi_bleeding_ulcer,위장관 출혈 또는 궤양 위험과 관련된 제품이 포함되어 있습니다.,복용 전 의사 또는 약사와 상담하세요.,src/lib/otc/engine.ts:1030,,,provisional,inactive_candidate,machine_candidate_not_shortlisted,included,,false,,false,,false,,,,
SAFE-OTC-05-NB-P4-B13-urgent_referral,OTC-V51-EU-a6dbafa8df4d13ae,OTC-RULE-016,urgent_referral,released,urgent,SAFE-OTC-05,198601920,MFDS-198601920,어린이부루펜시럽(이부프로펜),ING-ibuprofen,이부프로펜,product_authorized_ingredient_set_not_excerpt_attribution,NB,MFDS-NEDRUG-DETAIL,https://nedrug.mfds.go.kr/dsie/pdf/drb/198601920/NB,sha256:56a65a632347d0b38b6b0707e872564af4c139683559beafa0f66c99bea322ba,56a65a632347d0b38b6b0707e872564af4c139683559beafa0f66c99bea322ba,a431c092dc86127ac770bac0bd9bca8863938b277a3b315921dcc305a9dcd57a,2026-07-14,2026-07-14T02:10:14.255342+00:00,"사용상의주의사항 PDF p.4, 문단 13","5. 다음과 같은 경우 이 약의 복용을 즉각 중지하고 의사, 치과의사, 약사와 상의할 것. 상담 시 가능한 한 이 첨",false,,,,false,,,,,tylenol500_stop_and_consult_symptoms,item_sequence=202106092|red_flag_terms=호흡곤란;온몸이 붉어짐;혈관부기;두드러기;천식발작;얼굴부기;저혈압;쇽;스티븐스-존슨;스티븐스 존슨;독성표피괴사;리엘 증후군,즉시 상담 또는 진료가 필요한 증상이 입력되었습니다.,지체하지 말고 의료기관 또는 응급상담을 이용하세요.,src/lib/otc/engine.ts:1214,,,provisional,inactive_candidate,machine_candidate_not_shortlisted,included,,true,text:OTC-V51-TEXT-dee9b8705c5e2c8a,false,,true,OTC-V51-TEXT-dee9b8705c5e2c8a,,,
SAFE-OTC-05-NB-P4-B18-gi_bleeding_ulcer,OTC-V51-EU-716550487c1abbea,OTC-RULE-009,gi_bleeding_ulcer,released,high,SAFE-OTC-05,198601920,MFDS-198601920,어린이부루펜시럽(이부프로펜),ING-ibuprofen,이부프로펜,product_authorized_ingredient_set_not_excerpt_attribution,NB,MFDS-NEDRUG-DETAIL,https://nedrug.mfds.go.kr/dsie/pdf/drb/198601920/NB,sha256:56a65a632347d0b38b6b0707e872564af4c139683559beafa0f66c99bea322ba,56a65a632347d0b38b6b0707e872564af4c139683559beafa0f66c99bea322ba,a431c092dc86127ac770bac0bd9bca8863938b277a3b315921dcc305a9dcd57a,2026-07-14,2026-07-14T02:10:14.255342+00:00,"사용상의주의사항 PDF p.4, 문단 18","3) 소화기계 : 소화성궤양, 위장관궤양, 위장출혈, 천공(뚫림), 궤양성 대장염, 혈변, 위염, 췌장염, 토혈(혈액",false,,,,false,,,,,ibuprofen_gi_bleeding_or_ulcer,item_sequence=198601920|flags=gi_bleeding_ulcer,위장관 출혈 또는 궤양 위험과 관련된 제품이 포함되어 있습니다.,복용 전 의사 또는 약사와 상담하세요.,src/lib/otc/engine.ts:1030,,,provisional,inactive_candidate,machine_candidate_not_shortlisted,included,,false,,false,,false,,,,
SAFE-OTC-05-NB-P4-B2-decongestant_hypertension,OTC-V51-EU-d742611a5a1c959f,OTC-RULE-014,decongestant_hypertension,released,high,SAFE-OTC-05,198601920,MFDS-198601920,어린이부루펜시럽(이부프로펜),ING-ibuprofen,이부프로펜,product_authorized_ingredient_set_not_excerpt_attribution,NB,MFDS-NEDRUG-DETAIL,https://nedrug.mfds.go.kr/dsie/pdf/drb/198601920/NB,sha256:56a65a632347d0b38b6b0707e872564af4c139683559beafa0f66c99bea322ba,56a65a632347d0b38b6b0707e872564af4c139683559beafa0f66c99bea322ba,a431c092dc86127ac770bac0bd9bca8863938b277a3b315921dcc305a9dcd57a,2026-07-14,2026-07-14T02:10:14.255342+00:00,"사용상의주의사항 PDF p.4, 문단 2",1) ACE 저해제 (고혈압 효과가 감소될 수 있다는 보고가 있다),false,,,,false,,,,,pancol_a_phenylephrine_hypertension,item_sequence=196800036|flags=decongestant_hypertension,고혈압 또는 심혈관질환에서 비충혈제거제 주의가 필요할 수 있습니다.,복용 전 의사 또는 약사와 상담하세요.,src/lib/otc/engine.ts:1051,,,provisional,inactive_candidate,machine_candidate_not_shortlisted,included,,false,,false,,false,,,,
SAFE-OTC-05-NB-P4-B25-hepatic_disease,OTC-V51-EU-aa43c1f1225b9d5e,OTC-RULE-007,hepatic_disease,released,high,SAFE-OTC-05,198601920,MFDS-198601920,어린이부루펜시럽(이부프로펜),ING-ibuprofen,이부프로펜,product_authorized_ingredient_set_not_excerpt_attribution,NB,MFDS-NEDRUG-DETAIL,https://nedrug.mfds.go.kr/dsie/pdf/drb/198601920/NB,sha256:56a65a632347d0b38b6b0707e872564af4c139683559beafa0f66c99bea322ba,56a65a632347d0b38b6b0707e872564af4c139683559beafa0f66c99bea322ba,a431c092dc86127ac770bac0bd9bca8863938b277a3b315921dcc305a9dcd57a,2026-07-14,2026-07-14T02:10:14.255342+00:00,"사용상의주의사항 PDF p.4, 문단 25","5) 간장 : 간염, 황달, GOT, GPT, 알칼라인 포스파타제(ALP)의 상승 등과 같은 간기능이상, 간장애",false,,,,false,,,,,acetaminophen_liver_disease,item_sequence=202106092|ingredient_id=ING-acetaminophen|flags=hepatic_disease,간질환과 관련해 주의가 필요한 제품이 포함되어 있습니다.,복용 전 의사 또는 약사와 상담하세요.,src/lib/otc/engine.ts:1016,,,provisional,inactive_candidate,machine_candidate_not_shortlisted,included,,false,,false,,false,,,,
SAFE-OTC-05-NB-P5-B16-sedation_driving,OTC-V51-EU-b7e405b3e6310633,OTC-RULE-010,sedation_driving,released,high,SAFE-OTC-05,198601920,MFDS-198601920,어린이부루펜시럽(이부프로펜),ING-ibuprofen,이부프로펜,product_authorized_ingredient_set_not_excerpt_attribution,NB,MFDS-NEDRUG-DETAIL,https://nedrug.mfds.go.kr/dsie/pdf/drb/198601920/NB,sha256:56a65a632347d0b38b6b0707e872564af4c139683559beafa0f66c99bea322ba,56a65a632347d0b38b6b0707e872564af4c139683559beafa0f66c99bea322ba,54c833b5aeb3ac32ac70561c6b856925765306e402f24747882c1a2c72dd2dbc,2026-07-14,2026-07-14T02:10:14.255342+00:00,"사용상의주의사항 PDF p.5, 문단 16","(5) 신경계 이상: 어지러움, 졸음, 두통, 의식소실, 경련",false,,,,false,,,,,pancol_a_driving,item_sequence=196800036|flags=sedation_driving,졸림을 유발해 운전이나 기계 조작에 영향을 줄 수 있습니다.,운전·기계 조작을 피하고 허가사항을 확인하세요.,src/lib/otc/engine.ts:1037,,,provisional,inactive_candidate,machine_candidate_not_shortlisted,included,,false,,false,,false,,,,
SAFE-OTC-05-NB-P5-B20-maximum_duration,OTC-V51-EU-7d5fe87179b4d57c,OTC-RULE-015,maximum_duration,draft,caution,SAFE-OTC-05,198601920,MFDS-198601920,어린이부루펜시럽(이부프로펜),ING-ibuprofen,이부프로펜,product_authorized_ingredient_set_not_excerpt_attribution,NB,MFDS-NEDRUG-DETAIL,https://nedrug.mfds.go.kr/dsie/pdf/drb/198601920/NB,sha256:56a65a632347d0b38b6b0707e872564af4c139683559beafa0f66c99bea322ba,56a65a632347d0b38b6b0707e872564af4c139683559beafa0f66c99bea322ba,54c833b5aeb3ac32ac70561c6b856925765306e402f24747882c1a2c72dd2dbc,2026-07-14,2026-07-14T02:10:14.255342+00:00,"사용상의주의사항 PDF p.5, 문단 20",*시판 후 경험으로 일일 권장용량을 초과하여 장기간 복용한 환자에게서 보고되었다.,false,,,,false,,,,,pancol_a_continuous_use,scope_only_no_structured_binding,허가된 연속 복용 기간을 넘었을 수 있습니다.,증상이 지속되면 추가 복용 대신 약사 또는 의사와 상담하세요.,src/lib/otc/engine.ts:991,,,provisional,inactive_candidate,machine_candidate_not_shortlisted,included,,false,,false,,false,,,,
SAFE-OTC-05-NB-P5-B3-sedation_driving,OTC-V51-EU-0f3d9ee799a9e850,OTC-RULE-010,sedation_driving,released,high,SAFE-OTC-05,198601920,MFDS-198601920,어린이부루펜시럽(이부프로펜),ING-ibuprofen,이부프로펜,product_authorized_ingredient_set_not_excerpt_attribution,NB,MFDS-NEDRUG-DETAIL,https://nedrug.mfds.go.kr/dsie/pdf/drb/198601920/NB,sha256:56a65a632347d0b38b6b0707e872564af4c139683559beafa0f66c99bea322ba,56a65a632347d0b38b6b0707e872564af4c139683559beafa0f66c99bea322ba,54c833b5aeb3ac32ac70561c6b856925765306e402f24747882c1a2c72dd2dbc,2026-07-14,2026-07-14T02:10:14.255342+00:00,"사용상의주의사항 PDF p.5, 문단 3","9) 정신신경계 : 졸음, 어지러움, 우울, 두통, 뇌혈관 사고 또는 신경질, 무균성 수막염 또는 수막염(심한 두",false,,,,false,,,,,pancol_a_driving,item_sequence=196800036|flags=sedation_driving,졸림을 유발해 운전이나 기계 조작에 영향을 줄 수 있습니다.,운전·기계 조작을 피하고 허가사항을 확인하세요.,src/lib/otc/engine.ts:1037,,,provisional,inactive_candidate,machine_candidate_not_shortlisted,included,,false,,false,,false,,,,
SAFE-OTC-05-NB-P6-B13-age_restriction,OTC-V51-EU-a3c7de86ec930faa,OTC-RULE-005,age_restriction,released,high,SAFE-OTC-05,198601920,MFDS-198601920,어린이부루펜시럽(이부프로펜),ING-ibuprofen,이부프로펜,product_authorized_ingredient_set_not_excerpt_attribution,NB,MFDS-NEDRUG-DETAIL,https://nedrug.mfds.go.kr/dsie/pdf/drb/198601920/NB,sha256:56a65a632347d0b38b6b0707e872564af4c139683559beafa0f66c99bea322ba,56a65a632347d0b38b6b0707e872564af4c139683559beafa0f66c99bea322ba,9a9ea3e1f01a99e01bf876c3fb757392a666d89ac460b0eb98d5b705bbaf281d,2026-07-14,2026-07-14T02:10:14.255342+00:00,"사용상의주의사항 PDF p.6, 문단 13",느낌) 등이 나타날 수 있으므로 특히 고열을 수반하는 소아 및 고령자(노인) 또는 소모성 질환 환자의 경우에,false,,,,false,,,,,tylenol500_minimum_age_12,item_sequence=202106092|minimum_age_years=12,입력한 연령에 적용되는 제한 또는 별도 용량 기준이 있습니다.,소아·고령자 용법을 제품 허가사항과 전문가에게 확인하세요.,src/lib/otc/engine.ts:971,,,provisional,inactive_candidate,machine_candidate_not_shortlisted,included,,false,,false,,false,,,,
SAFE-OTC-05-NB-P6-B15-age_restriction,OTC-V51-EU-88147f107429f3df,OTC-RULE-005,age_restriction,released,high,SAFE-OTC-05,198601920,MFDS-198601920,어린이부루펜시럽(이부프로펜),ING-ibuprofen,이부프로펜,product_authorized_ingredient_set_not_excerpt_attribution,NB,MFDS-NEDRUG-DETAIL,https://nedrug.mfds.go.kr/dsie/pdf/drb/198601920/NB,sha256:56a65a632347d0b38b6b0707e872564af4c139683559beafa0f66c99bea322ba,56a65a632347d0b38b6b0707e872564af4c139683559beafa0f66c99bea322ba,9a9ea3e1f01a99e01bf876c3fb757392a666d89ac460b0eb98d5b705bbaf281d,2026-07-14,2026-07-14T02:10:14.255342+00:00,"사용상의주의사항 PDF p.6, 문단 15",(7) 의사 또는 약사의 지시 없이 통증에 10일 이상(성인) 또는 5일 이상(소아) 복용하지 않고 발열에 3일 이,false,,,,false,,,,,tylenol500_minimum_age_12,item_sequence=202106092|minimum_age_years=12,입력한 연령에 적용되는 제한 또는 별도 용량 기준이 있습니다.,소아·고령자 용법을 제품 허가사항과 전문가에게 확인하세요.,src/lib/otc/engine.ts:971,,,provisional,inactive_candidate,machine_candidate_not_shortlisted,included,,true,text:OTC-V51-TEXT-5adaa0caf8728c6b,false,,true,OTC-V51-TEXT-5adaa0caf8728c6b,,,
SAFE-OTC-05-NB-P6-B22-decongestant_hypertension,OTC-V51-EU-a63fb640ad3b2dd9,OTC-RULE-014,decongestant_hypertension,released,high,SAFE-OTC-05,198601920,MFDS-198601920,어린이부루펜시럽(이부프로펜),ING-ibuprofen,이부프로펜,product_authorized_ingredient_set_not_excerpt_attribution,NB,MFDS-NEDRUG-DETAIL,https://nedrug.mfds.go.kr/dsie/pdf/drb/198601920/NB,sha256:56a65a632347d0b38b6b0707e872564af4c139683559beafa0f66c99bea322ba,56a65a632347d0b38b6b0707e872564af4c139683559beafa0f66c99bea322ba,9a9ea3e1f01a99e01bf876c3fb757392a666d89ac460b0eb98d5b705bbaf281d,2026-07-14,2026-07-14T02:10:14.255342+00:00,"사용상의주의사항 PDF p.6, 문단 22","(9) 고혈압 : 이 약을 포함한 비스테로이드성 소염진통제는 고혈압을 일으키거나, 기존의 고혈압을 악화시킬",false,,,,false,,,,,pancol_a_phenylephrine_hypertension,item_sequence=196800036|flags=decongestant_hypertension,고혈압 또는 심혈관질환에서 비충혈제거제 주의가 필요할 수 있습니다.,복용 전 의사 또는 약사와 상담하세요.,src/lib/otc/engine.ts:1051,,,provisional,inactive_candidate,machine_candidate_not_shortlisted,included,,false,,false,,false,,,,
SAFE-OTC-05-NB-P6-B23-decongestant_hypertension,OTC-V51-EU-2492d731dc88c95b,OTC-RULE-014,decongestant_hypertension,released,high,SAFE-OTC-05,198601920,MFDS-198601920,어린이부루펜시럽(이부프로펜),ING-ibuprofen,이부프로펜,product_authorized_ingredient_set_not_excerpt_attribution,NB,MFDS-NEDRUG-DETAIL,https://nedrug.mfds.go.kr/dsie/pdf/drb/198601920/NB,sha256:56a65a632347d0b38b6b0707e872564af4c139683559beafa0f66c99bea322ba,56a65a632347d0b38b6b0707e872564af4c139683559beafa0f66c99bea322ba,9a9ea3e1f01a99e01bf876c3fb757392a666d89ac460b0eb98d5b705bbaf281d,2026-07-14,2026-07-14T02:10:14.255342+00:00,"사용상의주의사항 PDF p.6, 문단 23","수 있으며, 이로 인해 심혈관계 유해사례의 발생률이 증가될 수도 있다. 티아지드계 이뇨제 또는 루프형 이뇨",false,,,,false,,,,,pancol_a_phenylephrine_hypertension,item_sequence=196800036|flags=decongestant_hypertension,고혈압 또는 심혈관질환에서 비충혈제거제 주의가 필요할 수 있습니다.,복용 전 의사 또는 약사와 상담하세요.,src/lib/otc/engine.ts:1051,,,provisional,inactive_candidate,machine_candidate_not_shortlisted,included,,false,,false,,false,,,,
SAFE-OTC-05-NB-P6-B25-decongestant_hypertension,OTC-V51-EU-f553d21330c50983,OTC-RULE-014,decongestant_hypertension,released,high,SAFE-OTC-05,198601920,MFDS-198601920,어린이부루펜시럽(이부프로펜),ING-ibuprofen,이부프로펜,product_authorized_ingredient_set_not_excerpt_attribution,NB,MFDS-NEDRUG-DETAIL,https://nedrug.mfds.go.kr/dsie/pdf/drb/198601920/NB,sha256:56a65a632347d0b38b6b0707e872564af4c139683559beafa0f66c99bea322ba,56a65a632347d0b38b6b0707e872564af4c139683559beafa0f66c99bea322ba,9a9ea3e1f01a99e01bf876c3fb757392a666d89ac460b0eb98d5b705bbaf281d,2026-07-14,2026-07-14T02:10:14.255342+00:00,"사용상의주의사항 PDF p.6, 문단 25",포함한 비스테로이드성 소염진통제는 고혈압 환자에서 신중히 투여해야 한다. 이 약의 투여 초기와 투여기간,false,,,,false,,,,,pancol_a_phenylephrine_hypertension,item_sequence=196800036|flags=decongestant_hypertension,고혈압 또는 심혈관질환에서 비충혈제거제 주의가 필요할 수 있습니다.,복용 전 의사 또는 약사와 상담하세요.,src/lib/otc/engine.ts:1051,,,provisional,inactive_candidate,machine_candidate_not_shortlisted,included,,false,,false,,false,,,,
SAFE-OTC-05-NB-P6-B4-maximum_duration,OTC-V51-EU-52c94e275272bcde,OTC-RULE-015,maximum_duration,draft,caution,SAFE-OTC-05,198601920,MFDS-198601920,어린이부루펜시럽(이부프로펜),ING-ibuprofen,이부프로펜,product_authorized_ingredient_set_not_excerpt_attribution,NB,MFDS-NEDRUG-DETAIL,https://nedrug.mfds.go.kr/dsie/pdf/drb/198601920/NB,sha256:56a65a632347d0b38b6b0707e872564af4c139683559beafa0f66c99bea322ba,56a65a632347d0b38b6b0707e872564af4c139683559beafa0f66c99bea322ba,9a9ea3e1f01a99e01bf876c3fb757392a666d89ac460b0eb98d5b705bbaf281d,2026-07-14,2026-07-14T02:10:14.255342+00:00,"사용상의주의사항 PDF p.6, 문단 4","가. 장기 복용하는 경우 정기적인 임상검사(요검사, 혈액검사, 간기능검사 등)를 받고 이상이 있을 경우 감량",false,,,,false,,,,,pancol_a_continuous_use,scope_only_no_structured_binding,허가된 연속 복용 기간을 넘었을 수 있습니다.,증상이 지속되면 추가 복용 대신 약사 또는 의사와 상담하세요.,src/lib/otc/engine.ts:991,,,provisional,inactive_candidate,machine_candidate_not_shortlisted,included,,false,,false,,false,,,,
SAFE-OTC-05-NB-P7-B15-hepatic_disease,OTC-V51-EU-34d24e3fbf4697e1,OTC-RULE-007,hepatic_disease,released,high,SAFE-OTC-05,198601920,MFDS-198601920,어린이부루펜시럽(이부프로펜),ING-ibuprofen,이부프로펜,product_authorized_ingredient_set_not_excerpt_attribution,NB,MFDS-NEDRUG-DETAIL,https://nedrug.mfds.go.kr/dsie/pdf/drb/198601920/NB,sha256:56a65a632347d0b38b6b0707e872564af4c139683559beafa0f66c99bea322ba,56a65a632347d0b38b6b0707e872564af4c139683559beafa0f66c99bea322ba,4f24a40f7bd67966d82776cb7f2a1ee73d783d3b200fc04bca08cda39eb59013,2026-07-14,2026-07-14T02:10:14.255342+00:00,"사용상의주의사항 PDF p.7, 문단 15","여기간 동안 주의 깊게 간기능의 악화 여부를 관찰하고, 간질환과 관련된 임상 증상이나 전신적인 징후(예: 호",false,,,,false,,,,,acetaminophen_liver_disease,item_sequence=202106092|ingredient_id=ING-acetaminophen|flags=hepatic_disease,간질환과 관련해 주의가 필요한 제품이 포함되어 있습니다.,복용 전 의사 또는 약사와 상담하세요.,src/lib/otc/engine.ts:1016,,,provisional,inactive_candidate,machine_candidate_not_shortlisted,included,,true,text:OTC-V51-TEXT-64b46da2eb98dc64,false,,true,OTC-V51-TEXT-64b46da2eb98dc64,,,
SAFE-OTC-05-NB-P7-B21-anticoagulant_antiplatelet,OTC-V51-EU-a437194017df6f06,OTC-RULE-012,anticoagulant_antiplatelet,released,high,SAFE-OTC-05,198601920,MFDS-198601920,어린이부루펜시럽(이부프로펜),ING-ibuprofen,이부프로펜,product_authorized_ingredient_set_not_excerpt_attribution,NB,MFDS-NEDRUG-DETAIL,https://nedrug.mfds.go.kr/dsie/pdf/drb/198601920/NB,sha256:56a65a632347d0b38b6b0707e872564af4c139683559beafa0f66c99bea322ba,56a65a632347d0b38b6b0707e872564af4c139683559beafa0f66c99bea322ba,4f24a40f7bd67966d82776cb7f2a1ee73d783d3b200fc04bca08cda39eb59013,2026-07-14,2026-07-14T02:10:14.255342+00:00,"사용상의주의사항 PDF p.7, 문단 21",다. 응고 관련 질환이 있거나 항응고제를 투여하고 있는 경우와 같이 혈소판 기능 변경에 의해 부정적인 영향,false,,,,false,,,,,ibuprofen_warfarin_or_coumarin_anticoagulant,item_sequence=198601920|flags=anticoagulant_antiplatelet,항응고제 또는 항혈소판제와 병용할 때 주의가 필요할 수 있습니다.,복용 전 처방한 의료진 또는 약사와 상담하세요.,src/lib/otc/engine.ts:1061,,,provisional,inactive_candidate,machine_candidate_not_shortlisted,included,,false,,false,,false,,,,
SAFE-OTC-05-NB-P7-B3-maximum_duration,OTC-V51-EU-71583f7bac8e8810,OTC-RULE-015,maximum_duration,draft,caution,SAFE-OTC-05,198601920,MFDS-198601920,어린이부루펜시럽(이부프로펜),ING-ibuprofen,이부프로펜,product_authorized_ingredient_set_not_excerpt_attribution,NB,MFDS-NEDRUG-DETAIL,https://nedrug.mfds.go.kr/dsie/pdf/drb/198601920/NB,sha256:56a65a632347d0b38b6b0707e872564af4c139683559beafa0f66c99bea322ba,56a65a632347d0b38b6b0707e872564af4c139683559beafa0f66c99bea322ba,4f24a40f7bd67966d82776cb7f2a1ee73d783d3b200fc04bca08cda39eb59013,2026-07-14,2026-07-14T02:10:14.255342+00:00,"사용상의주의사항 PDF p.7, 문단 3","(11) 비스테로이드성 소염진통제를 장기간 복용 시 신장유두괴사나 기타 신장 손상이 일어날 수 있다. 또한,",false,,,,false,,,,,pancol_a_continuous_use,scope_only_no_structured_binding,허가된 연속 복용 기간을 넘었을 수 있습니다.,증상이 지속되면 추가 복용 대신 약사 또는 의사와 상담하세요.,src/lib/otc/engine.ts:991,,,provisional,inactive_candidate,machine_candidate_not_shortlisted,included,,false,,false,,false,,,,
SAFE-OTC-05-NB-P7-B5-age_restriction,OTC-V51-EU-a26449fc53479dd2,OTC-RULE-005,age_restriction,released,high,SAFE-OTC-05,198601920,MFDS-198601920,어린이부루펜시럽(이부프로펜),ING-ibuprofen,이부프로펜,product_authorized_ingredient_set_not_excerpt_attribution,NB,MFDS-NEDRUG-DETAIL,https://nedrug.mfds.go.kr/dsie/pdf/drb/198601920/NB,sha256:56a65a632347d0b38b6b0707e872564af4c139683559beafa0f66c99bea322ba,56a65a632347d0b38b6b0707e872564af4c139683559beafa0f66c99bea322ba,4f24a40f7bd67966d82776cb7f2a1ee73d783d3b200fc04bca08cda39eb59013,2026-07-14,2026-07-14T02:10:14.255342+00:00,"사용상의주의사항 PDF p.7, 문단 5","자, 이뇨제나 ACE 저해제를 투여 중인 환자, 고령자 등에서는 특별한 주의가 필요하다. 투약을 중단하면 대부",false,,,,false,,,,,tylenol500_minimum_age_12,item_sequence=202106092|minimum_age_years=12,입력한 연령에 적용되는 제한 또는 별도 용량 기준이 있습니다.,소아·고령자 용법을 제품 허가사항과 전문가에게 확인하세요.,src/lib/otc/engine.ts:971,,,provisional,inactive_candidate,machine_candidate_not_shortlisted,included,,false,,false,,false,,,,
SAFE-OTC-05-NB-P8-B13-alcohol,OTC-V51-EU-e51106d851e7df8e,OTC-RULE-011,alcohol,released,high,SAFE-OTC-05,198601920,MFDS-198601920,어린이부루펜시럽(이부프로펜),ING-ibuprofen,이부프로펜,product_authorized_ingredient_set_not_excerpt_attribution,NB,MFDS-NEDRUG-DETAIL,https://nedrug.mfds.go.kr/dsie/pdf/drb/198601920/NB,sha256:56a65a632347d0b38b6b0707e872564af4c139683559beafa0f66c99bea322ba,56a65a632347d0b38b6b0707e872564af4c139683559beafa0f66c99bea322ba,09c76abdd56ca562eaa53684af740d6c8dec0ff17054ac98f630d4422733adb5,2026-07-14,2026-07-14T02:10:14.255342+00:00,"사용상의주의사항 PDF p.8, 문단 13",(19) 이 약을 포함한 비스테로이드성 소염진통제(NSAID)와 알코올을 함께 복용하는 경우 알코올의 바람직,false,,,,false,,,,,acetaminophen_regular_alcohol_use,item_sequence=202106092|ingredient_id=ING-acetaminophen|flags=alcohol,음주와 함께 복용할 때 주의가 필요한 제품이 포함되어 있습니다.,음주 중 복용 전 약사 또는 의사와 상담하세요.,src/lib/otc/engine.ts:1044,,,provisional,inactive_candidate,machine_candidate_not_shortlisted,included,,false,,false,,false,,,,
SAFE-OTC-05-NB-P8-B16-age_restriction,OTC-V51-EU-1acb0b4237ac0df7,OTC-RULE-005,age_restriction,released,high,SAFE-OTC-05,198601920,MFDS-198601920,어린이부루펜시럽(이부프로펜),ING-ibuprofen,이부프로펜,product_authorized_ingredient_set_not_excerpt_attribution,NB,MFDS-NEDRUG-DETAIL,https://nedrug.mfds.go.kr/dsie/pdf/drb/198601920/NB,sha256:56a65a632347d0b38b6b0707e872564af4c139683559beafa0f66c99bea322ba,56a65a632347d0b38b6b0707e872564af4c139683559beafa0f66c99bea322ba,09c76abdd56ca562eaa53684af740d6c8dec0ff17054ac98f630d4422733adb5,2026-07-14,2026-07-14T02:10:14.255342+00:00,"사용상의주의사항 PDF p.8, 문단 16",아 및 고령자에게 신장 손상의 위험이 있다.,false,,,,false,,,,,tylenol500_minimum_age_12,item_sequence=202106092|minimum_age_years=12,입력한 연령에 적용되는 제한 또는 별도 용량 기준이 있습니다.,소아·고령자 용법을 제품 허가사항과 전문가에게 확인하세요.,src/lib/otc/engine.ts:971,,,provisional,inactive_candidate,machine_candidate_not_shortlisted,included,,false,,false,,false,,,,
SAFE-OTC-05-NB-P8-B9-maximum_duration,OTC-V51-EU-5202e85cd6a13a08,OTC-RULE-015,maximum_duration,draft,caution,SAFE-OTC-05,198601920,MFDS-198601920,어린이부루펜시럽(이부프로펜),ING-ibuprofen,이부프로펜,product_authorized_ingredient_set_not_excerpt_attribution,NB,MFDS-NEDRUG-DETAIL,https://nedrug.mfds.go.kr/dsie/pdf/drb/198601920/NB,sha256:56a65a632347d0b38b6b0707e872564af4c139683559beafa0f66c99bea322ba,56a65a632347d0b38b6b0707e872564af4c139683559beafa0f66c99bea322ba,09c76abdd56ca562eaa53684af740d6c8dec0ff17054ac98f630d4422733adb5,2026-07-14,2026-07-14T02:10:14.255342+00:00,"사용상의주의사항 PDF p.8, 문단 9",있다. 장기간 코르티코스테로이드를 복용해 온 환자에게 이 약을 투여하고자 할 경우에는 서서히 용량을 감소,false,,,,false,,,,,pancol_a_continuous_use,scope_only_no_structured_binding,허가된 연속 복용 기간을 넘었을 수 있습니다.,증상이 지속되면 추가 복용 대신 약사 또는 의사와 상담하세요.,src/lib/otc/engine.ts:991,,,provisional,inactive_candidate,machine_candidate_not_shortlisted,included,,false,,false,,false,,,,
SAFE-OTC-05-UD-P1-B10-max_daily_dose,OTC-V51-EU-34aeeab7909cb28d,OTC-RULE-003,max_daily_dose,released,high,SAFE-OTC-05,198601920,MFDS-198601920,어린이부루펜시럽(이부프로펜),ING-ibuprofen,이부프로펜,product_authorized_ingredient_set_not_excerpt_attribution,UD,MFDS-NEDRUG-DETAIL,https://nedrug.mfds.go.kr/dsie/pdf/drb/198601920/UD,sha256:32042f6e2725eb4b2f997244cc3d494278d48ff22b1a7863ba3428167e65df8a,32042f6e2725eb4b2f997244cc3d494278d48ff22b1a7863ba3428167e65df8a,9abcd4e2b2ddf8b20bf01b9812bcfc12bfb17d8fedd0cbe121f3114c04feb796,2026-07-14,2026-07-14T02:10:14.255342+00:00,"용법용량 PDF p.1, 문단 10",어린이 1회 용량 및 1일 최대 용량,false,,"용법용량 PDF p.1, 문단 10",어린이 1회 용량 및 1일 최대 용량,false,,,,,acetaminophen_tylenol500_age_12_plus,item_sequence=202106092|ingredient_id=ING-acetaminophen|max_daily_amount=4000,계산된 하루 총량이 확인된 최대 1일 용량을 초과합니다.,추가 복용 전 약사 또는 의사와 상담하세요.,src/lib/otc/engine.ts:69,3,alternative_context,needs_expert_review,inactive_candidate,shortlisted_context_not_expert_verified,included,,false,,false,,false,,,,
SAFE-OTC-05-UD-P1-B11-max_daily_dose,OTC-V51-EU-27bf3e4e394d9a7e,OTC-RULE-003,max_daily_dose,released,high,SAFE-OTC-05,198601920,MFDS-198601920,어린이부루펜시럽(이부프로펜),ING-ibuprofen,이부프로펜,product_authorized_ingredient_set_not_excerpt_attribution,UD,MFDS-NEDRUG-DETAIL,https://nedrug.mfds.go.kr/dsie/pdf/drb/198601920/UD,sha256:32042f6e2725eb4b2f997244cc3d494278d48ff22b1a7863ba3428167e65df8a,32042f6e2725eb4b2f997244cc3d494278d48ff22b1a7863ba3428167e65df8a,9abcd4e2b2ddf8b20bf01b9812bcfc12bfb17d8fedd0cbe121f3114c04feb796,2026-07-14,2026-07-14T02:10:14.255342+00:00,"용법용량 PDF p.1, 문단 11",연령 1회 용량 1일 최대용량,false,,,,false,,,,,acetaminophen_tylenol500_age_12_plus,item_sequence=202106092|ingredient_id=ING-acetaminophen|max_daily_amount=4000,계산된 하루 총량이 확인된 최대 1일 용량을 초과합니다.,추가 복용 전 약사 또는 의사와 상담하세요.,src/lib/otc/engine.ts:69,,,provisional,inactive_candidate,machine_candidate_not_shortlisted,included,,false,,false,,false,,,,
SAFE-OTC-06-NB-P1-B11-urgent_referral,OTC-V51-EU-739e6e823d7e17eb,OTC-RULE-016,urgent_referral,released,urgent,SAFE-OTC-06,198700405,MFDS-198700405,베아제정,ING-mf-src-0546ff64775e;ING-mf-src-06cdde4eaaee;ING-mf-src-484bf5816144;ING-mf-src-5abce34aadf5;ING-mf-src-7ace07a0f45d;ING-mf-src-7ae387262216;ING-mf-src-a742c02533bc,판셀라제;판프로신;판크레아틴장용과립;시메티콘;우르소데옥시콜산;디아스타제·프로테아제·셀룰라제;리파제,product_authorized_ingredient_set_not_excerpt_attribution,NB,MFDS-NEDRUG-DETAIL,https://nedrug.mfds.go.kr/dsie/pdf/drb/198700405/NB,sha256:4c63fc46e5f4152d8a11a71ab4f595bc70c78b0e87b5c9911a15fbe96225b259,4c63fc46e5f4152d8a11a71ab4f595bc70c78b0e87b5c9911a15fbe96225b259,bf2c3108347c9f37cffdea770d670ab0b16f90b3a7b6ce718923b89b86949d06,2026-07-14,2026-07-14T02:10:14.255342+00:00,"사용상의주의사항 PDF p.1, 문단 11","3. 다음과 같은 경우 이 약의 복용을 즉각 중지하고 의사, 치과의사, 약사와 상의할 것. 상담시 이 첨부문서를 소",false,,,,false,,,,,tylenol500_stop_and_consult_symptoms,item_sequence=202106092|red_flag_terms=호흡곤란;온몸이 붉어짐;혈관부기;두드러기;천식발작;얼굴부기;저혈압;쇽;스티븐스-존슨;스티븐스 존슨;독성표피괴사;리엘 증후군,즉시 상담 또는 진료가 필요한 증상이 입력되었습니다.,지체하지 말고 의료기관 또는 응급상담을 이용하세요.,src/lib/otc/engine.ts:1214,,,provisional,inactive_candidate,machine_candidate_not_shortlisted,included,,true,text:OTC-V51-TEXT-0d21731b71cbdcea,false,,true,OTC-V51-TEXT-0d21731b71cbdcea,,,
SAFE-OTC-06-NB-P1-B3-age_restriction,OTC-V51-EU-f8610365bfe39c37,OTC-RULE-005,age_restriction,released,high,SAFE-OTC-06,198700405,MFDS-198700405,베아제정,ING-mf-src-0546ff64775e;ING-mf-src-06cdde4eaaee;ING-mf-src-484bf5816144;ING-mf-src-5abce34aadf5;ING-mf-src-7ace07a0f45d;ING-mf-src-7ae387262216;ING-mf-src-a742c02533bc,판셀라제;판프로신;판크레아틴장용과립;시메티콘;우르소데옥시콜산;디아스타제·프로테아제·셀룰라제;리파제,product_authorized_ingredient_set_not_excerpt_attribution,NB,MFDS-NEDRUG-DETAIL,https://nedrug.mfds.go.kr/dsie/pdf/drb/198700405/NB,sha256:4c63fc46e5f4152d8a11a71ab4f595bc70c78b0e87b5c9911a15fbe96225b259,4c63fc46e5f4152d8a11a71ab4f595bc70c78b0e87b5c9911a15fbe96225b259,bf2c3108347c9f37cffdea770d670ab0b16f90b3a7b6ce718923b89b86949d06,2026-07-14,2026-07-14T02:10:14.255342+00:00,"사용상의주의사항 PDF p.1, 문단 3",1) 만 7세 이하의 어린이,false,,,,false,,,,,tylenol500_minimum_age_12,item_sequence=202106092|minimum_age_years=12,입력한 연령에 적용되는 제한 또는 별도 용량 기준이 있습니다.,소아·고령자 용법을 제품 허가사항과 전문가에게 확인하세요.,src/lib/otc/engine.ts:971,,,provisional,inactive_candidate,machine_candidate_not_shortlisted,included,,true,text:OTC-V51-TEXT-8a5de618b7617869,false,,true,OTC-V51-TEXT-8a5de618b7617869,,,
SAFE-OTC-06-NB-P1-B9-pregnancy_lactation,OTC-V51-EU-88ea69e998aaf720,OTC-RULE-006,pregnancy_lactation,released,high,SAFE-OTC-06,198700405,MFDS-198700405,베아제정,ING-mf-src-0546ff64775e;ING-mf-src-06cdde4eaaee;ING-mf-src-484bf5816144;ING-mf-src-5abce34aadf5;ING-mf-src-7ace07a0f45d;ING-mf-src-7ae387262216;ING-mf-src-a742c02533bc,판셀라제;판프로신;판크레아틴장용과립;시메티콘;우르소데옥시콜산;디아스타제·프로테아제·셀룰라제;리파제,product_authorized_ingredient_set_not_excerpt_attribution,NB,MFDS-NEDRUG-DETAIL,https://nedrug.mfds.go.kr/dsie/pdf/drb/198700405/NB,sha256:4c63fc46e5f4152d8a11a71ab4f595bc70c78b0e87b5c9911a15fbe96225b259,4c63fc46e5f4152d8a11a71ab4f595bc70c78b0e87b5c9911a15fbe96225b259,bf2c3108347c9f37cffdea770d670ab0b16f90b3a7b6ce718923b89b86949d06,2026-07-14,2026-07-14T02:10:14.255342+00:00,"사용상의주의사항 PDF p.1, 문단 9",2) 임부 또는 임신하고 있을 가능성이 있는 여성,false,,,,false,,,,,ibuprofen_pregnancy_lactation,item_sequence=198601920|flags=pregnancy_lactation,임신 또는 수유 중 주의가 필요한 제품이 포함되어 있습니다.,복용 전 의사 또는 약사와 상담하세요.,src/lib/otc/engine.ts:1094,,,provisional,inactive_candidate,machine_candidate_not_shortlisted,included,,true,text:OTC-V51-TEXT-e9a5cf75c3191f29,false,,true,OTC-V51-TEXT-e9a5cf75c3191f29,,,
SAFE-OTC-07-NB-P1-B10-urgent_referral,OTC-V51-EU-2d08a6d77122fed8,OTC-RULE-016,urgent_referral,released,urgent,SAFE-OTC-07,200300406,MFDS-200300406,닥터베아제정,ING-mf-src-0546ff64775e;ING-mf-src-06cdde4eaaee;ING-mf-src-5abce34aadf5;ING-mf-src-7ace07a0f45d;ING-mf-src-7ae387262216;ING-mf-src-a5c9920bea02;ING-mf-src-a742c02533bc;ING-mf-src-db4cde0b063f;ING-mf-src-ea4c014f0616,판셀라제;판프로신;시메티콘;우르소데옥시콜산;디아스타제·프로테아제·셀룰라제;크리아제-PEG;리파제;디아스타제·프로테아제100;브로멜라인,product_authorized_ingredient_set_not_excerpt_attribution,NB,MFDS-NEDRUG-DETAIL,https://nedrug.mfds.go.kr/dsie/pdf/drb/200300406/NB,sha256:3494767aa2b6c942d791a02651b569d83a5f8e3a1b355ef88a93588f9da75780,3494767aa2b6c942d791a02651b569d83a5f8e3a1b355ef88a93588f9da75780,af55f642b7e4d1552539837f051492466c63f5f9ce4dea0b47eec1b7fc71e413,2026-07-14,2026-07-14T02:10:14.255342+00:00,"사용상의주의사항 PDF p.1, 문단 10","3. 다음과 같은 경우 이 약의 복용을 즉각 중지하고 의사, 치과의사, 약사와 상의할 것. 상담시 이 첨부문서를 소",false,,,,false,,,,,tylenol500_stop_and_consult_symptoms,item_sequence=202106092|red_flag_terms=호흡곤란;온몸이 붉어짐;혈관부기;두드러기;천식발작;얼굴부기;저혈압;쇽;스티븐스-존슨;스티븐스 존슨;독성표피괴사;리엘 증후군,즉시 상담 또는 진료가 필요한 증상이 입력되었습니다.,지체하지 말고 의료기관 또는 응급상담을 이용하세요.,src/lib/otc/engine.ts:1214,,,provisional,inactive_candidate,machine_candidate_not_shortlisted,included,,true,text:OTC-V51-TEXT-0d21731b71cbdcea,false,,true,OTC-V51-TEXT-0d21731b71cbdcea,,,
SAFE-OTC-07-NB-P1-B3-age_restriction,OTC-V51-EU-4966a9077536922d,OTC-RULE-005,age_restriction,released,high,SAFE-OTC-07,200300406,MFDS-200300406,닥터베아제정,ING-mf-src-0546ff64775e;ING-mf-src-06cdde4eaaee;ING-mf-src-5abce34aadf5;ING-mf-src-7ace07a0f45d;ING-mf-src-7ae387262216;ING-mf-src-a5c9920bea02;ING-mf-src-a742c02533bc;ING-mf-src-db4cde0b063f;ING-mf-src-ea4c014f0616,판셀라제;판프로신;시메티콘;우르소데옥시콜산;디아스타제·프로테아제·셀룰라제;크리아제-PEG;리파제;디아스타제·프로테아제100;브로멜라인,product_authorized_ingredient_set_not_excerpt_attribution,NB,MFDS-NEDRUG-DETAIL,https://nedrug.mfds.go.kr/dsie/pdf/drb/200300406/NB,sha256:3494767aa2b6c942d791a02651b569d83a5f8e3a1b355ef88a93588f9da75780,3494767aa2b6c942d791a02651b569d83a5f8e3a1b355ef88a93588f9da75780,af55f642b7e4d1552539837f051492466c63f5f9ce4dea0b47eec1b7fc71e413,2026-07-14,2026-07-14T02:10:14.255342+00:00,"사용상의주의사항 PDF p.1, 문단 3",만 7세 이하의 소아,false,,,,false,,,,,tylenol500_minimum_age_12,item_sequence=202106092|minimum_age_years=12,입력한 연령에 적용되는 제한 또는 별도 용량 기준이 있습니다.,소아·고령자 용법을 제품 허가사항과 전문가에게 확인하세요.,src/lib/otc/engine.ts:971,,,provisional,inactive_candidate,machine_candidate_not_shortlisted,included,,false,,false,,false,,,,
SAFE-OTC-07-NB-P1-B6-pregnancy_lactation,OTC-V51-EU-d73f12158dc29c72,OTC-RULE-006,pregnancy_lactation,released,high,SAFE-OTC-07,200300406,MFDS-200300406,닥터베아제정,ING-mf-src-0546ff64775e;ING-mf-src-06cdde4eaaee;ING-mf-src-5abce34aadf5;ING-mf-src-7ace07a0f45d;ING-mf-src-7ae387262216;ING-mf-src-a5c9920bea02;ING-mf-src-a742c02533bc;ING-mf-src-db4cde0b063f;ING-mf-src-ea4c014f0616,판셀라제;판프로신;시메티콘;우르소데옥시콜산;디아스타제·프로테아제·셀룰라제;크리아제-PEG;리파제;디아스타제·프로테아제100;브로멜라인,product_authorized_ingredient_set_not_excerpt_attribution,NB,MFDS-NEDRUG-DETAIL,https://nedrug.mfds.go.kr/dsie/pdf/drb/200300406/NB,sha256:3494767aa2b6c942d791a02651b569d83a5f8e3a1b355ef88a93588f9da75780,3494767aa2b6c942d791a02651b569d83a5f8e3a1b355ef88a93588f9da75780,af55f642b7e4d1552539837f051492466c63f5f9ce4dea0b47eec1b7fc71e413,2026-07-14,2026-07-14T02:10:14.255342+00:00,"사용상의주의사항 PDF p.1, 문단 6",2) 임부 또는 임신하고 있을 가능성이 있는 여성,false,,,,false,,,,,ibuprofen_pregnancy_lactation,item_sequence=198601920|flags=pregnancy_lactation,임신 또는 수유 중 주의가 필요한 제품이 포함되어 있습니다.,복용 전 의사 또는 약사와 상담하세요.,src/lib/otc/engine.ts:1094,,,provisional,inactive_candidate,machine_candidate_not_shortlisted,included,,true,text:OTC-V51-TEXT-e9a5cf75c3191f29,false,,true,OTC-V51-TEXT-e9a5cf75c3191f29,,,
SAFE-OTC-08-NB-P1-B11-urgent_referral,OTC-V51-EU-5e25edea52b57a27,OTC-RULE-016,urgent_referral,released,urgent,SAFE-OTC-08,199900926,MFDS-199900926,훼스탈골드정,ING-mf-src-5abce34aadf5;ING-mf-src-7ace07a0f45d;ING-mf-src-7ae387262216;ING-mf-src-8f38da8a73d0;ING-mf-src-a742c02533bc;ING-mf-src-d33c06bc01c8;ING-mf-src-d75c9c1aefc3,시메티콘;우르소데옥시콜산;디아스타제·프로테아제·셀룰라제;판크레아틴;리파제;셀룰라제;프로자임6,product_authorized_ingredient_set_not_excerpt_attribution,NB,MFDS-NEDRUG-DETAIL,https://nedrug.mfds.go.kr/dsie/pdf/drb/199900926/NB,sha256:ece6da098d5f571c79c7c5024e806467ab7b3d1bb5f20b40f529d2a4e9cbe8e0,ece6da098d5f571c79c7c5024e806467ab7b3d1bb5f20b40f529d2a4e9cbe8e0,e532eafb345b76d9752aef055abac9def4eb38ca7c282f81f2289e2c29966181,2026-07-14,2026-07-14T02:10:14.255342+00:00,"사용상의주의사항 PDF p.1, 문단 11","3. 다음과 같은 사람(경우)은 이 약의 복용을 즉각 중지하고 의사,치과의사,약사와 상의할 것. 상담시 이 첨부문",false,,,,false,,,,,tylenol500_stop_and_consult_symptoms,item_sequence=202106092|red_flag_terms=호흡곤란;온몸이 붉어짐;혈관부기;두드러기;천식발작;얼굴부기;저혈압;쇽;스티븐스-존슨;스티븐스 존슨;독성표피괴사;리엘 증후군,즉시 상담 또는 진료가 필요한 증상이 입력되었습니다.,지체하지 말고 의료기관 또는 응급상담을 이용하세요.,src/lib/otc/engine.ts:1214,,,provisional,inactive_candidate,machine_candidate_not_shortlisted,included,,false,,false,,false,,,,
SAFE-OTC-08-NB-P1-B3-age_restriction,OTC-V51-EU-2d67628807b3d1d1,OTC-RULE-005,age_restriction,released,high,SAFE-OTC-08,199900926,MFDS-199900926,훼스탈골드정,ING-mf-src-5abce34aadf5;ING-mf-src-7ace07a0f45d;ING-mf-src-7ae387262216;ING-mf-src-8f38da8a73d0;ING-mf-src-a742c02533bc;ING-mf-src-d33c06bc01c8;ING-mf-src-d75c9c1aefc3,시메티콘;우르소데옥시콜산;디아스타제·프로테아제·셀룰라제;판크레아틴;리파제;셀룰라제;프로자임6,product_authorized_ingredient_set_not_excerpt_attribution,NB,MFDS-NEDRUG-DETAIL,https://nedrug.mfds.go.kr/dsie/pdf/drb/199900926/NB,sha256:ece6da098d5f571c79c7c5024e806467ab7b3d1bb5f20b40f529d2a4e9cbe8e0,ece6da098d5f571c79c7c5024e806467ab7b3d1bb5f20b40f529d2a4e9cbe8e0,e532eafb345b76d9752aef055abac9def4eb38ca7c282f81f2289e2c29966181,2026-07-14,2026-07-14T02:10:14.255342+00:00,"사용상의주의사항 PDF p.1, 문단 3",1) 만 7세 이하의 어린이,false,,,,false,,,,,tylenol500_minimum_age_12,item_sequence=202106092|minimum_age_years=12,입력한 연령에 적용되는 제한 또는 별도 용량 기준이 있습니다.,소아·고령자 용법을 제품 허가사항과 전문가에게 확인하세요.,src/lib/otc/engine.ts:971,,,provisional,inactive_candidate,machine_candidate_not_shortlisted,included,,true,text:OTC-V51-TEXT-8a5de618b7617869,false,,true,OTC-V51-TEXT-8a5de618b7617869,,,
SAFE-OTC-08-NB-P1-B9-pregnancy_lactation,OTC-V51-EU-e391c5a814587ad8,OTC-RULE-006,pregnancy_lactation,released,high,SAFE-OTC-08,199900926,MFDS-199900926,훼스탈골드정,ING-mf-src-5abce34aadf5;ING-mf-src-7ace07a0f45d;ING-mf-src-7ae387262216;ING-mf-src-8f38da8a73d0;ING-mf-src-a742c02533bc;ING-mf-src-d33c06bc01c8;ING-mf-src-d75c9c1aefc3,시메티콘;우르소데옥시콜산;디아스타제·프로테아제·셀룰라제;판크레아틴;리파제;셀룰라제;프로자임6,product_authorized_ingredient_set_not_excerpt_attribution,NB,MFDS-NEDRUG-DETAIL,https://nedrug.mfds.go.kr/dsie/pdf/drb/199900926/NB,sha256:ece6da098d5f571c79c7c5024e806467ab7b3d1bb5f20b40f529d2a4e9cbe8e0,ece6da098d5f571c79c7c5024e806467ab7b3d1bb5f20b40f529d2a4e9cbe8e0,e532eafb345b76d9752aef055abac9def4eb38ca7c282f81f2289e2c29966181,2026-07-14,2026-07-14T02:10:14.255342+00:00,"사용상의주의사항 PDF p.1, 문단 9",2) 임부 또는 임신하고 있을 가능성이 있는 여성,false,,,,false,,,,,ibuprofen_pregnancy_lactation,item_sequence=198601920|flags=pregnancy_lactation,임신 또는 수유 중 주의가 필요한 제품이 포함되어 있습니다.,복용 전 의사 또는 약사와 상담하세요.,src/lib/otc/engine.ts:1094,,,provisional,inactive_candidate,machine_candidate_not_shortlisted,included,,true,text:OTC-V51-TEXT-e9a5cf75c3191f29,false,,true,OTC-V51-TEXT-e9a5cf75c3191f29,,,
SAFE-OTC-09-NB-P1-B3-age_restriction,OTC-V51-EU-be3a86b250cd33d8,OTC-RULE-005,age_restriction,released,high,SAFE-OTC-09,199801026,MFDS-199801026,훼스탈플러스정,ING-mf-src-5abce34aadf5;ING-mf-src-7ace07a0f45d;ING-mf-src-8f38da8a73d0;ING-mf-src-d33c06bc01c8,시메티콘;우르소데옥시콜산;판크레아틴;셀룰라제,product_authorized_ingredient_set_not_excerpt_attribution,NB,MFDS-NEDRUG-DETAIL,https://nedrug.mfds.go.kr/dsie/pdf/drb/199801026/NB,sha256:7f0c695c438573fb52b46f45a1f7eaaf1508349d05f75899e7ee72525998fde7,7f0c695c438573fb52b46f45a1f7eaaf1508349d05f75899e7ee72525998fde7,ff03397cfdaf41e75e12535e89d432343e24e9f2230c48024129d9a2d826748e,2026-07-14,2026-07-14T02:10:14.255342+00:00,"사용상의주의사항 PDF p.1, 문단 3",(1) 만 7세 이하의 어린이,false,,,,false,,,,,tylenol500_minimum_age_12,item_sequence=202106092|minimum_age_years=12,입력한 연령에 적용되는 제한 또는 별도 용량 기준이 있습니다.,소아·고령자 용법을 제품 허가사항과 전문가에게 확인하세요.,src/lib/otc/engine.ts:971,,,provisional,inactive_candidate,machine_candidate_not_shortlisted,included,,true,text:OTC-V51-TEXT-8a5de618b7617869,false,,true,OTC-V51-TEXT-8a5de618b7617869,,,
SAFE-OTC-09-NB-P1-B6-pregnancy_lactation,OTC-V51-EU-2460237f3c1c4090,OTC-RULE-006,pregnancy_lactation,released,high,SAFE-OTC-09,199801026,MFDS-199801026,훼스탈플러스정,ING-mf-src-5abce34aadf5;ING-mf-src-7ace07a0f45d;ING-mf-src-8f38da8a73d0;ING-mf-src-d33c06bc01c8,시메티콘;우르소데옥시콜산;판크레아틴;셀룰라제,product_authorized_ingredient_set_not_excerpt_attribution,NB,MFDS-NEDRUG-DETAIL,https://nedrug.mfds.go.kr/dsie/pdf/drb/199801026/NB,sha256:7f0c695c438573fb52b46f45a1f7eaaf1508349d05f75899e7ee72525998fde7,7f0c695c438573fb52b46f45a1f7eaaf1508349d05f75899e7ee72525998fde7,ff03397cfdaf41e75e12535e89d432343e24e9f2230c48024129d9a2d826748e,2026-07-14,2026-07-14T02:10:14.255342+00:00,"사용상의주의사항 PDF p.1, 문단 6",(2) 임부 또는 임신하고 있을 가능성이 있는 여성,false,,,,false,,,,,ibuprofen_pregnancy_lactation,item_sequence=198601920|flags=pregnancy_lactation,임신 또는 수유 중 주의가 필요한 제품이 포함되어 있습니다.,복용 전 의사 또는 약사와 상담하세요.,src/lib/otc/engine.ts:1094,,,provisional,inactive_candidate,machine_candidate_not_shortlisted,included,,true,text:OTC-V51-TEXT-e9a5cf75c3191f29,false,,true,OTC-V51-TEXT-e9a5cf75c3191f29,,,
SAFE-OTC-09-NB-P1-B8-urgent_referral,OTC-V51-EU-6c9ff7acd32bfca1,OTC-RULE-016,urgent_referral,released,urgent,SAFE-OTC-09,199801026,MFDS-199801026,훼스탈플러스정,ING-mf-src-5abce34aadf5;ING-mf-src-7ace07a0f45d;ING-mf-src-8f38da8a73d0;ING-mf-src-d33c06bc01c8,시메티콘;우르소데옥시콜산;판크레아틴;셀룰라제,product_authorized_ingredient_set_not_excerpt_attribution,NB,MFDS-NEDRUG-DETAIL,https://nedrug.mfds.go.kr/dsie/pdf/drb/199801026/NB,sha256:7f0c695c438573fb52b46f45a1f7eaaf1508349d05f75899e7ee72525998fde7,7f0c695c438573fb52b46f45a1f7eaaf1508349d05f75899e7ee72525998fde7,ff03397cfdaf41e75e12535e89d432343e24e9f2230c48024129d9a2d826748e,2026-07-14,2026-07-14T02:10:14.255342+00:00,"사용상의주의사항 PDF p.1, 문단 8","3. 다음과 같은 사람(경우) 이 약의 복용을 즉각 중지하고 의사,치과의사,약사와 상의할 것.상담시 이 첨부문서",false,,,,false,,,,,tylenol500_stop_and_consult_symptoms,item_sequence=202106092|red_flag_terms=호흡곤란;온몸이 붉어짐;혈관부기;두드러기;천식발작;얼굴부기;저혈압;쇽;스티븐스-존슨;스티븐스 존슨;독성표피괴사;리엘 증후군,즉시 상담 또는 진료가 필요한 증상이 입력되었습니다.,지체하지 말고 의료기관 또는 응급상담을 이용하세요.,src/lib/otc/engine.ts:1214,,,provisional,inactive_candidate,machine_candidate_not_shortlisted,included,,false,,false,,false,,,,
SAFE-OTC-09-UD-P1-B2-age_restriction,OTC-V51-EU-6b865270b9e646fc,OTC-RULE-005,age_restriction,released,high,SAFE-OTC-09,199801026,MFDS-199801026,훼스탈플러스정,ING-mf-src-5abce34aadf5;ING-mf-src-7ace07a0f45d;ING-mf-src-8f38da8a73d0;ING-mf-src-d33c06bc01c8,시메티콘;우르소데옥시콜산;판크레아틴;셀룰라제,product_authorized_ingredient_set_not_excerpt_attribution,UD,MFDS-NEDRUG-DETAIL,https://nedrug.mfds.go.kr/dsie/pdf/drb/199801026/UD,sha256:c71c27f2e6cc95fdda0d723c926260f309c96cf7aafbc3b5887802ae6362e958,c71c27f2e6cc95fdda0d723c926260f309c96cf7aafbc3b5887802ae6362e958,970242dccd099ecb9c55f81d71573e4f0c263f27556d38ff333829ed2a863431,2026-07-14,2026-07-14T02:10:14.255342+00:00,"용법용량 PDF p.1, 문단 2","성인 1회 1-2정, 소아(만 8세~만15세미만) 1회 1정",false,,,,false,,,,,tylenol500_minimum_age_12,item_sequence=202106092|minimum_age_years=12,입력한 연령에 적용되는 제한 또는 별도 용량 기준이 있습니다.,소아·고령자 용법을 제품 허가사항과 전문가에게 확인하세요.,src/lib/otc/engine.ts:971,,,provisional,inactive_candidate,machine_candidate_not_shortlisted,included,,false,,false,,false,,,,
SAFE-OTC-10-NB-P1-B10-max_daily_dose,OTC-V51-EU-a4fe1574fda53710,OTC-RULE-003,max_daily_dose,released,high,SAFE-OTC-10,196800036,MFDS-196800036,판콜에이내복액,ING-acetaminophen;ING-chlorpheniramine_maleate;ING-mf-src-41c782105274;ING-mf-src-4b985f9d3bdb;ING-mf-src-cd3363b1ac1f;ING-mf-src-dc293e7de142,아세트아미노펜;클로르페니라민말레산염;펜톡시베린시트르산염;페닐레프린염산염;구아이페네신;카페인무수물,product_authorized_ingredient_set_not_excerpt_attribution,NB,MFDS-NEDRUG-DETAIL,https://nedrug.mfds.go.kr/dsie/pdf/drb/196800036/NB,sha256:4dc2cc19d6409256b5607f139786118d25b38869a1c47ee0150664b7ea18720d,4dc2cc19d6409256b5607f139786118d25b38869a1c47ee0150664b7ea18720d,0b3f91b4fc0e6187323c3aaf8044136a6fbcbb434d9ae51c7e21de842eb857fc,2026-07-14,2026-07-14T02:10:14.255342+00:00,"사용상의주의사항 PDF p.1, 문단 10","3) 이 약은 아세트아미노펜을 함유하고 있다. 아세트아미노펜으로 일일 최대 용량(4,000mg)을 초과할 경우",false,,,,false,,,,,acetaminophen_tylenol500_age_12_plus,item_sequence=202106092|ingredient_id=ING-acetaminophen|max_daily_amount=4000,계산된 하루 총량이 확인된 최대 1일 용량을 초과합니다.,추가 복용 전 약사 또는 의사와 상담하세요.,src/lib/otc/engine.ts:69,,,provisional,inactive_candidate,machine_candidate_not_shortlisted,included,,true,text:OTC-V51-TEXT-e838e5f7e2ce0091,false,,true,OTC-V51-TEXT-e838e5f7e2ce0091,,,
SAFE-OTC-10-NB-P1-B11-hepatic_disease,OTC-V51-EU-7cefc6adff5b7c04,OTC-RULE-007,hepatic_disease,released,high,SAFE-OTC-10,196800036,MFDS-196800036,판콜에이내복액,ING-acetaminophen;ING-chlorpheniramine_maleate;ING-mf-src-41c782105274;ING-mf-src-4b985f9d3bdb;ING-mf-src-cd3363b1ac1f;ING-mf-src-dc293e7de142,아세트아미노펜;클로르페니라민말레산염;펜톡시베린시트르산염;페닐레프린염산염;구아이페네신;카페인무수물,product_authorized_ingredient_set_not_excerpt_attribution,NB,MFDS-NEDRUG-DETAIL,https://nedrug.mfds.go.kr/dsie/pdf/drb/196800036/NB,sha256:4dc2cc19d6409256b5607f139786118d25b38869a1c47ee0150664b7ea18720d,4dc2cc19d6409256b5607f139786118d25b38869a1c47ee0150664b7ea18720d,0b3f91b4fc0e6187323c3aaf8044136a6fbcbb434d9ae51c7e21de842eb857fc,2026-07-14,2026-07-14T02:10:14.255342+00:00,"사용상의주의사항 PDF p.1, 문단 11","간손상을 일으킬 수 있으므로 이 약을 일일 최대 용량(4000mg)을 초과하여 복용하여서는 아니되며, 아세트",false,,,,false,,,,,acetaminophen_liver_disease,item_sequence=202106092|ingredient_id=ING-acetaminophen|flags=hepatic_disease,간질환과 관련해 주의가 필요한 제품이 포함되어 있습니다.,복용 전 의사 또는 약사와 상담하세요.,src/lib/otc/engine.ts:1016,,,provisional,inactive_candidate,machine_candidate_not_shortlisted,included,,true,location:OTC-V51-EU-7cefc6adff5b7c04;text:OTC-V51-TEXT-4a27950adeffee61,true,OTC-V51-EU-7cefc6adff5b7c04,true,OTC-V51-TEXT-4a27950adeffee61,,,
SAFE-OTC-10-NB-P1-B11-max_daily_dose,OTC-V51-EU-7cefc6adff5b7c04,OTC-RULE-003,max_daily_dose,released,high,SAFE-OTC-10,196800036,MFDS-196800036,판콜에이내복액,ING-acetaminophen;ING-chlorpheniramine_maleate;ING-mf-src-41c782105274;ING-mf-src-4b985f9d3bdb;ING-mf-src-cd3363b1ac1f;ING-mf-src-dc293e7de142,아세트아미노펜;클로르페니라민말레산염;펜톡시베린시트르산염;페닐레프린염산염;구아이페네신;카페인무수물,product_authorized_ingredient_set_not_excerpt_attribution,NB,MFDS-NEDRUG-DETAIL,https://nedrug.mfds.go.kr/dsie/pdf/drb/196800036/NB,sha256:4dc2cc19d6409256b5607f139786118d25b38869a1c47ee0150664b7ea18720d,4dc2cc19d6409256b5607f139786118d25b38869a1c47ee0150664b7ea18720d,0b3f91b4fc0e6187323c3aaf8044136a6fbcbb434d9ae51c7e21de842eb857fc,2026-07-14,2026-07-14T02:10:14.255342+00:00,"사용상의주의사항 PDF p.1, 문단 11","간손상을 일으킬 수 있으므로 이 약을 일일 최대 용량(4000mg)을 초과하여 복용하여서는 아니되며, 아세트",false,,,,false,,,,,acetaminophen_tylenol500_age_12_plus,item_sequence=202106092|ingredient_id=ING-acetaminophen|max_daily_amount=4000,계산된 하루 총량이 확인된 최대 1일 용량을 초과합니다.,추가 복용 전 약사 또는 의사와 상담하세요.,src/lib/otc/engine.ts:69,,,provisional,inactive_candidate,machine_candidate_not_shortlisted,included,,true,location:OTC-V51-EU-7cefc6adff5b7c04;text:OTC-V51-TEXT-4a27950adeffee61,true,OTC-V51-EU-7cefc6adff5b7c04,true,OTC-V51-TEXT-4a27950adeffee61,,,
SAFE-OTC-10-NB-P1-B12-duplicate_ingredient,OTC-V51-EU-6449fc0333c056eb,OTC-RULE-001,duplicate_ingredient,released,high,SAFE-OTC-10,196800036,MFDS-196800036,판콜에이내복액,ING-acetaminophen;ING-chlorpheniramine_maleate;ING-mf-src-41c782105274;ING-mf-src-4b985f9d3bdb;ING-mf-src-cd3363b1ac1f;ING-mf-src-dc293e7de142,아세트아미노펜;클로르페니라민말레산염;펜톡시베린시트르산염;페닐레프린염산염;구아이페네신;카페인무수물,product_authorized_ingredient_set_not_excerpt_attribution,NB,MFDS-NEDRUG-DETAIL,https://nedrug.mfds.go.kr/dsie/pdf/drb/196800036/NB,sha256:4dc2cc19d6409256b5607f139786118d25b38869a1c47ee0150664b7ea18720d,4dc2cc19d6409256b5607f139786118d25b38869a1c47ee0150664b7ea18720d,0b3f91b4fc0e6187323c3aaf8044136a6fbcbb434d9ae51c7e21de842eb857fc,2026-07-14,2026-07-14T02:10:14.255342+00:00,"사용상의주의사항 PDF p.1, 문단 12",아미노펜을 포함하는 다른 제품과 함께 복용하여서는 안 된다.,false,,"사용상의주의사항 PDF p.1, 문단 12",아미노펜을 포함하는 다른 제품과 함께 복용하여서는 안 된다.,false,,,,,acetaminophen_containing_selected_products,scope_only_no_structured_binding,같은 유효성분이 여러 제품에 포함되어 있습니다.,각 제품의 성분과 총 복용량을 확인하고 복용 전 약사 또는 의사와 상담하세요.,src/lib/otc/engine.ts:586,3,alternative_context,needs_expert_review,inactive_candidate,shortlisted_context_not_expert_verified,included,,true,text:OTC-V51-TEXT-6aface40f4e3dcdf,false,,true,OTC-V51-TEXT-6aface40f4e3dcdf,,,
SAFE-OTC-10-NB-P1-B15-duplicate_pharmacologic_class,OTC-V51-EU-3696b018954b1ff7,OTC-RULE-002,duplicate_pharmacologic_class,released,high,SAFE-OTC-10,196800036,MFDS-196800036,판콜에이내복액,ING-acetaminophen;ING-chlorpheniramine_maleate;ING-mf-src-41c782105274;ING-mf-src-4b985f9d3bdb;ING-mf-src-cd3363b1ac1f;ING-mf-src-dc293e7de142,아세트아미노펜;클로르페니라민말레산염;펜톡시베린시트르산염;페닐레프린염산염;구아이페네신;카페인무수물,product_authorized_ingredient_set_not_excerpt_attribution,NB,MFDS-NEDRUG-DETAIL,https://nedrug.mfds.go.kr/dsie/pdf/drb/196800036/NB,sha256:4dc2cc19d6409256b5607f139786118d25b38869a1c47ee0150664b7ea18720d,4dc2cc19d6409256b5607f139786118d25b38869a1c47ee0150664b7ea18720d,0b3f91b4fc0e6187323c3aaf8044136a6fbcbb434d9ae51c7e21de842eb857fc,2026-07-14,2026-07-14T02:10:14.255342+00:00,"사용상의주의사항 PDF p.1, 문단 15","2) 이 약 및 이 약의 구성성분, 다른 해열진통제, 감기약 복용 시 천식을 일으킨 적이 있는 사람",false,,,,false,,,,,ibuprofen_and_other_NSAIDs,scope_only_no_structured_binding,같은 NSAID 계열 성분을 함께 복용할 수 있습니다.,함께 복용하지 말고 복용 전 약사 또는 의사와 상담하세요.,src/lib/otc/engine.ts:759,,,provisional,inactive_candidate,machine_candidate_not_shortlisted,included,,true,text:OTC-V51-TEXT-f08e18b7082d3bf1,false,,true,OTC-V51-TEXT-f08e18b7082d3bf1,,,
SAFE-OTC-10-NB-P1-B20-sedative_medication,OTC-V51-EU-8ab7a309f01c4d8b,OTC-RULE-013,sedative_medication,released,high,SAFE-OTC-10,196800036,MFDS-196800036,판콜에이내복액,ING-acetaminophen;ING-chlorpheniramine_maleate;ING-mf-src-41c782105274;ING-mf-src-4b985f9d3bdb;ING-mf-src-cd3363b1ac1f;ING-mf-src-dc293e7de142,아세트아미노펜;클로르페니라민말레산염;펜톡시베린시트르산염;페닐레프린염산염;구아이페네신;카페인무수물,product_authorized_ingredient_set_not_excerpt_attribution,NB,MFDS-NEDRUG-DETAIL,https://nedrug.mfds.go.kr/dsie/pdf/drb/196800036/NB,sha256:4dc2cc19d6409256b5607f139786118d25b38869a1c47ee0150664b7ea18720d,4dc2cc19d6409256b5607f139786118d25b38869a1c47ee0150664b7ea18720d,0b3f91b4fc0e6187323c3aaf8044136a6fbcbb434d9ae51c7e21de842eb857fc,2026-07-14,2026-07-14T02:10:14.255342+00:00,"사용상의주의사항 PDF p.1, 문단 20","3. 이 약을 복용하는 동안 다음의 약을 복용하지 말 것. 진해(기침을 그치게 함)거담제, 다른 감기약, 해열진통제, 진정제, 항히스타민제를 함유하는 내복약(비염(코염)용 경구제, 멀미약, 알레르기용약)",true,PDF 시각 줄바꿈으로 나뉜 상위 지시문과 연속 문장 복원,"사용상의주의사항 PDF p.1, 문단 20","3. 이 약을 복용하는 동안 다음의 약을 복용하지 말 것. 진해(기침을 그치게 함)거담제, 다른 감기약, 해열진통제, 진정제, 항히스타민제를 함유하는 내복약(비염(코염)용 경구제, 멀미약, 알레르기용약)",false,"사용상의주의사항 PDF p.1, 문단 20","3. 이 약을 복용하는 동안 다음의 약을 복용하지 말 것. 진해(기침을 그치게 함)거담제, 다른 감기약, 해열진통제, 진정제, 항히스타민제를 함유하는 내복약(비염(코염)용 경구제, 멀미약, 알레르기용약)","사용상의주의사항 PDF p.1, 문단 20","3. 이 약을 복용하는 동안 다음의 약을 복용하지 말 것. 진해(기침을 그치게 함)거담제, 다른 감기약, 해열진통제, 진정제, 항히스타민제를 함유하는 내복약(비염(코염)용 경구제, 멀미약, 알레르기용약)",pancol_a_sedative_or_overlapping_cold_medicine,item_sequence=196800036|flags=sedative_medication,진정 작용이 있는 약물과 함께 복용할 때 주의가 필요할 수 있습니다.,복용 전 약사 또는 의사와 상담하세요.,src/lib/otc/engine.ts:1077,1,recommended_primary,verified_primary,active_existing_released_primary_evidence,expert_primary_released,included,,false,,false,,false,,EXT-PHARM-001,pharmacist_expert,2026-07-14T06:44:02.643Z
SAFE-OTC-10-NB-P1-B23-age_restriction,OTC-V51-EU-610edc70497e328e,OTC-RULE-005,age_restriction,released,high,SAFE-OTC-10,196800036,MFDS-196800036,판콜에이내복액,ING-acetaminophen;ING-chlorpheniramine_maleate;ING-mf-src-41c782105274;ING-mf-src-4b985f9d3bdb;ING-mf-src-cd3363b1ac1f;ING-mf-src-dc293e7de142,아세트아미노펜;클로르페니라민말레산염;펜톡시베린시트르산염;페닐레프린염산염;구아이페네신;카페인무수물,product_authorized_ingredient_set_not_excerpt_attribution,NB,MFDS-NEDRUG-DETAIL,https://nedrug.mfds.go.kr/dsie/pdf/drb/196800036/NB,sha256:4dc2cc19d6409256b5607f139786118d25b38869a1c47ee0150664b7ea18720d,4dc2cc19d6409256b5607f139786118d25b38869a1c47ee0150664b7ea18720d,0b3f91b4fc0e6187323c3aaf8044136a6fbcbb434d9ae51c7e21de842eb857fc,2026-07-14,2026-07-14T02:10:14.255342+00:00,"사용상의주의사항 PDF p.1, 문단 23",1) 수두 또는 인플루엔자에 감염되어 있거나 또는 의심되는 영아(젖먹이) 및 만 15세 미만의 어린이(구역이,false,,,,false,,,,,tylenol500_minimum_age_12,item_sequence=202106092|minimum_age_years=12,입력한 연령에 적용되는 제한 또는 별도 용량 기준이 있습니다.,소아·고령자 용법을 제품 허가사항과 전문가에게 확인하세요.,src/lib/otc/engine.ts:971,,,provisional,inactive_candidate,machine_candidate_not_shortlisted,included,,false,,false,,false,,,,
SAFE-OTC-10-NB-P1-B3-alcohol,OTC-V51-EU-27cf2706140cbe63,OTC-RULE-011,alcohol,released,high,SAFE-OTC-10,196800036,MFDS-196800036,판콜에이내복액,ING-acetaminophen;ING-chlorpheniramine_maleate;ING-mf-src-41c782105274;ING-mf-src-4b985f9d3bdb;ING-mf-src-cd3363b1ac1f;ING-mf-src-dc293e7de142,아세트아미노펜;클로르페니라민말레산염;펜톡시베린시트르산염;페닐레프린염산염;구아이페네신;카페인무수물,product_authorized_ingredient_set_not_excerpt_attribution,NB,MFDS-NEDRUG-DETAIL,https://nedrug.mfds.go.kr/dsie/pdf/drb/196800036/NB,sha256:4dc2cc19d6409256b5607f139786118d25b38869a1c47ee0150664b7ea18720d,4dc2cc19d6409256b5607f139786118d25b38869a1c47ee0150664b7ea18720d,0b3f91b4fc0e6187323c3aaf8044136a6fbcbb434d9ae51c7e21de842eb857fc,2026-07-14,2026-07-14T02:10:14.255342+00:00,"사용상의주의사항 PDF p.1, 문단 3",1) 매일 세잔 이상 정기적으로 술을 마시는 사람이 이 약이나 다른 해열진통제를 복용해야 할 경우 반드시 의,false,,,,false,,,,,acetaminophen_regular_alcohol_use,item_sequence=202106092|ingredient_id=ING-acetaminophen|flags=alcohol,음주와 함께 복용할 때 주의가 필요한 제품이 포함되어 있습니다.,음주 중 복용 전 약사 또는 의사와 상담하세요.,src/lib/otc/engine.ts:1044,,,provisional,inactive_candidate,machine_candidate_not_shortlisted,included,,true,location:OTC-V51-EU-27cf2706140cbe63;text:OTC-V51-TEXT-376e19a8d2c6c54d,true,OTC-V51-EU-27cf2706140cbe63,true,OTC-V51-TEXT-376e19a8d2c6c54d,,,
SAFE-OTC-10-NB-P1-B3-duplicate_pharmacologic_class,OTC-V51-EU-27cf2706140cbe63,OTC-RULE-002,duplicate_pharmacologic_class,released,high,SAFE-OTC-10,196800036,MFDS-196800036,판콜에이내복액,ING-acetaminophen;ING-chlorpheniramine_maleate;ING-mf-src-41c782105274;ING-mf-src-4b985f9d3bdb;ING-mf-src-cd3363b1ac1f;ING-mf-src-dc293e7de142,아세트아미노펜;클로르페니라민말레산염;펜톡시베린시트르산염;페닐레프린염산염;구아이페네신;카페인무수물,product_authorized_ingredient_set_not_excerpt_attribution,NB,MFDS-NEDRUG-DETAIL,https://nedrug.mfds.go.kr/dsie/pdf/drb/196800036/NB,sha256:4dc2cc19d6409256b5607f139786118d25b38869a1c47ee0150664b7ea18720d,4dc2cc19d6409256b5607f139786118d25b38869a1c47ee0150664b7ea18720d,0b3f91b4fc0e6187323c3aaf8044136a6fbcbb434d9ae51c7e21de842eb857fc,2026-07-14,2026-07-14T02:10:14.255342+00:00,"사용상의주의사항 PDF p.1, 문단 3",1) 매일 세잔 이상 정기적으로 술을 마시는 사람이 이 약이나 다른 해열진통제를 복용해야 할 경우 반드시 의,false,,,,false,,,,,ibuprofen_and_other_NSAIDs,scope_only_no_structured_binding,같은 NSAID 계열 성분을 함께 복용할 수 있습니다.,함께 복용하지 말고 복용 전 약사 또는 의사와 상담하세요.,src/lib/otc/engine.ts:759,,,provisional,inactive_candidate,machine_candidate_not_shortlisted,included,,true,location:OTC-V51-EU-27cf2706140cbe63;text:OTC-V51-TEXT-376e19a8d2c6c54d,true,OTC-V51-EU-27cf2706140cbe63,true,OTC-V51-TEXT-376e19a8d2c6c54d,,,
SAFE-OTC-10-NB-P1-B4-hepatic_disease,OTC-V51-EU-185f9071c66d5c68,OTC-RULE-007,hepatic_disease,released,high,SAFE-OTC-10,196800036,MFDS-196800036,판콜에이내복액,ING-acetaminophen;ING-chlorpheniramine_maleate;ING-mf-src-41c782105274;ING-mf-src-4b985f9d3bdb;ING-mf-src-cd3363b1ac1f;ING-mf-src-dc293e7de142,아세트아미노펜;클로르페니라민말레산염;펜톡시베린시트르산염;페닐레프린염산염;구아이페네신;카페인무수물,product_authorized_ingredient_set_not_excerpt_attribution,NB,MFDS-NEDRUG-DETAIL,https://nedrug.mfds.go.kr/dsie/pdf/drb/196800036/NB,sha256:4dc2cc19d6409256b5607f139786118d25b38869a1c47ee0150664b7ea18720d,4dc2cc19d6409256b5607f139786118d25b38869a1c47ee0150664b7ea18720d,0b3f91b4fc0e6187323c3aaf8044136a6fbcbb434d9ae51c7e21de842eb857fc,2026-07-14,2026-07-14T02:10:14.255342+00:00,"사용상의주의사항 PDF p.1, 문단 4",사 또는 약사와 상의해야 한다. 이러한 사람이 이 약을 복용하면 간손상이 유발될 수 있다.,false,,,,false,,,,,acetaminophen_liver_disease,item_sequence=202106092|ingredient_id=ING-acetaminophen|flags=hepatic_disease,간질환과 관련해 주의가 필요한 제품이 포함되어 있습니다.,복용 전 의사 또는 약사와 상담하세요.,src/lib/otc/engine.ts:1016,,,provisional,inactive_candidate,machine_candidate_not_shortlisted,included,,true,text:OTC-V51-TEXT-320859651b76dcc5,false,,true,OTC-V51-TEXT-320859651b76dcc5,,,
SAFE-OTC-10-NB-P1-B8-urgent_referral,OTC-V51-EU-74c9f9d2e0ab06b6,OTC-RULE-016,urgent_referral,released,urgent,SAFE-OTC-10,196800036,MFDS-196800036,판콜에이내복액,ING-acetaminophen;ING-chlorpheniramine_maleate;ING-mf-src-41c782105274;ING-mf-src-4b985f9d3bdb;ING-mf-src-cd3363b1ac1f;ING-mf-src-dc293e7de142,아세트아미노펜;클로르페니라민말레산염;펜톡시베린시트르산염;페닐레프린염산염;구아이페네신;카페인무수물,product_authorized_ingredient_set_not_excerpt_attribution,NB,MFDS-NEDRUG-DETAIL,https://nedrug.mfds.go.kr/dsie/pdf/drb/196800036/NB,sha256:4dc2cc19d6409256b5607f139786118d25b38869a1c47ee0150664b7ea18720d,4dc2cc19d6409256b5607f139786118d25b38869a1c47ee0150664b7ea18720d,0b3f91b4fc0e6187323c3aaf8044136a6fbcbb434d9ae51c7e21de842eb857fc,2026-07-14,2026-07-14T02:10:14.255342+00:00,"사용상의주의사항 PDF p.1, 문단 8","분히 알리고, 이 약 투여 후 피부발진이나 다른 과민반응의 징후가 나타나면 즉시 복용을 중단하도록 하여야",false,,,,false,,,,,tylenol500_stop_and_consult_symptoms,item_sequence=202106092|red_flag_terms=호흡곤란;온몸이 붉어짐;혈관부기;두드러기;천식발작;얼굴부기;저혈압;쇽;스티븐스-존슨;스티븐스 존슨;독성표피괴사;리엘 증후군,즉시 상담 또는 진료가 필요한 증상이 입력되었습니다.,지체하지 말고 의료기관 또는 응급상담을 이용하세요.,src/lib/otc/engine.ts:1214,,,provisional,inactive_candidate,machine_candidate_not_shortlisted,included,,false,,false,,false,,,,
SAFE-OTC-10-NB-P2-B13-urgent_referral,OTC-V51-EU-639faa0bb1687100,OTC-RULE-016,urgent_referral,released,urgent,SAFE-OTC-10,196800036,MFDS-196800036,판콜에이내복액,ING-acetaminophen;ING-chlorpheniramine_maleate;ING-mf-src-41c782105274;ING-mf-src-4b985f9d3bdb;ING-mf-src-cd3363b1ac1f;ING-mf-src-dc293e7de142,아세트아미노펜;클로르페니라민말레산염;펜톡시베린시트르산염;페닐레프린염산염;구아이페네신;카페인무수물,product_authorized_ingredient_set_not_excerpt_attribution,NB,MFDS-NEDRUG-DETAIL,https://nedrug.mfds.go.kr/dsie/pdf/drb/196800036/NB,sha256:4dc2cc19d6409256b5607f139786118d25b38869a1c47ee0150664b7ea18720d,4dc2cc19d6409256b5607f139786118d25b38869a1c47ee0150664b7ea18720d,150ea85a174868f56354b9d6bdda0482575690f59024a9c61e579f8916d4561a,2026-07-14,2026-07-14T02:10:14.255342+00:00,"사용상의주의사항 PDF p.2, 문단 13","5. 다음과 같은 경우 이 약의 복용을 즉각 중지하고 의사, 치과의사, 약사와 상의할 것. 상담 시 가능한 한 이 첨",false,,,,false,,,,,tylenol500_stop_and_consult_symptoms,item_sequence=202106092|red_flag_terms=호흡곤란;온몸이 붉어짐;혈관부기;두드러기;천식발작;얼굴부기;저혈압;쇽;스티븐스-존슨;스티븐스 존슨;독성표피괴사;리엘 증후군,즉시 상담 또는 진료가 필요한 증상이 입력되었습니다.,지체하지 말고 의료기관 또는 응급상담을 이용하세요.,src/lib/otc/engine.ts:1214,,,provisional,inactive_candidate,machine_candidate_not_shortlisted,included,,true,text:OTC-V51-TEXT-dee9b8705c5e2c8a,false,,true,OTC-V51-TEXT-dee9b8705c5e2c8a,,,
SAFE-OTC-10-NB-P2-B4-decongestant_hypertension,OTC-V51-EU-66dcad30f1945d24,OTC-RULE-014,decongestant_hypertension,released,high,SAFE-OTC-10,196800036,MFDS-196800036,판콜에이내복액,ING-acetaminophen;ING-chlorpheniramine_maleate;ING-mf-src-41c782105274;ING-mf-src-4b985f9d3bdb;ING-mf-src-cd3363b1ac1f;ING-mf-src-dc293e7de142,아세트아미노펜;클로르페니라민말레산염;펜톡시베린시트르산염;페닐레프린염산염;구아이페네신;카페인무수물,product_authorized_ingredient_set_not_excerpt_attribution,NB,MFDS-NEDRUG-DETAIL,https://nedrug.mfds.go.kr/dsie/pdf/drb/196800036/NB,sha256:4dc2cc19d6409256b5607f139786118d25b38869a1c47ee0150664b7ea18720d,4dc2cc19d6409256b5607f139786118d25b38869a1c47ee0150664b7ea18720d,150ea85a174868f56354b9d6bdda0482575690f59024a9c61e579f8916d4561a,2026-07-14,2026-07-14T02:10:14.255342+00:00,"사용상의주의사항 PDF p.2, 문단 4","4. 다음과 같은 사람은 이 약을 복용하기 전에 의사, 치과의사, 약사와 상의 할 것. … 4) 간장질환, 신장(콩팥)질환, 심장질환, 갑상선질환, 당뇨병, 고혈압, 위십이지장궤양, 녹내장(예: 눈의 통증, 눈이 침침함 등), 배뇨(소변을 눔)곤란 등이 있는 사람, 몸이 약한 사람 또는 고열이 있는 사람",true,PDF 시각 줄바꿈과 중간 목록 생략을 표시해 상위 지시문과 대상 항목 복원,"사용상의주의사항 PDF p.2, 문단 4","4. 다음과 같은 사람은 이 약을 복용하기 전에 의사, 치과의사, 약사와 상의 할 것. … 4) 간장질환, 신장(콩팥)질환, 심장질환, 갑상선질환, 당뇨병, 고혈압, 위십이지장궤양, 녹내장(예: 눈의 통증, 눈이 침침함 등), 배뇨(소변을 눔)곤란 등이 있는 사람, 몸이 약한 사람 또는 고열이 있는 사람",false,"사용상의주의사항 PDF p.2, 문단 4","4. 다음과 같은 사람은 이 약을 복용하기 전에 의사, 치과의사, 약사와 상의 할 것. … 4) 간장질환, 신장(콩팥)질환, 심장질환, 갑상선질환, 당뇨병, 고혈압, 위십이지장궤양, 녹내장(예: 눈의 통증, 눈이 침침함 등), 배뇨(소변을 눔)곤란 등이 있는 사람, 몸이 약한 사람 또는 고열이 있는 사람","사용상의주의사항 PDF p.2, 문단 4","4. 다음과 같은 사람은 이 약을 복용하기 전에 의사, 치과의사, 약사와 상의 할 것. … 4) 간장질환, 신장(콩팥)질환, 심장질환, 갑상선질환, 당뇨병, 고혈압, 위십이지장궤양, 녹내장(예: 눈의 통증, 눈이 침침함 등), 배뇨(소변을 눔)곤란 등이 있는 사람, 몸이 약한 사람 또는 고열이 있는 사람",pancol_a_phenylephrine_hypertension,item_sequence=196800036|flags=decongestant_hypertension,고혈압 또는 심혈관질환에서 비충혈제거제 주의가 필요할 수 있습니다.,복용 전 의사 또는 약사와 상담하세요.,src/lib/otc/engine.ts:1051,1,recommended_primary,verified_primary,active_existing_released_primary_evidence,expert_primary_released,included,,true,location:OTC-V51-EU-66dcad30f1945d24,true,OTC-V51-EU-66dcad30f1945d24,false,,EXT-PHARM-001,pharmacist_expert,2026-07-14T06:44:02.643Z
SAFE-OTC-10-NB-P2-B4-gi_bleeding_ulcer,OTC-V51-EU-66dcad30f1945d24,OTC-RULE-009,gi_bleeding_ulcer,released,high,SAFE-OTC-10,196800036,MFDS-196800036,판콜에이내복액,ING-acetaminophen;ING-chlorpheniramine_maleate;ING-mf-src-41c782105274;ING-mf-src-4b985f9d3bdb;ING-mf-src-cd3363b1ac1f;ING-mf-src-dc293e7de142,아세트아미노펜;클로르페니라민말레산염;펜톡시베린시트르산염;페닐레프린염산염;구아이페네신;카페인무수물,product_authorized_ingredient_set_not_excerpt_attribution,NB,MFDS-NEDRUG-DETAIL,https://nedrug.mfds.go.kr/dsie/pdf/drb/196800036/NB,sha256:4dc2cc19d6409256b5607f139786118d25b38869a1c47ee0150664b7ea18720d,4dc2cc19d6409256b5607f139786118d25b38869a1c47ee0150664b7ea18720d,150ea85a174868f56354b9d6bdda0482575690f59024a9c61e579f8916d4561a,2026-07-14,2026-07-14T02:10:14.255342+00:00,"사용상의주의사항 PDF p.2, 문단 4","4) 간장질환, 신장(콩팥)질환, 심장질환, 갑상선질환, 당뇨병, 고혈압, 위십이지장궤양, 녹내장",false,,,,false,,,,,ibuprofen_gi_bleeding_or_ulcer,item_sequence=198601920|flags=gi_bleeding_ulcer,위장관 출혈 또는 궤양 위험과 관련된 제품이 포함되어 있습니다.,복용 전 의사 또는 약사와 상담하세요.,src/lib/otc/engine.ts:1030,,,provisional,inactive_candidate,machine_candidate_not_shortlisted,included,,true,location:OTC-V51-EU-66dcad30f1945d24,true,OTC-V51-EU-66dcad30f1945d24,false,,,,
SAFE-OTC-10-NB-P2-B4-hepatic_disease,OTC-V51-EU-66dcad30f1945d24,OTC-RULE-007,hepatic_disease,released,high,SAFE-OTC-10,196800036,MFDS-196800036,판콜에이내복액,ING-acetaminophen;ING-chlorpheniramine_maleate;ING-mf-src-41c782105274;ING-mf-src-4b985f9d3bdb;ING-mf-src-cd3363b1ac1f;ING-mf-src-dc293e7de142,아세트아미노펜;클로르페니라민말레산염;펜톡시베린시트르산염;페닐레프린염산염;구아이페네신;카페인무수물,product_authorized_ingredient_set_not_excerpt_attribution,NB,MFDS-NEDRUG-DETAIL,https://nedrug.mfds.go.kr/dsie/pdf/drb/196800036/NB,sha256:4dc2cc19d6409256b5607f139786118d25b38869a1c47ee0150664b7ea18720d,4dc2cc19d6409256b5607f139786118d25b38869a1c47ee0150664b7ea18720d,150ea85a174868f56354b9d6bdda0482575690f59024a9c61e579f8916d4561a,2026-07-14,2026-07-14T02:10:14.255342+00:00,"사용상의주의사항 PDF p.2, 문단 4","4) 간장질환, 신장(콩팥)질환, 심장질환, 갑상선질환, 당뇨병, 고혈압, 위십이지장궤양, 녹내장",false,,,,false,,,,,acetaminophen_liver_disease,item_sequence=202106092|ingredient_id=ING-acetaminophen|flags=hepatic_disease,간질환과 관련해 주의가 필요한 제품이 포함되어 있습니다.,복용 전 의사 또는 약사와 상담하세요.,src/lib/otc/engine.ts:1016,,,provisional,inactive_candidate,machine_candidate_not_shortlisted,included,,true,location:OTC-V51-EU-66dcad30f1945d24,true,OTC-V51-EU-66dcad30f1945d24,false,,,,
SAFE-OTC-10-NB-P2-B4-renal_disease,OTC-V51-EU-66dcad30f1945d24,OTC-RULE-008,renal_disease,released,high,SAFE-OTC-10,196800036,MFDS-196800036,판콜에이내복액,ING-acetaminophen;ING-chlorpheniramine_maleate;ING-mf-src-41c782105274;ING-mf-src-4b985f9d3bdb;ING-mf-src-cd3363b1ac1f;ING-mf-src-dc293e7de142,아세트아미노펜;클로르페니라민말레산염;펜톡시베린시트르산염;페닐레프린염산염;구아이페네신;카페인무수물,product_authorized_ingredient_set_not_excerpt_attribution,NB,MFDS-NEDRUG-DETAIL,https://nedrug.mfds.go.kr/dsie/pdf/drb/196800036/NB,sha256:4dc2cc19d6409256b5607f139786118d25b38869a1c47ee0150664b7ea18720d,4dc2cc19d6409256b5607f139786118d25b38869a1c47ee0150664b7ea18720d,150ea85a174868f56354b9d6bdda0482575690f59024a9c61e579f8916d4561a,2026-07-14,2026-07-14T02:10:14.255342+00:00,"사용상의주의사항 PDF p.2, 문단 4","4) 간장질환, 신장(콩팥)질환, 심장질환, 갑상선질환, 당뇨병, 고혈압, 위십이지장궤양, 녹내장",false,,,,false,,,,,ibuprofen_kidney_disease,item_sequence=198601920|flags=renal_disease,신장질환과 관련해 주의가 필요한 제품이 포함되어 있습니다.,복용 전 의사 또는 약사와 상담하세요.,src/lib/otc/engine.ts:1023,,,provisional,inactive_candidate,machine_candidate_not_shortlisted,included,,true,location:OTC-V51-EU-66dcad30f1945d24,true,OTC-V51-EU-66dcad30f1945d24,false,,,,
SAFE-OTC-10-NB-P2-B7-pregnancy_lactation,OTC-V51-EU-25db300ba23b2106,OTC-RULE-006,pregnancy_lactation,released,high,SAFE-OTC-10,196800036,MFDS-196800036,판콜에이내복액,ING-acetaminophen;ING-chlorpheniramine_maleate;ING-mf-src-41c782105274;ING-mf-src-4b985f9d3bdb;ING-mf-src-cd3363b1ac1f;ING-mf-src-dc293e7de142,아세트아미노펜;클로르페니라민말레산염;펜톡시베린시트르산염;페닐레프린염산염;구아이페네신;카페인무수물,product_authorized_ingredient_set_not_excerpt_attribution,NB,MFDS-NEDRUG-DETAIL,https://nedrug.mfds.go.kr/dsie/pdf/drb/196800036/NB,sha256:4dc2cc19d6409256b5607f139786118d25b38869a1c47ee0150664b7ea18720d,4dc2cc19d6409256b5607f139786118d25b38869a1c47ee0150664b7ea18720d,150ea85a174868f56354b9d6bdda0482575690f59024a9c61e579f8916d4561a,2026-07-14,2026-07-14T02:10:14.255342+00:00,"사용상의주의사항 PDF p.2, 문단 7","6) 임부 또는 임신하고 있을 가능성이 있는 여성, 수유부(임신 30주 이후 살리실산나트륨, 살리실아미드, 아",false,,,,false,,,,,ibuprofen_pregnancy_lactation,item_sequence=198601920|flags=pregnancy_lactation,임신 또는 수유 중 주의가 필요한 제품이 포함되어 있습니다.,복용 전 의사 또는 약사와 상담하세요.,src/lib/otc/engine.ts:1094,,,provisional,inactive_candidate,machine_candidate_not_shortlisted,included,,false,,false,,false,,,,
SAFE-OTC-10-NB-P2-B9-anticoagulant_antiplatelet,OTC-V51-EU-c1754bd539e97421,OTC-RULE-012,anticoagulant_antiplatelet,released,high,SAFE-OTC-10,196800036,MFDS-196800036,판콜에이내복액,ING-acetaminophen;ING-chlorpheniramine_maleate;ING-mf-src-41c782105274;ING-mf-src-4b985f9d3bdb;ING-mf-src-cd3363b1ac1f;ING-mf-src-dc293e7de142,아세트아미노펜;클로르페니라민말레산염;펜톡시베린시트르산염;페닐레프린염산염;구아이페네신;카페인무수물,product_authorized_ingredient_set_not_excerpt_attribution,NB,MFDS-NEDRUG-DETAIL,https://nedrug.mfds.go.kr/dsie/pdf/drb/196800036/NB,sha256:4dc2cc19d6409256b5607f139786118d25b38869a1c47ee0150664b7ea18720d,4dc2cc19d6409256b5607f139786118d25b38869a1c47ee0150664b7ea18720d,150ea85a174868f56354b9d6bdda0482575690f59024a9c61e579f8916d4561a,2026-07-14,2026-07-14T02:10:14.255342+00:00,"사용상의주의사항 PDF p.2, 문단 9","7) 의사 또는 치과의사의 치료를 받고 있는 사람(당뇨약, 통풍약, 관절염약, 항응고제, 스테로이드제 등 다른",false,,,,false,,,,,ibuprofen_warfarin_or_coumarin_anticoagulant,item_sequence=198601920|flags=anticoagulant_antiplatelet,항응고제 또는 항혈소판제와 병용할 때 주의가 필요할 수 있습니다.,복용 전 처방한 의료진 또는 약사와 상담하세요.,src/lib/otc/engine.ts:1061,,,provisional,inactive_candidate,machine_candidate_not_shortlisted,included,,true,text:OTC-V51-TEXT-5a4093092dbabcc6,false,,true,OTC-V51-TEXT-5a4093092dbabcc6,,,
SAFE-OTC-10-NB-P3-B2-age_restriction,OTC-V51-EU-932eeadb84a673d0,OTC-RULE-005,age_restriction,released,high,SAFE-OTC-10,196800036,MFDS-196800036,판콜에이내복액,ING-acetaminophen;ING-chlorpheniramine_maleate;ING-mf-src-41c782105274;ING-mf-src-4b985f9d3bdb;ING-mf-src-cd3363b1ac1f;ING-mf-src-dc293e7de142,아세트아미노펜;클로르페니라민말레산염;펜톡시베린시트르산염;페닐레프린염산염;구아이페네신;카페인무수물,product_authorized_ingredient_set_not_excerpt_attribution,NB,MFDS-NEDRUG-DETAIL,https://nedrug.mfds.go.kr/dsie/pdf/drb/196800036/NB,sha256:4dc2cc19d6409256b5607f139786118d25b38869a1c47ee0150664b7ea18720d,4dc2cc19d6409256b5607f139786118d25b38869a1c47ee0150664b7ea18720d,b8e4c66663b2e71f1ac3df51e4f3bf43cf580ea702df5c14f115de4274bec41a,2026-07-14,2026-07-14T02:10:14.255342+00:00,"사용상의주의사항 PDF p.3, 문단 2",6. 소아에 대한 투여,false,,,,false,,,,,tylenol500_minimum_age_12,item_sequence=202106092|minimum_age_years=12,입력한 연령에 적용되는 제한 또는 별도 용량 기준이 있습니다.,소아·고령자 용법을 제품 허가사항과 전문가에게 확인하세요.,src/lib/otc/engine.ts:971,,,provisional,inactive_candidate,machine_candidate_not_shortlisted,included,,true,text:OTC-V51-TEXT-7a332babf9f29852,false,,true,OTC-V51-TEXT-7a332babf9f29852,,,
SAFE-OTC-10-NB-P3-B3-age_restriction,OTC-V51-EU-0e4a533ba2945acd,OTC-RULE-005,age_restriction,released,high,SAFE-OTC-10,196800036,MFDS-196800036,판콜에이내복액,ING-acetaminophen;ING-chlorpheniramine_maleate;ING-mf-src-41c782105274;ING-mf-src-4b985f9d3bdb;ING-mf-src-cd3363b1ac1f;ING-mf-src-dc293e7de142,아세트아미노펜;클로르페니라민말레산염;펜톡시베린시트르산염;페닐레프린염산염;구아이페네신;카페인무수물,product_authorized_ingredient_set_not_excerpt_attribution,NB,MFDS-NEDRUG-DETAIL,https://nedrug.mfds.go.kr/dsie/pdf/drb/196800036/NB,sha256:4dc2cc19d6409256b5607f139786118d25b38869a1c47ee0150664b7ea18720d,4dc2cc19d6409256b5607f139786118d25b38869a1c47ee0150664b7ea18720d,b8e4c66663b2e71f1ac3df51e4f3bf43cf580ea702df5c14f115de4274bec41a,2026-07-14,2026-07-14T02:10:14.255342+00:00,"사용상의주의사항 PDF p.3, 문단 3","만2세 미만에게 투여하지 않는다. 다만, 꼭 필요한 경우 의사의 진료를 받는다.",false,,,,false,,,,,tylenol500_minimum_age_12,item_sequence=202106092|minimum_age_years=12,입력한 연령에 적용되는 제한 또는 별도 용량 기준이 있습니다.,소아·고령자 용법을 제품 허가사항과 전문가에게 확인하세요.,src/lib/otc/engine.ts:971,,,provisional,inactive_candidate,machine_candidate_not_shortlisted,included,,true,text:OTC-V51-TEXT-ec1695b4dce1da26,false,,true,OTC-V51-TEXT-ec1695b4dce1da26,,,
SAFE-OTC-10-NB-P3-B6-maximum_duration,OTC-V51-EU-ba453755b63ff0f5,OTC-RULE-015,maximum_duration,draft,caution,SAFE-OTC-10,196800036,MFDS-196800036,판콜에이내복액,ING-acetaminophen;ING-chlorpheniramine_maleate;ING-mf-src-41c782105274;ING-mf-src-4b985f9d3bdb;ING-mf-src-cd3363b1ac1f;ING-mf-src-dc293e7de142,아세트아미노펜;클로르페니라민말레산염;펜톡시베린시트르산염;페닐레프린염산염;구아이페네신;카페인무수물,product_authorized_ingredient_set_not_excerpt_attribution,NB,MFDS-NEDRUG-DETAIL,https://nedrug.mfds.go.kr/dsie/pdf/drb/196800036/NB,sha256:4dc2cc19d6409256b5607f139786118d25b38869a1c47ee0150664b7ea18720d,4dc2cc19d6409256b5607f139786118d25b38869a1c47ee0150664b7ea18720d,b8e4c66663b2e71f1ac3df51e4f3bf43cf580ea702df5c14f115de4274bec41a,2026-07-14,2026-07-14T02:10:14.255342+00:00,"사용상의주의사항 PDF p.3, 문단 6",2) 장기간 계속 복용하지 말 것.,false,,"사용상의주의사항 PDF p.3, 문단 6",2) 장기간 계속 복용하지 말 것.,false,,,,,pancol_a_continuous_use,scope_only_no_structured_binding,허가된 연속 복용 기간을 넘었을 수 있습니다.,증상이 지속되면 추가 복용 대신 약사 또는 의사와 상담하세요.,src/lib/otc/engine.ts:991,1,recommended_primary,needs_expert_review,inactive_candidate,pharmacist_requested_revision,included,,true,text:OTC-V51-TEXT-35426ad1efada9d0,false,,true,OTC-V51-TEXT-35426ad1efada9d0,,,
SAFE-OTC-10-NB-P3-B7-alcohol,OTC-V51-EU-bdc05c8e65d4a3b3,OTC-RULE-011,alcohol,released,high,SAFE-OTC-10,196800036,MFDS-196800036,판콜에이내복액,ING-acetaminophen;ING-chlorpheniramine_maleate;ING-mf-src-41c782105274;ING-mf-src-4b985f9d3bdb;ING-mf-src-cd3363b1ac1f;ING-mf-src-dc293e7de142,아세트아미노펜;클로르페니라민말레산염;펜톡시베린시트르산염;페닐레프린염산염;구아이페네신;카페인무수물,product_authorized_ingredient_set_not_excerpt_attribution,NB,MFDS-NEDRUG-DETAIL,https://nedrug.mfds.go.kr/dsie/pdf/drb/196800036/NB,sha256:4dc2cc19d6409256b5607f139786118d25b38869a1c47ee0150664b7ea18720d,4dc2cc19d6409256b5607f139786118d25b38869a1c47ee0150664b7ea18720d,b8e4c66663b2e71f1ac3df51e4f3bf43cf580ea702df5c14f115de4274bec41a,2026-07-14,2026-07-14T02:10:14.255342+00:00,"사용상의주의사항 PDF p.3, 문단 7",3) 복용시에는 음주하지 말 것.,false,,,,false,,,,,acetaminophen_regular_alcohol_use,item_sequence=202106092|ingredient_id=ING-acetaminophen|flags=alcohol,음주와 함께 복용할 때 주의가 필요한 제품이 포함되어 있습니다.,음주 중 복용 전 약사 또는 의사와 상담하세요.,src/lib/otc/engine.ts:1044,,,provisional,inactive_candidate,machine_candidate_not_shortlisted,included,,true,text:OTC-V51-TEXT-2aa6a1048d98b4b2,false,,true,OTC-V51-TEXT-2aa6a1048d98b4b2,,,
SAFE-OTC-10-NB-P3-B8-sedation_driving,OTC-V51-EU-3112ebb6655615d8,OTC-RULE-010,sedation_driving,released,high,SAFE-OTC-10,196800036,MFDS-196800036,판콜에이내복액,ING-acetaminophen;ING-chlorpheniramine_maleate;ING-mf-src-41c782105274;ING-mf-src-4b985f9d3bdb;ING-mf-src-cd3363b1ac1f;ING-mf-src-dc293e7de142,아세트아미노펜;클로르페니라민말레산염;펜톡시베린시트르산염;페닐레프린염산염;구아이페네신;카페인무수물,product_authorized_ingredient_set_not_excerpt_attribution,NB,MFDS-NEDRUG-DETAIL,https://nedrug.mfds.go.kr/dsie/pdf/drb/196800036/NB,sha256:4dc2cc19d6409256b5607f139786118d25b38869a1c47ee0150664b7ea18720d,4dc2cc19d6409256b5607f139786118d25b38869a1c47ee0150664b7ea18720d,b8e4c66663b2e71f1ac3df51e4f3bf43cf580ea702df5c14f115de4274bec41a,2026-07-14,2026-07-14T02:10:14.255342+00:00,"사용상의주의사항 PDF p.3, 문단 8",4) 복용하는 동안 졸음이 오는 경우가 있으므로 자동차 운전 또는 기계류의 운전 조작을 피할 것.,false,,"사용상의주의사항 PDF p.3, 문단 8",4) 복용하는 동안 졸음이 오는 경우가 있으므로 자동차 운전 또는 기계류의 운전 조작을 피할 것.,false,"사용상의주의사항 PDF p.3, 문단 8",4) 복용하는 동안 졸음이 오는 경우가 있으므로 자동차 운전 또는 기계류의 운전 조작을 피할 것.,"사용상의주의사항 PDF p.3, 문단 8",4) 복용하는 동안 졸음이 오는 경우가 있으므로 자동차 운전 또는 기계류의 운전 조작을 피할 것.,pancol_a_driving,item_sequence=196800036|flags=sedation_driving,졸림을 유발해 운전이나 기계 조작에 영향을 줄 수 있습니다.,운전·기계 조작을 피하고 허가사항을 확인하세요.,src/lib/otc/engine.ts:1037,1,recommended_primary,verified_primary,active_existing_released_primary_evidence,expert_primary_released,included,,true,text:OTC-V51-TEXT-26a5da1d048e1842,false,,true,OTC-V51-TEXT-26a5da1d048e1842,EXT-PHARM-001,pharmacist_expert,2026-07-14T06:44:02.643Z
SAFE-OTC-10-NB-P3-B9-alcohol,OTC-V51-EU-5df1f7536b4fc3c6,OTC-RULE-011,alcohol,released,high,SAFE-OTC-10,196800036,MFDS-196800036,판콜에이내복액,ING-acetaminophen;ING-chlorpheniramine_maleate;ING-mf-src-41c782105274;ING-mf-src-4b985f9d3bdb;ING-mf-src-cd3363b1ac1f;ING-mf-src-dc293e7de142,아세트아미노펜;클로르페니라민말레산염;펜톡시베린시트르산염;페닐레프린염산염;구아이페네신;카페인무수물,product_authorized_ingredient_set_not_excerpt_attribution,NB,MFDS-NEDRUG-DETAIL,https://nedrug.mfds.go.kr/dsie/pdf/drb/196800036/NB,sha256:4dc2cc19d6409256b5607f139786118d25b38869a1c47ee0150664b7ea18720d,4dc2cc19d6409256b5607f139786118d25b38869a1c47ee0150664b7ea18720d,b8e4c66663b2e71f1ac3df51e4f3bf43cf580ea702df5c14f115de4274bec41a,2026-07-14,2026-07-14T02:10:14.255342+00:00,"사용상의주의사항 PDF p.3, 문단 9","5) 바르비탈계 약물, 삼환계 항우울제 및 알코올을 투여한 환자는 다량의 아세트아미노펜을 대사시키는 능력",false,,,,false,,,,,acetaminophen_regular_alcohol_use,item_sequence=202106092|ingredient_id=ING-acetaminophen|flags=alcohol,음주와 함께 복용할 때 주의가 필요한 제품이 포함되어 있습니다.,음주 중 복용 전 약사 또는 의사와 상담하세요.,src/lib/otc/engine.ts:1044,,,provisional,inactive_candidate,machine_candidate_not_shortlisted,included,,true,location:OTC-V51-EU-5df1f7536b4fc3c6;text:OTC-V51-TEXT-949c565446a70dbe,true,OTC-V51-EU-5df1f7536b4fc3c6,true,OTC-V51-TEXT-949c565446a70dbe,,,
SAFE-OTC-10-NB-P3-B9-sedative_medication,OTC-V51-EU-5df1f7536b4fc3c6,OTC-RULE-013,sedative_medication,released,high,SAFE-OTC-10,196800036,MFDS-196800036,판콜에이내복액,ING-acetaminophen;ING-chlorpheniramine_maleate;ING-mf-src-41c782105274;ING-mf-src-4b985f9d3bdb;ING-mf-src-cd3363b1ac1f;ING-mf-src-dc293e7de142,아세트아미노펜;클로르페니라민말레산염;펜톡시베린시트르산염;페닐레프린염산염;구아이페네신;카페인무수물,product_authorized_ingredient_set_not_excerpt_attribution,NB,MFDS-NEDRUG-DETAIL,https://nedrug.mfds.go.kr/dsie/pdf/drb/196800036/NB,sha256:4dc2cc19d6409256b5607f139786118d25b38869a1c47ee0150664b7ea18720d,4dc2cc19d6409256b5607f139786118d25b38869a1c47ee0150664b7ea18720d,b8e4c66663b2e71f1ac3df51e4f3bf43cf580ea702df5c14f115de4274bec41a,2026-07-14,2026-07-14T02:10:14.255342+00:00,"사용상의주의사항 PDF p.3, 문단 9","5) 바르비탈계 약물, 삼환계 항우울제 및 알코올을 투여한 환자는 다량의 아세트아미노펜을 대사시키는 능력",false,,,,false,,,,,pancol_a_sedative_or_overlapping_cold_medicine,item_sequence=196800036|flags=sedative_medication,진정 작용이 있는 약물과 함께 복용할 때 주의가 필요할 수 있습니다.,복용 전 약사 또는 의사와 상담하세요.,src/lib/otc/engine.ts:1077,,,provisional,inactive_candidate,machine_candidate_not_shortlisted,included,,true,location:OTC-V51-EU-5df1f7536b4fc3c6;text:OTC-V51-TEXT-949c565446a70dbe,true,OTC-V51-EU-5df1f7536b4fc3c6,true,OTC-V51-TEXT-949c565446a70dbe,,,
SAFE-OTC-11-NB-P1-B10-max_daily_dose,OTC-V51-EU-7a4198b7b364c13e,OTC-RULE-003,max_daily_dose,released,high,SAFE-OTC-11,199400202,MFDS-199400202,판피린티정,ING-acetaminophen;ING-chlorpheniramine_maleate;ING-mf-src-dc293e7de142,아세트아미노펜;클로르페니라민말레산염;카페인무수물,product_authorized_ingredient_set_not_excerpt_attribution,NB,MFDS-NEDRUG-DETAIL,https://nedrug.mfds.go.kr/dsie/pdf/drb/199400202/NB,sha256:394dcb8cb13506733955aea7f804a9202c0f70d037f2ea37488eaf40831299f3,394dcb8cb13506733955aea7f804a9202c0f70d037f2ea37488eaf40831299f3,46c39fdd99625236a5adf8d75e889f86c162f2c48319be7399014376533e823c,2026-07-14,2026-07-14T02:10:14.255342+00:00,"사용상의주의사항 PDF p.1, 문단 10","3) 이 약은 아세트아미노펜을 함유하고 있다. 아세트아미노펜으로 일일 최대 용량(4,000mg)을 초과할 경우",false,,,,false,,,,,acetaminophen_tylenol500_age_12_plus,item_sequence=202106092|ingredient_id=ING-acetaminophen|max_daily_amount=4000,계산된 하루 총량이 확인된 최대 1일 용량을 초과합니다.,추가 복용 전 약사 또는 의사와 상담하세요.,src/lib/otc/engine.ts:69,,,provisional,inactive_candidate,machine_candidate_not_shortlisted,included,,true,text:OTC-V51-TEXT-e838e5f7e2ce0091,false,,true,OTC-V51-TEXT-e838e5f7e2ce0091,,,
SAFE-OTC-11-NB-P1-B11-hepatic_disease,OTC-V51-EU-a8afdcaabd919f4e,OTC-RULE-007,hepatic_disease,released,high,SAFE-OTC-11,199400202,MFDS-199400202,판피린티정,ING-acetaminophen;ING-chlorpheniramine_maleate;ING-mf-src-dc293e7de142,아세트아미노펜;클로르페니라민말레산염;카페인무수물,product_authorized_ingredient_set_not_excerpt_attribution,NB,MFDS-NEDRUG-DETAIL,https://nedrug.mfds.go.kr/dsie/pdf/drb/199400202/NB,sha256:394dcb8cb13506733955aea7f804a9202c0f70d037f2ea37488eaf40831299f3,394dcb8cb13506733955aea7f804a9202c0f70d037f2ea37488eaf40831299f3,46c39fdd99625236a5adf8d75e889f86c162f2c48319be7399014376533e823c,2026-07-14,2026-07-14T02:10:14.255342+00:00,"사용상의주의사항 PDF p.1, 문단 11","간손상을 일으킬 수 있으므로 이 약을 일일 최대 용량(4,000mg)을 초과하여 복용하여서는 아니되며, 아세트",false,,,,false,,,,,acetaminophen_liver_disease,item_sequence=202106092|ingredient_id=ING-acetaminophen|flags=hepatic_disease,간질환과 관련해 주의가 필요한 제품이 포함되어 있습니다.,복용 전 의사 또는 약사와 상담하세요.,src/lib/otc/engine.ts:1016,,,provisional,inactive_candidate,machine_candidate_not_shortlisted,included,,true,location:OTC-V51-EU-a8afdcaabd919f4e;text:OTC-V51-TEXT-4a27950adeffee61,true,OTC-V51-EU-a8afdcaabd919f4e,true,OTC-V51-TEXT-4a27950adeffee61,,,
SAFE-OTC-11-NB-P1-B11-max_daily_dose,OTC-V51-EU-a8afdcaabd919f4e,OTC-RULE-003,max_daily_dose,released,high,SAFE-OTC-11,199400202,MFDS-199400202,판피린티정,ING-acetaminophen;ING-chlorpheniramine_maleate;ING-mf-src-dc293e7de142,아세트아미노펜;클로르페니라민말레산염;카페인무수물,product_authorized_ingredient_set_not_excerpt_attribution,NB,MFDS-NEDRUG-DETAIL,https://nedrug.mfds.go.kr/dsie/pdf/drb/199400202/NB,sha256:394dcb8cb13506733955aea7f804a9202c0f70d037f2ea37488eaf40831299f3,394dcb8cb13506733955aea7f804a9202c0f70d037f2ea37488eaf40831299f3,46c39fdd99625236a5adf8d75e889f86c162f2c48319be7399014376533e823c,2026-07-14,2026-07-14T02:10:14.255342+00:00,"사용상의주의사항 PDF p.1, 문단 11","간손상을 일으킬 수 있으므로 이 약을 일일 최대 용량(4,000mg)을 초과하여 복용하여서는 아니되며, 아세트",false,,,,false,,,,,acetaminophen_tylenol500_age_12_plus,item_sequence=202106092|ingredient_id=ING-acetaminophen|max_daily_amount=4000,계산된 하루 총량이 확인된 최대 1일 용량을 초과합니다.,추가 복용 전 약사 또는 의사와 상담하세요.,src/lib/otc/engine.ts:69,,,provisional,inactive_candidate,machine_candidate_not_shortlisted,included,,true,location:OTC-V51-EU-a8afdcaabd919f4e;text:OTC-V51-TEXT-4a27950adeffee61,true,OTC-V51-EU-a8afdcaabd919f4e,true,OTC-V51-TEXT-4a27950adeffee61,,,
SAFE-OTC-11-NB-P1-B12-duplicate_ingredient,OTC-V51-EU-bb8d985efbd7ce22,OTC-RULE-001,duplicate_ingredient,released,high,SAFE-OTC-11,199400202,MFDS-199400202,판피린티정,ING-acetaminophen;ING-chlorpheniramine_maleate;ING-mf-src-dc293e7de142,아세트아미노펜;클로르페니라민말레산염;카페인무수물,product_authorized_ingredient_set_not_excerpt_attribution,NB,MFDS-NEDRUG-DETAIL,https://nedrug.mfds.go.kr/dsie/pdf/drb/199400202/NB,sha256:394dcb8cb13506733955aea7f804a9202c0f70d037f2ea37488eaf40831299f3,394dcb8cb13506733955aea7f804a9202c0f70d037f2ea37488eaf40831299f3,46c39fdd99625236a5adf8d75e889f86c162f2c48319be7399014376533e823c,2026-07-14,2026-07-14T02:10:14.255342+00:00,"사용상의주의사항 PDF p.1, 문단 12",아미노펜을 포함하는 다른 제품과 함께 복용하여서는 안 된다.,false,,,,false,,,,,acetaminophen_containing_selected_products,scope_only_no_structured_binding,같은 유효성분이 여러 제품에 포함되어 있습니다.,각 제품의 성분과 총 복용량을 확인하고 복용 전 약사 또는 의사와 상담하세요.,src/lib/otc/engine.ts:586,,,provisional,inactive_candidate,machine_candidate_not_shortlisted,included,,true,text:OTC-V51-TEXT-6aface40f4e3dcdf,false,,true,OTC-V51-TEXT-6aface40f4e3dcdf,,,
SAFE-OTC-11-NB-P1-B15-duplicate_pharmacologic_class,OTC-V51-EU-5394a38a1874bcd7,OTC-RULE-002,duplicate_pharmacologic_class,released,high,SAFE-OTC-11,199400202,MFDS-199400202,판피린티정,ING-acetaminophen;ING-chlorpheniramine_maleate;ING-mf-src-dc293e7de142,아세트아미노펜;클로르페니라민말레산염;카페인무수물,product_authorized_ingredient_set_not_excerpt_attribution,NB,MFDS-NEDRUG-DETAIL,https://nedrug.mfds.go.kr/dsie/pdf/drb/199400202/NB,sha256:394dcb8cb13506733955aea7f804a9202c0f70d037f2ea37488eaf40831299f3,394dcb8cb13506733955aea7f804a9202c0f70d037f2ea37488eaf40831299f3,46c39fdd99625236a5adf8d75e889f86c162f2c48319be7399014376533e823c,2026-07-14,2026-07-14T02:10:14.255342+00:00,"사용상의주의사항 PDF p.1, 문단 15","2) 이 약 및 이 약의 구성성분, 다른 해열진통제, 감기약 복용 시 천식을 일으킨 적이 있는 사람",false,,,,false,,,,,ibuprofen_and_other_NSAIDs,scope_only_no_structured_binding,같은 NSAID 계열 성분을 함께 복용할 수 있습니다.,함께 복용하지 말고 복용 전 약사 또는 의사와 상담하세요.,src/lib/otc/engine.ts:759,,,provisional,inactive_candidate,machine_candidate_not_shortlisted,included,,true,text:OTC-V51-TEXT-f08e18b7082d3bf1,false,,true,OTC-V51-TEXT-f08e18b7082d3bf1,,,
SAFE-OTC-11-NB-P1-B23-sedative_medication,OTC-V51-EU-8ecf3e39bf0c9a13,OTC-RULE-013,sedative_medication,released,high,SAFE-OTC-11,199400202,MFDS-199400202,판피린티정,ING-acetaminophen;ING-chlorpheniramine_maleate;ING-mf-src-dc293e7de142,아세트아미노펜;클로르페니라민말레산염;카페인무수물,product_authorized_ingredient_set_not_excerpt_attribution,NB,MFDS-NEDRUG-DETAIL,https://nedrug.mfds.go.kr/dsie/pdf/drb/199400202/NB,sha256:394dcb8cb13506733955aea7f804a9202c0f70d037f2ea37488eaf40831299f3,394dcb8cb13506733955aea7f804a9202c0f70d037f2ea37488eaf40831299f3,46c39fdd99625236a5adf8d75e889f86c162f2c48319be7399014376533e823c,2026-07-14,2026-07-14T02:10:14.255342+00:00,"사용상의주의사항 PDF p.1, 문단 23","진해거담제, 다른 감기약, 해열진통제, 진정제, 항히스타민제를 함유하는 내복약(비염용 경구제, 멀미약, 알",false,,,,false,,,,,pancol_a_sedative_or_overlapping_cold_medicine,item_sequence=196800036|flags=sedative_medication,진정 작용이 있는 약물과 함께 복용할 때 주의가 필요할 수 있습니다.,복용 전 약사 또는 의사와 상담하세요.,src/lib/otc/engine.ts:1077,,,provisional,inactive_candidate,machine_candidate_not_shortlisted,included,,false,,false,,false,,,,
SAFE-OTC-11-NB-P1-B26-age_restriction,OTC-V51-EU-d9375978bfb64344,OTC-RULE-005,age_restriction,released,high,SAFE-OTC-11,199400202,MFDS-199400202,판피린티정,ING-acetaminophen;ING-chlorpheniramine_maleate;ING-mf-src-dc293e7de142,아세트아미노펜;클로르페니라민말레산염;카페인무수물,product_authorized_ingredient_set_not_excerpt_attribution,NB,MFDS-NEDRUG-DETAIL,https://nedrug.mfds.go.kr/dsie/pdf/drb/199400202/NB,sha256:394dcb8cb13506733955aea7f804a9202c0f70d037f2ea37488eaf40831299f3,394dcb8cb13506733955aea7f804a9202c0f70d037f2ea37488eaf40831299f3,46c39fdd99625236a5adf8d75e889f86c162f2c48319be7399014376533e823c,2026-07-14,2026-07-14T02:10:14.255342+00:00,"사용상의주의사항 PDF p.1, 문단 26",1) 수두 또는 인플루엔자에 감염되어 있거나 또는 의심되는 영아 및 만 15세 미만의 어린이(구역이나 구토를,false,,,,false,,,,,tylenol500_minimum_age_12,item_sequence=202106092|minimum_age_years=12,입력한 연령에 적용되는 제한 또는 별도 용량 기준이 있습니다.,소아·고령자 용법을 제품 허가사항과 전문가에게 확인하세요.,src/lib/otc/engine.ts:971,,,provisional,inactive_candidate,machine_candidate_not_shortlisted,included,,true,text:OTC-V51-TEXT-ac482f36f09115d2,false,,true,OTC-V51-TEXT-ac482f36f09115d2,,,
SAFE-OTC-11-NB-P1-B3-alcohol,OTC-V51-EU-91bef3c56ad2eacd,OTC-RULE-011,alcohol,released,high,SAFE-OTC-11,199400202,MFDS-199400202,판피린티정,ING-acetaminophen;ING-chlorpheniramine_maleate;ING-mf-src-dc293e7de142,아세트아미노펜;클로르페니라민말레산염;카페인무수물,product_authorized_ingredient_set_not_excerpt_attribution,NB,MFDS-NEDRUG-DETAIL,https://nedrug.mfds.go.kr/dsie/pdf/drb/199400202/NB,sha256:394dcb8cb13506733955aea7f804a9202c0f70d037f2ea37488eaf40831299f3,394dcb8cb13506733955aea7f804a9202c0f70d037f2ea37488eaf40831299f3,46c39fdd99625236a5adf8d75e889f86c162f2c48319be7399014376533e823c,2026-07-14,2026-07-14T02:10:14.255342+00:00,"사용상의주의사항 PDF p.1, 문단 3",1) 매일 세잔 이상 정기적으로 술을 마시는 사람이 이 약이나 다른 해열진통제를 복용해야 할 경우 반드시 의,false,,,,false,,,,,acetaminophen_regular_alcohol_use,item_sequence=202106092|ingredient_id=ING-acetaminophen|flags=alcohol,음주와 함께 복용할 때 주의가 필요한 제품이 포함되어 있습니다.,음주 중 복용 전 약사 또는 의사와 상담하세요.,src/lib/otc/engine.ts:1044,,,provisional,inactive_candidate,machine_candidate_not_shortlisted,included,,true,location:OTC-V51-EU-91bef3c56ad2eacd;text:OTC-V51-TEXT-376e19a8d2c6c54d,true,OTC-V51-EU-91bef3c56ad2eacd,true,OTC-V51-TEXT-376e19a8d2c6c54d,,,
SAFE-OTC-11-NB-P1-B3-duplicate_pharmacologic_class,OTC-V51-EU-91bef3c56ad2eacd,OTC-RULE-002,duplicate_pharmacologic_class,released,high,SAFE-OTC-11,199400202,MFDS-199400202,판피린티정,ING-acetaminophen;ING-chlorpheniramine_maleate;ING-mf-src-dc293e7de142,아세트아미노펜;클로르페니라민말레산염;카페인무수물,product_authorized_ingredient_set_not_excerpt_attribution,NB,MFDS-NEDRUG-DETAIL,https://nedrug.mfds.go.kr/dsie/pdf/drb/199400202/NB,sha256:394dcb8cb13506733955aea7f804a9202c0f70d037f2ea37488eaf40831299f3,394dcb8cb13506733955aea7f804a9202c0f70d037f2ea37488eaf40831299f3,46c39fdd99625236a5adf8d75e889f86c162f2c48319be7399014376533e823c,2026-07-14,2026-07-14T02:10:14.255342+00:00,"사용상의주의사항 PDF p.1, 문단 3",1) 매일 세잔 이상 정기적으로 술을 마시는 사람이 이 약이나 다른 해열진통제를 복용해야 할 경우 반드시 의,false,,,,false,,,,,ibuprofen_and_other_NSAIDs,scope_only_no_structured_binding,같은 NSAID 계열 성분을 함께 복용할 수 있습니다.,함께 복용하지 말고 복용 전 약사 또는 의사와 상담하세요.,src/lib/otc/engine.ts:759,,,provisional,inactive_candidate,machine_candidate_not_shortlisted,included,,true,location:OTC-V51-EU-91bef3c56ad2eacd;text:OTC-V51-TEXT-376e19a8d2c6c54d,true,OTC-V51-EU-91bef3c56ad2eacd,true,OTC-V51-TEXT-376e19a8d2c6c54d,,,
SAFE-OTC-11-NB-P1-B4-hepatic_disease,OTC-V51-EU-834061bcb55b4e8b,OTC-RULE-007,hepatic_disease,released,high,SAFE-OTC-11,199400202,MFDS-199400202,판피린티정,ING-acetaminophen;ING-chlorpheniramine_maleate;ING-mf-src-dc293e7de142,아세트아미노펜;클로르페니라민말레산염;카페인무수물,product_authorized_ingredient_set_not_excerpt_attribution,NB,MFDS-NEDRUG-DETAIL,https://nedrug.mfds.go.kr/dsie/pdf/drb/199400202/NB,sha256:394dcb8cb13506733955aea7f804a9202c0f70d037f2ea37488eaf40831299f3,394dcb8cb13506733955aea7f804a9202c0f70d037f2ea37488eaf40831299f3,46c39fdd99625236a5adf8d75e889f86c162f2c48319be7399014376533e823c,2026-07-14,2026-07-14T02:10:14.255342+00:00,"사용상의주의사항 PDF p.1, 문단 4",사 또는 약사와 상의해야 한다. 이러한 사람이 이 약을 복용하면 간손상이 유발될 수 있다.,false,,,,false,,,,,acetaminophen_liver_disease,item_sequence=202106092|ingredient_id=ING-acetaminophen|flags=hepatic_disease,간질환과 관련해 주의가 필요한 제품이 포함되어 있습니다.,복용 전 의사 또는 약사와 상담하세요.,src/lib/otc/engine.ts:1016,,,provisional,inactive_candidate,machine_candidate_not_shortlisted,included,,true,text:OTC-V51-TEXT-320859651b76dcc5,false,,true,OTC-V51-TEXT-320859651b76dcc5,,,
SAFE-OTC-11-NB-P1-B8-urgent_referral,OTC-V51-EU-cb14b91981447d73,OTC-RULE-016,urgent_referral,released,urgent,SAFE-OTC-11,199400202,MFDS-199400202,판피린티정,ING-acetaminophen;ING-chlorpheniramine_maleate;ING-mf-src-dc293e7de142,아세트아미노펜;클로르페니라민말레산염;카페인무수물,product_authorized_ingredient_set_not_excerpt_attribution,NB,MFDS-NEDRUG-DETAIL,https://nedrug.mfds.go.kr/dsie/pdf/drb/199400202/NB,sha256:394dcb8cb13506733955aea7f804a9202c0f70d037f2ea37488eaf40831299f3,394dcb8cb13506733955aea7f804a9202c0f70d037f2ea37488eaf40831299f3,46c39fdd99625236a5adf8d75e889f86c162f2c48319be7399014376533e823c,2026-07-14,2026-07-14T02:10:14.255342+00:00,"사용상의주의사항 PDF p.1, 문단 8","게 충분히 알리고, 이 약 투여 후 피부발진이나 다른 과민반응의 징후가 나타나면 즉시 복용을 중단하도록 하",false,,,,false,,,,,tylenol500_stop_and_consult_symptoms,item_sequence=202106092|red_flag_terms=호흡곤란;온몸이 붉어짐;혈관부기;두드러기;천식발작;얼굴부기;저혈압;쇽;스티븐스-존슨;스티븐스 존슨;독성표피괴사;리엘 증후군,즉시 상담 또는 진료가 필요한 증상이 입력되었습니다.,지체하지 말고 의료기관 또는 응급상담을 이용하세요.,src/lib/otc/engine.ts:1214,,,provisional,inactive_candidate,machine_candidate_not_shortlisted,included,,false,,false,,false,,,,
SAFE-OTC-11-NB-P2-B1-age_restriction,OTC-V51-EU-c105f103d32075c5,OTC-RULE-005,age_restriction,released,high,SAFE-OTC-11,199400202,MFDS-199400202,판피린티정,ING-acetaminophen;ING-chlorpheniramine_maleate;ING-mf-src-dc293e7de142,아세트아미노펜;클로르페니라민말레산염;카페인무수물,product_authorized_ingredient_set_not_excerpt_attribution,NB,MFDS-NEDRUG-DETAIL,https://nedrug.mfds.go.kr/dsie/pdf/drb/199400202/NB,sha256:394dcb8cb13506733955aea7f804a9202c0f70d037f2ea37488eaf40831299f3,394dcb8cb13506733955aea7f804a9202c0f70d037f2ea37488eaf40831299f3,a1acf38d4878ded6875056b825d3d183e0059b6d8347dea7e4016f93361b7492,2026-07-14,2026-07-14T02:10:14.255342+00:00,"사용상의주의사항 PDF p.2, 문단 1",1) 수두 또는 인플루엔자에 감염되어 있거나 또는 의심되는 영아 및 만 15세 미만의 어린이(구역이나 구토를,false,,,,false,,,,,tylenol500_minimum_age_12,item_sequence=202106092|minimum_age_years=12,입력한 연령에 적용되는 제한 또는 별도 용량 기준이 있습니다.,소아·고령자 용법을 제품 허가사항과 전문가에게 확인하세요.,src/lib/otc/engine.ts:971,,,provisional,inactive_candidate,machine_candidate_not_shortlisted,included,,true,text:OTC-V51-TEXT-ac482f36f09115d2,false,,true,OTC-V51-TEXT-ac482f36f09115d2,,,
SAFE-OTC-11-NB-P2-B10-pregnancy_lactation,OTC-V51-EU-a55e764ce75a6130,OTC-RULE-006,pregnancy_lactation,released,high,SAFE-OTC-11,199400202,MFDS-199400202,판피린티정,ING-acetaminophen;ING-chlorpheniramine_maleate;ING-mf-src-dc293e7de142,아세트아미노펜;클로르페니라민말레산염;카페인무수물,product_authorized_ingredient_set_not_excerpt_attribution,NB,MFDS-NEDRUG-DETAIL,https://nedrug.mfds.go.kr/dsie/pdf/drb/199400202/NB,sha256:394dcb8cb13506733955aea7f804a9202c0f70d037f2ea37488eaf40831299f3,394dcb8cb13506733955aea7f804a9202c0f70d037f2ea37488eaf40831299f3,a1acf38d4878ded6875056b825d3d183e0059b6d8347dea7e4016f93361b7492,2026-07-14,2026-07-14T02:10:14.255342+00:00,"사용상의주의사항 PDF p.2, 문단 10","6) 임부 또는 임신하고 있을 가능성이 있는 여성, 수유부",false,,,,false,,,,,ibuprofen_pregnancy_lactation,item_sequence=198601920|flags=pregnancy_lactation,임신 또는 수유 중 주의가 필요한 제품이 포함되어 있습니다.,복용 전 의사 또는 약사와 상담하세요.,src/lib/otc/engine.ts:1094,,,provisional,inactive_candidate,machine_candidate_not_shortlisted,included,,false,,false,,false,,,,
SAFE-OTC-11-NB-P2-B11-anticoagulant_antiplatelet,OTC-V51-EU-3e232739f87ca9be,OTC-RULE-012,anticoagulant_antiplatelet,released,high,SAFE-OTC-11,199400202,MFDS-199400202,판피린티정,ING-acetaminophen;ING-chlorpheniramine_maleate;ING-mf-src-dc293e7de142,아세트아미노펜;클로르페니라민말레산염;카페인무수물,product_authorized_ingredient_set_not_excerpt_attribution,NB,MFDS-NEDRUG-DETAIL,https://nedrug.mfds.go.kr/dsie/pdf/drb/199400202/NB,sha256:394dcb8cb13506733955aea7f804a9202c0f70d037f2ea37488eaf40831299f3,394dcb8cb13506733955aea7f804a9202c0f70d037f2ea37488eaf40831299f3,a1acf38d4878ded6875056b825d3d183e0059b6d8347dea7e4016f93361b7492,2026-07-14,2026-07-14T02:10:14.255342+00:00,"사용상의주의사항 PDF p.2, 문단 11","7) 의사 또는 치과의사의 치료를 받고 있는 사람(당뇨약, 통풍약, 관절염약, 항응고제, 스테로이드제 등 다른",false,,,,false,,,,,ibuprofen_warfarin_or_coumarin_anticoagulant,item_sequence=198601920|flags=anticoagulant_antiplatelet,항응고제 또는 항혈소판제와 병용할 때 주의가 필요할 수 있습니다.,복용 전 처방한 의료진 또는 약사와 상담하세요.,src/lib/otc/engine.ts:1061,,,provisional,inactive_candidate,machine_candidate_not_shortlisted,included,,true,text:OTC-V51-TEXT-5a4093092dbabcc6,false,,true,OTC-V51-TEXT-5a4093092dbabcc6,,,
SAFE-OTC-11-NB-P2-B16-urgent_referral,OTC-V51-EU-44a5b78fcf44244d,OTC-RULE-016,urgent_referral,released,urgent,SAFE-OTC-11,199400202,MFDS-199400202,판피린티정,ING-acetaminophen;ING-chlorpheniramine_maleate;ING-mf-src-dc293e7de142,아세트아미노펜;클로르페니라민말레산염;카페인무수물,product_authorized_ingredient_set_not_excerpt_attribution,NB,MFDS-NEDRUG-DETAIL,https://nedrug.mfds.go.kr/dsie/pdf/drb/199400202/NB,sha256:394dcb8cb13506733955aea7f804a9202c0f70d037f2ea37488eaf40831299f3,394dcb8cb13506733955aea7f804a9202c0f70d037f2ea37488eaf40831299f3,a1acf38d4878ded6875056b825d3d183e0059b6d8347dea7e4016f93361b7492,2026-07-14,2026-07-14T02:10:14.255342+00:00,"사용상의주의사항 PDF p.2, 문단 16","(5) 다음과 같은 경우 이 약의 복용을 즉각 중지하고 의사, 치과의사, 약사와 상의할 것. 상담 시 가능한 한 이 첨",false,,,,false,,,,,tylenol500_stop_and_consult_symptoms,item_sequence=202106092|red_flag_terms=호흡곤란;온몸이 붉어짐;혈관부기;두드러기;천식발작;얼굴부기;저혈압;쇽;스티븐스-존슨;스티븐스 존슨;독성표피괴사;리엘 증후군,즉시 상담 또는 진료가 필요한 증상이 입력되었습니다.,지체하지 말고 의료기관 또는 응급상담을 이용하세요.,src/lib/otc/engine.ts:1214,,,provisional,inactive_candidate,machine_candidate_not_shortlisted,included,,true,text:OTC-V51-TEXT-dee9b8705c5e2c8a,false,,true,OTC-V51-TEXT-dee9b8705c5e2c8a,,,
SAFE-OTC-11-NB-P2-B7-decongestant_hypertension,OTC-V51-EU-854337cca6982400,OTC-RULE-014,decongestant_hypertension,released,high,SAFE-OTC-11,199400202,MFDS-199400202,판피린티정,ING-acetaminophen;ING-chlorpheniramine_maleate;ING-mf-src-dc293e7de142,아세트아미노펜;클로르페니라민말레산염;카페인무수물,product_authorized_ingredient_set_not_excerpt_attribution,NB,MFDS-NEDRUG-DETAIL,https://nedrug.mfds.go.kr/dsie/pdf/drb/199400202/NB,sha256:394dcb8cb13506733955aea7f804a9202c0f70d037f2ea37488eaf40831299f3,394dcb8cb13506733955aea7f804a9202c0f70d037f2ea37488eaf40831299f3,a1acf38d4878ded6875056b825d3d183e0059b6d8347dea7e4016f93361b7492,2026-07-14,2026-07-14T02:10:14.255342+00:00,"사용상의주의사항 PDF p.2, 문단 7","4) 간장질환, 신장질환, 심장질환, 갑상선질환, 당뇨병, 고혈압, 위십이지장궤양, 녹내장(예 : 눈의 통증, 눈이",false,,,,false,,,,,pancol_a_phenylephrine_hypertension,item_sequence=196800036|flags=decongestant_hypertension,고혈압 또는 심혈관질환에서 비충혈제거제 주의가 필요할 수 있습니다.,복용 전 의사 또는 약사와 상담하세요.,src/lib/otc/engine.ts:1051,,,provisional,inactive_candidate,machine_candidate_not_shortlisted,included,,true,location:OTC-V51-EU-854337cca6982400,true,OTC-V51-EU-854337cca6982400,false,,,,
SAFE-OTC-11-NB-P2-B7-gi_bleeding_ulcer,OTC-V51-EU-854337cca6982400,OTC-RULE-009,gi_bleeding_ulcer,released,high,SAFE-OTC-11,199400202,MFDS-199400202,판피린티정,ING-acetaminophen;ING-chlorpheniramine_maleate;ING-mf-src-dc293e7de142,아세트아미노펜;클로르페니라민말레산염;카페인무수물,product_authorized_ingredient_set_not_excerpt_attribution,NB,MFDS-NEDRUG-DETAIL,https://nedrug.mfds.go.kr/dsie/pdf/drb/199400202/NB,sha256:394dcb8cb13506733955aea7f804a9202c0f70d037f2ea37488eaf40831299f3,394dcb8cb13506733955aea7f804a9202c0f70d037f2ea37488eaf40831299f3,a1acf38d4878ded6875056b825d3d183e0059b6d8347dea7e4016f93361b7492,2026-07-14,2026-07-14T02:10:14.255342+00:00,"사용상의주의사항 PDF p.2, 문단 7","4) 간장질환, 신장질환, 심장질환, 갑상선질환, 당뇨병, 고혈압, 위십이지장궤양, 녹내장(예 : 눈의 통증, 눈이",false,,,,false,,,,,ibuprofen_gi_bleeding_or_ulcer,item_sequence=198601920|flags=gi_bleeding_ulcer,위장관 출혈 또는 궤양 위험과 관련된 제품이 포함되어 있습니다.,복용 전 의사 또는 약사와 상담하세요.,src/lib/otc/engine.ts:1030,,,provisional,inactive_candidate,machine_candidate_not_shortlisted,included,,true,location:OTC-V51-EU-854337cca6982400,true,OTC-V51-EU-854337cca6982400,false,,,,
SAFE-OTC-11-NB-P2-B7-hepatic_disease,OTC-V51-EU-854337cca6982400,OTC-RULE-007,hepatic_disease,released,high,SAFE-OTC-11,199400202,MFDS-199400202,판피린티정,ING-acetaminophen;ING-chlorpheniramine_maleate;ING-mf-src-dc293e7de142,아세트아미노펜;클로르페니라민말레산염;카페인무수물,product_authorized_ingredient_set_not_excerpt_attribution,NB,MFDS-NEDRUG-DETAIL,https://nedrug.mfds.go.kr/dsie/pdf/drb/199400202/NB,sha256:394dcb8cb13506733955aea7f804a9202c0f70d037f2ea37488eaf40831299f3,394dcb8cb13506733955aea7f804a9202c0f70d037f2ea37488eaf40831299f3,a1acf38d4878ded6875056b825d3d183e0059b6d8347dea7e4016f93361b7492,2026-07-14,2026-07-14T02:10:14.255342+00:00,"사용상의주의사항 PDF p.2, 문단 7","4) 간장질환, 신장질환, 심장질환, 갑상선질환, 당뇨병, 고혈압, 위십이지장궤양, 녹내장(예 : 눈의 통증, 눈이",false,,,,false,,,,,acetaminophen_liver_disease,item_sequence=202106092|ingredient_id=ING-acetaminophen|flags=hepatic_disease,간질환과 관련해 주의가 필요한 제품이 포함되어 있습니다.,복용 전 의사 또는 약사와 상담하세요.,src/lib/otc/engine.ts:1016,,,provisional,inactive_candidate,machine_candidate_not_shortlisted,included,,true,location:OTC-V51-EU-854337cca6982400,true,OTC-V51-EU-854337cca6982400,false,,,,
SAFE-OTC-11-NB-P2-B7-renal_disease,OTC-V51-EU-854337cca6982400,OTC-RULE-008,renal_disease,released,high,SAFE-OTC-11,199400202,MFDS-199400202,판피린티정,ING-acetaminophen;ING-chlorpheniramine_maleate;ING-mf-src-dc293e7de142,아세트아미노펜;클로르페니라민말레산염;카페인무수물,product_authorized_ingredient_set_not_excerpt_attribution,NB,MFDS-NEDRUG-DETAIL,https://nedrug.mfds.go.kr/dsie/pdf/drb/199400202/NB,sha256:394dcb8cb13506733955aea7f804a9202c0f70d037f2ea37488eaf40831299f3,394dcb8cb13506733955aea7f804a9202c0f70d037f2ea37488eaf40831299f3,a1acf38d4878ded6875056b825d3d183e0059b6d8347dea7e4016f93361b7492,2026-07-14,2026-07-14T02:10:14.255342+00:00,"사용상의주의사항 PDF p.2, 문단 7","4) 간장질환, 신장질환, 심장질환, 갑상선질환, 당뇨병, 고혈압, 위십이지장궤양, 녹내장(예 : 눈의 통증, 눈이",false,,,,false,,,,,ibuprofen_kidney_disease,item_sequence=198601920|flags=renal_disease,신장질환과 관련해 주의가 필요한 제품이 포함되어 있습니다.,복용 전 의사 또는 약사와 상담하세요.,src/lib/otc/engine.ts:1023,,,provisional,inactive_candidate,machine_candidate_not_shortlisted,included,,true,location:OTC-V51-EU-854337cca6982400,true,OTC-V51-EU-854337cca6982400,false,,,,
SAFE-OTC-11-NB-P3-B10-sedation_driving,OTC-V51-EU-f7bb8a661787f5ae,OTC-RULE-010,sedation_driving,released,high,SAFE-OTC-11,199400202,MFDS-199400202,판피린티정,ING-acetaminophen;ING-chlorpheniramine_maleate;ING-mf-src-dc293e7de142,아세트아미노펜;클로르페니라민말레산염;카페인무수물,product_authorized_ingredient_set_not_excerpt_attribution,NB,MFDS-NEDRUG-DETAIL,https://nedrug.mfds.go.kr/dsie/pdf/drb/199400202/NB,sha256:394dcb8cb13506733955aea7f804a9202c0f70d037f2ea37488eaf40831299f3,394dcb8cb13506733955aea7f804a9202c0f70d037f2ea37488eaf40831299f3,c0b3a1fc977e0949861c8c685508c174986b4d448d91404789d59b7321faf931,2026-07-14,2026-07-14T02:10:14.255342+00:00,"사용상의주의사항 PDF p.3, 문단 10",4) 복용하는 동안 졸음이 오는 경우가 있으므로 자동차 운전 또는 기계류의 운전 조작을 피할 것.,false,,,,false,,,,,pancol_a_driving,item_sequence=196800036|flags=sedation_driving,졸림을 유발해 운전이나 기계 조작에 영향을 줄 수 있습니다.,운전·기계 조작을 피하고 허가사항을 확인하세요.,src/lib/otc/engine.ts:1037,,,provisional,inactive_candidate,machine_candidate_not_shortlisted,included,,true,text:OTC-V51-TEXT-26a5da1d048e1842,false,,true,OTC-V51-TEXT-26a5da1d048e1842,,,
SAFE-OTC-11-NB-P3-B11-alcohol,OTC-V51-EU-d0f88df9fd4ea281,OTC-RULE-011,alcohol,released,high,SAFE-OTC-11,199400202,MFDS-199400202,판피린티정,ING-acetaminophen;ING-chlorpheniramine_maleate;ING-mf-src-dc293e7de142,아세트아미노펜;클로르페니라민말레산염;카페인무수물,product_authorized_ingredient_set_not_excerpt_attribution,NB,MFDS-NEDRUG-DETAIL,https://nedrug.mfds.go.kr/dsie/pdf/drb/199400202/NB,sha256:394dcb8cb13506733955aea7f804a9202c0f70d037f2ea37488eaf40831299f3,394dcb8cb13506733955aea7f804a9202c0f70d037f2ea37488eaf40831299f3,c0b3a1fc977e0949861c8c685508c174986b4d448d91404789d59b7321faf931,2026-07-14,2026-07-14T02:10:14.255342+00:00,"사용상의주의사항 PDF p.3, 문단 11","5) 바르비탈계 약물, 삼환계 항우울제 및 알코올을 투여한 환자는 다량의 아세트아미노펜을 대사시키는 능력",false,,,,false,,,,,acetaminophen_regular_alcohol_use,item_sequence=202106092|ingredient_id=ING-acetaminophen|flags=alcohol,음주와 함께 복용할 때 주의가 필요한 제품이 포함되어 있습니다.,음주 중 복용 전 약사 또는 의사와 상담하세요.,src/lib/otc/engine.ts:1044,,,provisional,inactive_candidate,machine_candidate_not_shortlisted,included,,true,location:OTC-V51-EU-d0f88df9fd4ea281;text:OTC-V51-TEXT-949c565446a70dbe,true,OTC-V51-EU-d0f88df9fd4ea281,true,OTC-V51-TEXT-949c565446a70dbe,,,
SAFE-OTC-11-NB-P3-B11-sedative_medication,OTC-V51-EU-d0f88df9fd4ea281,OTC-RULE-013,sedative_medication,released,high,SAFE-OTC-11,199400202,MFDS-199400202,판피린티정,ING-acetaminophen;ING-chlorpheniramine_maleate;ING-mf-src-dc293e7de142,아세트아미노펜;클로르페니라민말레산염;카페인무수물,product_authorized_ingredient_set_not_excerpt_attribution,NB,MFDS-NEDRUG-DETAIL,https://nedrug.mfds.go.kr/dsie/pdf/drb/199400202/NB,sha256:394dcb8cb13506733955aea7f804a9202c0f70d037f2ea37488eaf40831299f3,394dcb8cb13506733955aea7f804a9202c0f70d037f2ea37488eaf40831299f3,c0b3a1fc977e0949861c8c685508c174986b4d448d91404789d59b7321faf931,2026-07-14,2026-07-14T02:10:14.255342+00:00,"사용상의주의사항 PDF p.3, 문단 11","5) 바르비탈계 약물, 삼환계 항우울제 및 알코올을 투여한 환자는 다량의 아세트아미노펜을 대사시키는 능력",false,,,,false,,,,,pancol_a_sedative_or_overlapping_cold_medicine,item_sequence=196800036|flags=sedative_medication,진정 작용이 있는 약물과 함께 복용할 때 주의가 필요할 수 있습니다.,복용 전 약사 또는 의사와 상담하세요.,src/lib/otc/engine.ts:1077,,,provisional,inactive_candidate,machine_candidate_not_shortlisted,included,,true,location:OTC-V51-EU-d0f88df9fd4ea281;text:OTC-V51-TEXT-949c565446a70dbe,true,OTC-V51-EU-d0f88df9fd4ea281,true,OTC-V51-TEXT-949c565446a70dbe,,,
SAFE-OTC-11-NB-P3-B4-age_restriction,OTC-V51-EU-058431c96351c075,OTC-RULE-005,age_restriction,released,high,SAFE-OTC-11,199400202,MFDS-199400202,판피린티정,ING-acetaminophen;ING-chlorpheniramine_maleate;ING-mf-src-dc293e7de142,아세트아미노펜;클로르페니라민말레산염;카페인무수물,product_authorized_ingredient_set_not_excerpt_attribution,NB,MFDS-NEDRUG-DETAIL,https://nedrug.mfds.go.kr/dsie/pdf/drb/199400202/NB,sha256:394dcb8cb13506733955aea7f804a9202c0f70d037f2ea37488eaf40831299f3,394dcb8cb13506733955aea7f804a9202c0f70d037f2ea37488eaf40831299f3,c0b3a1fc977e0949861c8c685508c174986b4d448d91404789d59b7321faf931,2026-07-14,2026-07-14T02:10:14.255342+00:00,"사용상의주의사항 PDF p.3, 문단 4",(6) 소아에 대한 투여,false,,,,false,,,,,tylenol500_minimum_age_12,item_sequence=202106092|minimum_age_years=12,입력한 연령에 적용되는 제한 또는 별도 용량 기준이 있습니다.,소아·고령자 용법을 제품 허가사항과 전문가에게 확인하세요.,src/lib/otc/engine.ts:971,,,provisional,inactive_candidate,machine_candidate_not_shortlisted,included,,true,text:OTC-V51-TEXT-7a332babf9f29852,false,,true,OTC-V51-TEXT-7a332babf9f29852,,,
SAFE-OTC-11-NB-P3-B5-age_restriction,OTC-V51-EU-b536a66dafeffb07,OTC-RULE-005,age_restriction,released,high,SAFE-OTC-11,199400202,MFDS-199400202,판피린티정,ING-acetaminophen;ING-chlorpheniramine_maleate;ING-mf-src-dc293e7de142,아세트아미노펜;클로르페니라민말레산염;카페인무수물,product_authorized_ingredient_set_not_excerpt_attribution,NB,MFDS-NEDRUG-DETAIL,https://nedrug.mfds.go.kr/dsie/pdf/drb/199400202/NB,sha256:394dcb8cb13506733955aea7f804a9202c0f70d037f2ea37488eaf40831299f3,394dcb8cb13506733955aea7f804a9202c0f70d037f2ea37488eaf40831299f3,c0b3a1fc977e0949861c8c685508c174986b4d448d91404789d59b7321faf931,2026-07-14,2026-07-14T02:10:14.255342+00:00,"사용상의주의사항 PDF p.3, 문단 5","만2세 미만에게 투여하지 않는다. 다만, 꼭 필요한 경우 의사의 진료를 받는다.",false,,,,false,,,,,tylenol500_minimum_age_12,item_sequence=202106092|minimum_age_years=12,입력한 연령에 적용되는 제한 또는 별도 용량 기준이 있습니다.,소아·고령자 용법을 제품 허가사항과 전문가에게 확인하세요.,src/lib/otc/engine.ts:971,,,provisional,inactive_candidate,machine_candidate_not_shortlisted,included,,true,text:OTC-V51-TEXT-ec1695b4dce1da26,false,,true,OTC-V51-TEXT-ec1695b4dce1da26,,,
SAFE-OTC-11-NB-P3-B8-maximum_duration,OTC-V51-EU-5cce6b5535057b65,OTC-RULE-015,maximum_duration,draft,caution,SAFE-OTC-11,199400202,MFDS-199400202,판피린티정,ING-acetaminophen;ING-chlorpheniramine_maleate;ING-mf-src-dc293e7de142,아세트아미노펜;클로르페니라민말레산염;카페인무수물,product_authorized_ingredient_set_not_excerpt_attribution,NB,MFDS-NEDRUG-DETAIL,https://nedrug.mfds.go.kr/dsie/pdf/drb/199400202/NB,sha256:394dcb8cb13506733955aea7f804a9202c0f70d037f2ea37488eaf40831299f3,394dcb8cb13506733955aea7f804a9202c0f70d037f2ea37488eaf40831299f3,c0b3a1fc977e0949861c8c685508c174986b4d448d91404789d59b7321faf931,2026-07-14,2026-07-14T02:10:14.255342+00:00,"사용상의주의사항 PDF p.3, 문단 8",2) 장기간 계속 복용하지 말 것.,false,,,,false,,,,,pancol_a_continuous_use,scope_only_no_structured_binding,허가된 연속 복용 기간을 넘었을 수 있습니다.,증상이 지속되면 추가 복용 대신 약사 또는 의사와 상담하세요.,src/lib/otc/engine.ts:991,,,provisional,inactive_candidate,machine_candidate_not_shortlisted,included,,true,text:OTC-V51-TEXT-35426ad1efada9d0,false,,true,OTC-V51-TEXT-35426ad1efada9d0,,,
SAFE-OTC-11-NB-P3-B9-alcohol,OTC-V51-EU-ce62170b9a07c263,OTC-RULE-011,alcohol,released,high,SAFE-OTC-11,199400202,MFDS-199400202,판피린티정,ING-acetaminophen;ING-chlorpheniramine_maleate;ING-mf-src-dc293e7de142,아세트아미노펜;클로르페니라민말레산염;카페인무수물,product_authorized_ingredient_set_not_excerpt_attribution,NB,MFDS-NEDRUG-DETAIL,https://nedrug.mfds.go.kr/dsie/pdf/drb/199400202/NB,sha256:394dcb8cb13506733955aea7f804a9202c0f70d037f2ea37488eaf40831299f3,394dcb8cb13506733955aea7f804a9202c0f70d037f2ea37488eaf40831299f3,c0b3a1fc977e0949861c8c685508c174986b4d448d91404789d59b7321faf931,2026-07-14,2026-07-14T02:10:14.255342+00:00,"사용상의주의사항 PDF p.3, 문단 9",3) 복용시에는 음주하지 말 것.,false,,,,false,,,,,acetaminophen_regular_alcohol_use,item_sequence=202106092|ingredient_id=ING-acetaminophen|flags=alcohol,음주와 함께 복용할 때 주의가 필요한 제품이 포함되어 있습니다.,음주 중 복용 전 약사 또는 의사와 상담하세요.,src/lib/otc/engine.ts:1044,,,provisional,inactive_candidate,machine_candidate_not_shortlisted,included,,true,text:OTC-V51-TEXT-2aa6a1048d98b4b2,false,,true,OTC-V51-TEXT-2aa6a1048d98b4b2,,,
SAFE-OTC-12-NB-P1-B11-age_restriction,OTC-V51-EU-6b8f383f1a36579c,OTC-RULE-005,age_restriction,released,high,SAFE-OTC-12,198400250,MFDS-198400250,제일쿨파프,ING-mf-src-25b653f7fbe2;ING-mf-src-4a3225f1eb5d;ING-mf-src-76b6b5a5a31f;ING-mf-src-8bebf0ac75f4;ING-mf-src-e2b868294a4f,dl-캄파;박하유;L-멘톨;살리실산메틸;티몰,product_authorized_ingredient_set_not_excerpt_attribution,NB,MFDS-NEDRUG-DETAIL,https://nedrug.mfds.go.kr/dsie/pdf/drb/198400250/NB,sha256:7ece295164b10e58f41ced27c0e36ead02992fbf77d83c5247b110414bbe837a,7ece295164b10e58f41ced27c0e36ead02992fbf77d83c5247b110414bbe837a,685ff84a13127a96e22563ed8714ba821ff23c1992a6e284d82681703bab1416,2026-07-14,2026-07-14T02:10:14.255342+00:00,"사용상의주의사항 PDF p.1, 문단 11",5) 소아(경련을 유발할 수 있다),false,,,,false,,,,,tylenol500_minimum_age_12,item_sequence=202106092|minimum_age_years=12,입력한 연령에 적용되는 제한 또는 별도 용량 기준이 있습니다.,소아·고령자 용법을 제품 허가사항과 전문가에게 확인하세요.,src/lib/otc/engine.ts:971,,,provisional,inactive_candidate,machine_candidate_not_shortlisted,included,,true,text:OTC-V51-TEXT-447014b7c225f52c,false,,true,OTC-V51-TEXT-447014b7c225f52c,,,
SAFE-OTC-12-NB-P1-B12-pregnancy_lactation,OTC-V51-EU-79bd74ca255ad39d,OTC-RULE-006,pregnancy_lactation,released,high,SAFE-OTC-12,198400250,MFDS-198400250,제일쿨파프,ING-mf-src-25b653f7fbe2;ING-mf-src-4a3225f1eb5d;ING-mf-src-76b6b5a5a31f;ING-mf-src-8bebf0ac75f4;ING-mf-src-e2b868294a4f,dl-캄파;박하유;L-멘톨;살리실산메틸;티몰,product_authorized_ingredient_set_not_excerpt_attribution,NB,MFDS-NEDRUG-DETAIL,https://nedrug.mfds.go.kr/dsie/pdf/drb/198400250/NB,sha256:7ece295164b10e58f41ced27c0e36ead02992fbf77d83c5247b110414bbe837a,7ece295164b10e58f41ced27c0e36ead02992fbf77d83c5247b110414bbe837a,685ff84a13127a96e22563ed8714ba821ff23c1992a6e284d82681703bab1416,2026-07-14,2026-07-14T02:10:14.255342+00:00,"사용상의주의사항 PDF p.1, 문단 12",6) 임부 또는 임신하고 있을 가능성이 있는 여성,false,,,,false,,,,,ibuprofen_pregnancy_lactation,item_sequence=198601920|flags=pregnancy_lactation,임신 또는 수유 중 주의가 필요한 제품이 포함되어 있습니다.,복용 전 의사 또는 약사와 상담하세요.,src/lib/otc/engine.ts:1094,,,provisional,inactive_candidate,machine_candidate_not_shortlisted,included,,true,text:OTC-V51-TEXT-69922b32372950f4,false,,true,OTC-V51-TEXT-69922b32372950f4,,,
SAFE-OTC-12-NB-P1-B13-pregnancy_lactation,OTC-V51-EU-5ab8beaa94a69f19,OTC-RULE-006,pregnancy_lactation,released,high,SAFE-OTC-12,198400250,MFDS-198400250,제일쿨파프,ING-mf-src-25b653f7fbe2;ING-mf-src-4a3225f1eb5d;ING-mf-src-76b6b5a5a31f;ING-mf-src-8bebf0ac75f4;ING-mf-src-e2b868294a4f,dl-캄파;박하유;L-멘톨;살리실산메틸;티몰,product_authorized_ingredient_set_not_excerpt_attribution,NB,MFDS-NEDRUG-DETAIL,https://nedrug.mfds.go.kr/dsie/pdf/drb/198400250/NB,sha256:7ece295164b10e58f41ced27c0e36ead02992fbf77d83c5247b110414bbe837a,7ece295164b10e58f41ced27c0e36ead02992fbf77d83c5247b110414bbe837a,685ff84a13127a96e22563ed8714ba821ff23c1992a6e284d82681703bab1416,2026-07-14,2026-07-14T02:10:14.255342+00:00,"사용상의주의사항 PDF p.1, 문단 13",7) 수유부,false,,,,false,,,,,ibuprofen_pregnancy_lactation,item_sequence=198601920|flags=pregnancy_lactation,임신 또는 수유 중 주의가 필요한 제품이 포함되어 있습니다.,복용 전 의사 또는 약사와 상담하세요.,src/lib/otc/engine.ts:1094,,,provisional,inactive_candidate,machine_candidate_not_shortlisted,included,,true,text:OTC-V51-TEXT-e15644147190f757,false,,true,OTC-V51-TEXT-e15644147190f757,,,
SAFE-OTC-12-NB-P1-B19-age_restriction,OTC-V51-EU-f7b92328f21185aa,OTC-RULE-005,age_restriction,released,high,SAFE-OTC-12,198400250,MFDS-198400250,제일쿨파프,ING-mf-src-25b653f7fbe2;ING-mf-src-4a3225f1eb5d;ING-mf-src-76b6b5a5a31f;ING-mf-src-8bebf0ac75f4;ING-mf-src-e2b868294a4f,dl-캄파;박하유;L-멘톨;살리실산메틸;티몰,product_authorized_ingredient_set_not_excerpt_attribution,NB,MFDS-NEDRUG-DETAIL,https://nedrug.mfds.go.kr/dsie/pdf/drb/198400250/NB,sha256:7ece295164b10e58f41ced27c0e36ead02992fbf77d83c5247b110414bbe837a,7ece295164b10e58f41ced27c0e36ead02992fbf77d83c5247b110414bbe837a,685ff84a13127a96e22563ed8714ba821ff23c1992a6e284d82681703bab1416,2026-07-14,2026-07-14T02:10:14.255342+00:00,"사용상의주의사항 PDF p.1, 문단 19",2) 소아에게 사용할 경우에는 보호자의 지도ㆍ감독하에 사용한다.,false,,,,false,,,,,tylenol500_minimum_age_12,item_sequence=202106092|minimum_age_years=12,입력한 연령에 적용되는 제한 또는 별도 용량 기준이 있습니다.,소아·고령자 용법을 제품 허가사항과 전문가에게 확인하세요.,src/lib/otc/engine.ts:971,,,provisional,inactive_candidate,machine_candidate_not_shortlisted,included,,false,,false,,false,,,,
SAFE-OTC-12-NB-P1-B20-maximum_duration,OTC-V51-EU-3bb6f96d56cfe883,OTC-RULE-015,maximum_duration,draft,caution,SAFE-OTC-12,198400250,MFDS-198400250,제일쿨파프,ING-mf-src-25b653f7fbe2;ING-mf-src-4a3225f1eb5d;ING-mf-src-76b6b5a5a31f;ING-mf-src-8bebf0ac75f4;ING-mf-src-e2b868294a4f,dl-캄파;박하유;L-멘톨;살리실산메틸;티몰,product_authorized_ingredient_set_not_excerpt_attribution,NB,MFDS-NEDRUG-DETAIL,https://nedrug.mfds.go.kr/dsie/pdf/drb/198400250/NB,sha256:7ece295164b10e58f41ced27c0e36ead02992fbf77d83c5247b110414bbe837a,7ece295164b10e58f41ced27c0e36ead02992fbf77d83c5247b110414bbe837a,685ff84a13127a96e22563ed8714ba821ff23c1992a6e284d82681703bab1416,2026-07-14,2026-07-14T02:10:14.255342+00:00,"사용상의주의사항 PDF p.1, 문단 20",3) 5∼6일간 투여 후에도 증상의 개선이 보이지 않을 경우에는 사용을 중지하고 약사 또는 의사와 상의한,false,,,,false,,,,,pancol_a_continuous_use,scope_only_no_structured_binding,허가된 연속 복용 기간을 넘었을 수 있습니다.,증상이 지속되면 추가 복용 대신 약사 또는 의사와 상담하세요.,src/lib/otc/engine.ts:991,,,provisional,inactive_candidate,machine_candidate_not_shortlisted,included,,false,,false,,false,,,,
SAFE-OTC-13-NB-P1-B11-age_restriction,OTC-V51-EU-65fba105181dbce6,OTC-RULE-005,age_restriction,released,high,SAFE-OTC-13,200501321,MFDS-200501321,신신파스아렉스,ING-mf-src-25b653f7fbe2;ING-mf-src-4a3225f1eb5d;ING-mf-src-76b6b5a5a31f;ING-mf-src-7b94fcb9d067;ING-mf-src-8bebf0ac75f4;ING-mf-src-a7ea13276326;ING-mf-src-d142ee358812,dl-캄파;박하유;L-멘톨;산화아연;살리실산메틸;니코틴산벤질(피리딘-베타-카르복실산벤질에스테르);노닐산바닐릴아미드,product_authorized_ingredient_set_not_excerpt_attribution,NB,MFDS-NEDRUG-DETAIL,https://nedrug.mfds.go.kr/dsie/pdf/drb/200501321/NB,sha256:5dde7046aecf43f233d2a3372f79adde3ebd261a02dc03bb0b43de16a67f36fa,5dde7046aecf43f233d2a3372f79adde3ebd261a02dc03bb0b43de16a67f36fa,7ab01dc096141671dcf6ae02b90d4662095f236ffc2a3fe8337c10405b130a09,2026-07-14,2026-07-14T02:10:14.255342+00:00,"사용상의주의사항 PDF p.1, 문단 11",5) 소아(경련을 유발할 수 있다),false,,,,false,,,,,tylenol500_minimum_age_12,item_sequence=202106092|minimum_age_years=12,입력한 연령에 적용되는 제한 또는 별도 용량 기준이 있습니다.,소아·고령자 용법을 제품 허가사항과 전문가에게 확인하세요.,src/lib/otc/engine.ts:971,,,rejected,inactive_candidate,analysis_excluded_product,excluded,ambiguous_authorized_package_size,true,text:OTC-V51-TEXT-447014b7c225f52c,false,,true,OTC-V51-TEXT-447014b7c225f52c,,,
SAFE-OTC-13-NB-P1-B12-pregnancy_lactation,OTC-V51-EU-64d1f2e84a6a98eb,OTC-RULE-006,pregnancy_lactation,released,high,SAFE-OTC-13,200501321,MFDS-200501321,신신파스아렉스,ING-mf-src-25b653f7fbe2;ING-mf-src-4a3225f1eb5d;ING-mf-src-76b6b5a5a31f;ING-mf-src-7b94fcb9d067;ING-mf-src-8bebf0ac75f4;ING-mf-src-a7ea13276326;ING-mf-src-d142ee358812,dl-캄파;박하유;L-멘톨;산화아연;살리실산메틸;니코틴산벤질(피리딘-베타-카르복실산벤질에스테르);노닐산바닐릴아미드,product_authorized_ingredient_set_not_excerpt_attribution,NB,MFDS-NEDRUG-DETAIL,https://nedrug.mfds.go.kr/dsie/pdf/drb/200501321/NB,sha256:5dde7046aecf43f233d2a3372f79adde3ebd261a02dc03bb0b43de16a67f36fa,5dde7046aecf43f233d2a3372f79adde3ebd261a02dc03bb0b43de16a67f36fa,7ab01dc096141671dcf6ae02b90d4662095f236ffc2a3fe8337c10405b130a09,2026-07-14,2026-07-14T02:10:14.255342+00:00,"사용상의주의사항 PDF p.1, 문단 12",6) 임부 또는 임신하고 있을 가능성이 있는 여성,false,,,,false,,,,,ibuprofen_pregnancy_lactation,item_sequence=198601920|flags=pregnancy_lactation,임신 또는 수유 중 주의가 필요한 제품이 포함되어 있습니다.,복용 전 의사 또는 약사와 상담하세요.,src/lib/otc/engine.ts:1094,,,rejected,inactive_candidate,analysis_excluded_product,excluded,ambiguous_authorized_package_size,true,text:OTC-V51-TEXT-69922b32372950f4,false,,true,OTC-V51-TEXT-69922b32372950f4,,,
SAFE-OTC-13-NB-P1-B13-pregnancy_lactation,OTC-V51-EU-50311732776225e2,OTC-RULE-006,pregnancy_lactation,released,high,SAFE-OTC-13,200501321,MFDS-200501321,신신파스아렉스,ING-mf-src-25b653f7fbe2;ING-mf-src-4a3225f1eb5d;ING-mf-src-76b6b5a5a31f;ING-mf-src-7b94fcb9d067;ING-mf-src-8bebf0ac75f4;ING-mf-src-a7ea13276326;ING-mf-src-d142ee358812,dl-캄파;박하유;L-멘톨;산화아연;살리실산메틸;니코틴산벤질(피리딘-베타-카르복실산벤질에스테르);노닐산바닐릴아미드,product_authorized_ingredient_set_not_excerpt_attribution,NB,MFDS-NEDRUG-DETAIL,https://nedrug.mfds.go.kr/dsie/pdf/drb/200501321/NB,sha256:5dde7046aecf43f233d2a3372f79adde3ebd261a02dc03bb0b43de16a67f36fa,5dde7046aecf43f233d2a3372f79adde3ebd261a02dc03bb0b43de16a67f36fa,7ab01dc096141671dcf6ae02b90d4662095f236ffc2a3fe8337c10405b130a09,2026-07-14,2026-07-14T02:10:14.255342+00:00,"사용상의주의사항 PDF p.1, 문단 13",7) 수유부,false,,,,false,,,,,ibuprofen_pregnancy_lactation,item_sequence=198601920|flags=pregnancy_lactation,임신 또는 수유 중 주의가 필요한 제품이 포함되어 있습니다.,복용 전 의사 또는 약사와 상담하세요.,src/lib/otc/engine.ts:1094,,,rejected,inactive_candidate,analysis_excluded_product,excluded,ambiguous_authorized_package_size,true,text:OTC-V51-TEXT-e15644147190f757,false,,true,OTC-V51-TEXT-e15644147190f757,,,
SAFE-OTC-13-NB-P1-B16-maximum_duration,OTC-V51-EU-a8e09447c5abbe53,OTC-RULE-015,maximum_duration,draft,caution,SAFE-OTC-13,200501321,MFDS-200501321,신신파스아렉스,ING-mf-src-25b653f7fbe2;ING-mf-src-4a3225f1eb5d;ING-mf-src-76b6b5a5a31f;ING-mf-src-7b94fcb9d067;ING-mf-src-8bebf0ac75f4;ING-mf-src-a7ea13276326;ING-mf-src-d142ee358812,dl-캄파;박하유;L-멘톨;산화아연;살리실산메틸;니코틴산벤질(피리딘-베타-카르복실산벤질에스테르);노닐산바닐릴아미드,product_authorized_ingredient_set_not_excerpt_attribution,NB,MFDS-NEDRUG-DETAIL,https://nedrug.mfds.go.kr/dsie/pdf/drb/200501321/NB,sha256:5dde7046aecf43f233d2a3372f79adde3ebd261a02dc03bb0b43de16a67f36fa,5dde7046aecf43f233d2a3372f79adde3ebd261a02dc03bb0b43de16a67f36fa,7ab01dc096141671dcf6ae02b90d4662095f236ffc2a3fe8337c10405b130a09,2026-07-14,2026-07-14T02:10:14.255342+00:00,"사용상의주의사항 PDF p.1, 문단 16",2) 5-6일간 사용하여도 증상이 개선되지 않는 경우,false,,,,false,,,,,pancol_a_continuous_use,scope_only_no_structured_binding,허가된 연속 복용 기간을 넘었을 수 있습니다.,증상이 지속되면 추가 복용 대신 약사 또는 의사와 상담하세요.,src/lib/otc/engine.ts:991,,,rejected,inactive_candidate,analysis_excluded_product,excluded,ambiguous_authorized_package_size,false,,false,,false,,,,
